,Dzyga BOX,,,,,,
‚Ññ –ø/–ø,–ù–∞–∑–≤–∞,"–í–∏—Ö—ñ–¥ –Ω–∞ —Å—Ç—ñ–ª, –ø–æ—Ä—Ü—ñ—è/–≤–∞–≥–∞, –≥—Ä.",–ö—ñ–ª-—Å—Ç—å –ø–æ—Ä—Ü—ñ–π,"–¶—ñ–Ω–∞, –≥—Ä–Ω","–°—É–º–∞, –≥—Ä–Ω",,
,–•–æ–ª–æ–¥–Ω—ñ –∑–∞–∫—É—Å–∫–∏,,,,,,
1,Healthy box,875,,"1¬†295,00 –≥—Ä–Ω.","0,00 –≥—Ä–Ω.",,
,"–ë—Ä—É—Å–∫–µ—Ç–∞ –∑ —Ö—É–º—É—Å–æ–º, –º–∞—Å–ª–∏–Ω–∞–º–∏ —Ç–∞ –æ–ª–∏–≤–∫–∞–º–∏",40,5,,,,
,–ë—Ä—É—Å–∫–µ—Ç–∞ —ñ–∑ –∑–∞–ø–µ—á–µ–Ω–∏–º –ø–µ—Ä—Ü–µ–º —Ç–∞ –±–∞–ª—å–∑–∞–º—ñ—á–Ω–∏–º —Å–æ—É—Å–æ–º,50,5,,,,
,–ë—Ä—É—Å–∫–µ—Ç–∞ –∑ –∞–≤–æ–∫–∞–¥–æ —Ç–∞ –≤'—è–ª–µ–Ω–∏–º —Ç–æ–º–∞—Ç–æ–º,50,5,,,,
,–°–æ—Ç–µ —ñ–∑ –∑–∞–ø–µ—á–µ–Ω–∏—Ö –æ–≤–æ—á—ñ–≤ –Ω–∞ —Å–µ—Ä–≤—ñ—Ä–æ–≤–∞–Ω—ñ–π –ª–æ–∂—Ü—ñ,35,5,,,,
2,–ë–æ–∫—Å —ñ–∑ –ø—Ä–æ—Ñ—ñ—Ç—Ä–æ–ª—è–º–∏,700,,"1¬†688,00 –≥—Ä–Ω.","0,00 –≥—Ä–Ω.",,
,–ü—Ä–æ—Ñ—ñ—Ç—Ä–æ–ª—å –∑ –∫–æ–ø—á–µ–Ω–æ—é —Ñ–æ—Ä–µ–ª–ª—é —Ç–∞ –∑–µ–ª–µ–Ω–Ω—é,35,5,,,,
,–ü—Ä–æ—Ñ—ñ—Ç—Ä–æ–ª—å –∑ —ñ–Ω–¥–∏—á–∫–æ—é —Ç–∞ —à–∏–Ω–∫–æ—é,35,5,,,,
,–ü—Ä–æ—Ñ—ñ—Ç—Ä–æ–ª—å –∑ –∫—É—Ä—è—á–∏–º –ø–∞—à—Ç–µ—Ç–æ–º —Ç–∞ –∫–æ—Ä–Ω—ñ—à–æ–Ω–∞–º–∏,35,5,,,,
,–ü—Ä–æ—Ñ—ñ—Ç—Ä–æ–ª—å –∑ –ø–µ—á–µ—Ä–∏—Ü—è–º–∏ —Ç–∞ –≤–µ—Ä—à–∫–æ–≤–∏–º —Å–∏—Ä–æ–º,35,5,,,,
3,–ö—ñ—à –õ–æ—Ä–µ–Ω –±–æ–∫—Å,875,,"1¬†884,00 –≥—Ä–Ω.","0,00 –≥—Ä–Ω.",,
,–ö—ñ—à –ª–æ—Ä–µ–Ω –∑ –±–µ–∫–æ–Ω–æ–º —Ç–∞ —Ü—É–∫—ñ–Ω—ñ,40,7,,,,
,–ö—ñ—à –ª–æ—Ä–µ–Ω –∑ –ª–æ—Å–æ—Å–µ–º —Ç–∞ —à–ø–∏–Ω–∞—Ç–æ–º,40,7,,,,
,–ö—ñ—à –ª–æ—Ä–µ–Ω –∑ –∫—É—Ä–∫–æ—é —Ç–∞ –≥—Ä–∏–±–∞–º–∏,45,7,,,,
4,Smart box,725,,"1¬†752,00 –≥—Ä–Ω.","0,00 –≥—Ä–Ω.",,
,–ó–∞–∫—É—Å–∫–∞ –∑ —Ç–µ–ª—è—Ç–∏–Ω–∏ —Å—É-–≤—ñ–¥ –∑ —Ä—É–∫–æ–ª–æ—é —Ç–∞ —Ä–∏—Å–æ–º —É –ª–∏—Å—Ç—ñ –Ω–æ—Ä—ñ,30,5,,,,
,–ö–∞–Ω–∞–ø–µ –∑ –∫–æ–ø—á–µ–Ω–∏–º –±–∞–ª–∏–∫–æ–º —Ç–∞ –ø—ñ–≤—Å—Ñ–µ—Ä–æ—é –∑ –º–∞–Ω–≥–æ,35,5,,,,
,"–ó–∞–∫—É—Å–∫–∞ –∑ —Å–∏—Ä—É –º–∞–∞—Å–¥–∞–º, –∫—Ä–µ–≤–µ—Ç–∫–æ—é —Ç–∞ —Å–æ—É—Å–æ–º –∫–∞—Ä—Ä—ñ",10/15/5,5,,,,
,–ú—É—Å —ñ–∑ —Ç—É–Ω—Ü—è –≤ —Ç–∞—Ä—Ç–∞–ª–µ—Ç—Ü—ñ,50,5,,,,
5,Snacks box,1125,,"2¬†749,00 –≥—Ä–Ω.","0,00 –≥—Ä–Ω.",,
,–ë—Ä—É—Å–∫–µ—Ç–∞ –∑ —Ç–∞—Ä—Ç–∞—Ä–æ–º —ñ–∑ –ª–æ—Å–æ—Å—è,60,5,,,,
,–ë—Ä—É—Å–∫–µ—Ç–∞ –∑ –∞–≤–æ–∫–∞–¥–æ —Ç–∞ —Ç–∏–≥—Ä–æ–≤–æ—é –∫—Ä–µ–≤–µ—Ç–∫–æ—é,60,5,,,,
,–ë—Ä—É—Å–∫–µ—Ç–∞ –∑ –≥—Ä—ñ–Ω–æ–∫ –∑ –ø–∞—Ä–º—Å—å–∫–æ—é —à–∏–Ω–∫–æ—é —Ç–∞ —Ç–æ–º–∞—Ç–∞–º–∏ –∫–æ–Ω—Ñ—ñ.,10/25/10,5,,,,
,–ë—Ä—É—Å–∫–µ—Ç–∞ –∑ –∫—É—Ä—è—á–∏–º –≤'—è–ª–µ–Ω–∏–º —Ñ—ñ–ª–µ —Ç–∞ –º–∞–ª–∏–Ω–æ–≤–æ—é –ø—ñ–≤—Å—Ñ–µ—Ä–æ—é,60,5,,,,
6,Meat box,775,,"1¬†833,00 –≥—Ä–Ω.","0,00 –≥—Ä–Ω.",,
,–§—ñ–Ω—ñ–∫ —ñ–∑ –≤–µ—Ä—à–∫–æ–≤–∏–º —Å–∏—Ä–æ–º —Ç–∞ —Å–ª–∞–π—Å–æ–º —Ö–∞–º–æ–Ω—É,25,5,,,,
,–Ü—Å–ø–∞–Ω—Å—å–∫–∏–π —Ö–∞–º–æ–Ω —Å–ª–∞–π—Å –º–∞–Ω–≥–æ –≥—Ä–∏–ª—å –∑—ñ —Å–º–æ—Ä–æ–¥–∏–Ω–æ–≤–∏–º —Å–æ—É—Å–æ–º,35,5,,,,
,"–ö–∞–ø—Ä–µ–∑–µ –∑ —Ö–∞–º–æ–Ω–æ–º: –±–µ–±—ñ-–º–æ—Ü–∞—Ä–µ–ª–ª–∞, —á–µ—Ä—ñ-—Ç–æ–º–∞—Ç —Ç–∞ —Å–æ—É—Å –ø–µ—Å—Ç–æ",60,5,,,,
,–ì—Ä—É—à–∞ —ñ–∑ —Å–ª–∞–π—Å–æ–º –ø—Ä–æ—à—É—Ç—Ç–æ –∑ —Å–æ—É—Å–æ–º —à–∞—Ñ—Ä–∞–Ω,35,5,,,,
7,–ë—Ä—É—Å–∫–µ—Ç–∞ –±–æ–∫—Å,850,,"1¬†505,00 –≥—Ä–Ω.","0,00 –≥—Ä–Ω.",,
,"–ë—Ä—É—Å–∫–µ—Ç–∞ –∑ –∫–æ–ø—á–µ–Ω–æ—é –≥—Ä—É–¥–∏–Ω–∫–æ—é, –ø–æ–º—ñ–¥–æ—Ä–∞–º–∏ —á–µ—Ä—ñ —Ç–∞ –ø—ñ–≤—Å—Ñ–µ—Ä–æ—é –∑ –º–∞–Ω–≥–æ",45,5,,,,
,–ë—Ä—É—Å–∫–µ—Ç–∞ –∑ —Å–∏—Ä–æ–º –¥–æ—Ä –±–ª—é —Ç–∞ —Å–∫–∏–±–æ—á–∫–∞–º–∏ –∫–∞—Ä–∞–º–µ–ª—ñ–∑–æ–≤–∞–Ω–æ—ó –≥—Ä—É—à—ñ,45,5,,,,
,–ë—Ä—É—Å–∫–µ—Ç–∞ –∑ —ñ—Å–ø–∞–Ω—Å—å–∫–∏–º —Ö–∞–º–æ–Ω–æ–º —Ç–∞ –≥—Ä—É—à–µ—é,45,5,,,,
,"–ë—Ä—É—Å–∫–µ—Ç–∞ –∑ —Å–∞–ª—è–º—ñ, —Ç–æ–º–∞—Ç–æ–º –∫–æ–Ω—Ñ—ñ —Ç–∞ —Å–ª–∞–π—Å–æ–º –ø–∞—Ä–º–µ–∑–∞–Ω—É",35,5,,,,
8,–ë–æ–∫—Å —ñ–∑ —Ä–∏–±–Ω–∏–º–∏ –∑–∞–∫—É—Å–∫–∞–º–∏,825,,"1¬†884,00 –≥—Ä–Ω.","0,00 –≥—Ä–Ω.",,
,–ë—Ä—É—Å–∫–µ—Ç–∞ –∑—ñ —Å–∫—É–º–±—Ä—ñ—î—é –Ω–∞ –ø–æ–¥—É—à—Ü—ñ –∑ –≥—Ä–µ–π–ø—Ñ—Ä—É—Ç–∞ —Ç–∞ —Å–∏—Ä—É –§—ñ–ª–∞–¥–µ–ª—å—Ñ—ñ—ó,45,5,,,,
,"–¢–∞–ø–∞—Å —ñ–∑ —Å–∏—Ä—É –ø–∞—Ä–º–µ–∑–∞–Ω –∑ –æ–ª–∏–≤–∫–∞–º–∏, –∞–Ω—á–æ—É—Å–æ–º —Ç–∞ –∑–µ–ª–µ–Ω–Ω—é",15/15/5,5,,,,
,–ë—Ä—É—Å–∫–µ—Ç–∞ –∑ —Å–∫–∏–±–æ—á–∫–∞–º–∏ –æ–ª—ñ–π–Ω–æ—ó —Ä–∏–±–∏ –∑ –º–∞—Ä–∏–Ω–æ–≤–∞–Ω–∏–º —ñ–º–±–∏—Ä–æ–º,45,5,,,,
,–ù—ñ–∂–Ω–µ —Ñ—ñ–ª–µ —Å–ª–∞–±–æ—Å–æ–ª–æ–Ω–æ–≥–æ –ª–æ—Å–æ—Å—è –Ω–∞ —Ç–æ—Å—Ç—ñ –∑ –º–æ–ª–µ–∫—É–ª—è—Ä–Ω–æ—é —ñ–∫—Ä–æ—é,40,5,,,,
9,–ö—Ä—É–∞—Å–∞–Ω —Å–µ—Ç,1800,,"2¬†229,00 –≥—Ä–Ω.","0,00 –≥—Ä–Ω.",,
,"–ö—Ä—É–∞—Å–∞–Ω —ñ–∑ –∑–∞–ø–µ—á–µ–Ω–æ—é –∫—É—Ä–∫–æ—é —Å—É-–≤—ñ–¥, —Ç–æ–º–∞—Ç–∞–º–∏, –ª–∏—Å—Ç —Å–∞–ª–∞—Ç—É, —Å–æ—É—Å",150,4,,,,
,"–ö—Ä—É–∞—Å–∞–Ω –∑—ñ —Å–ª–∞–π—Å–æ–º —à–∏–Ω–∫–∏, —Å–∏—Ä–æ–º, —Å–≤—ñ–∂–∏–º–∏ –æ–≤–æ—á–∞–º–∏, –º—ñ–∫—Å —Å–∞–ª–∞—Ç—É, —Å–æ—É—Å",150,4,,,,
,–ö—Ä—É–∞—Å–∞–Ω –∑—ñ —Å–ª–∞–±–æ—Å–æ–ª–µ–Ω–∏–º –ª–æ—Å–æ—Å–µ–º —ñ–∑ —Å–æ—É—Å–æ–º —Ç–∞—Ä-—Ç–∞—Ä —Ç–∞ –ª–∏—Å—Ç —Å–∞–ª–∞—Ç—É,150,4,,,,
10,–ë—É—Ä–≥–µ—Ä –±–æ–∫—Å,2400,,"3¬†222,00 –≥—Ä–Ω.","0,00 –≥—Ä–Ω.",,
,–ë—É—Ä–≥–µ—Ä —ñ–∑ —Ç–µ–ª—è—Ç–∏–Ω–æ—é,200,4,,,,
,–ë—É—Ä–≥–µ—Ä —ñ–∑ –∫—É—Ä–∫–æ—é,200,4,,,,
,–ë—É—Ä–≥–µ—Ä —ñ–∑ –∑–∞–ø–µ—á–µ–Ω–∏–º–∏ –æ–≤–æ—á–∞–º–∏,200,4,,,,
11,–ú—ñ–Ω—ñ-–∫—Ä—É–∞—Å–∞–Ω —Å–µ—Ç,650,,"1¬†521,00 –≥—Ä–Ω.","0,00 –≥—Ä–Ω.",,
,"–ú—ñ–Ω—ñ-–∫—Ä—É–∞—Å–∞–Ω: —Å–∞–ª—è–º—ñ, –∫–æ—Ä–Ω—ñ—à–æ–Ω, –∞–º–µ—Ä–∏–∫–∞–Ω—Å—å–∫–∞ –≥—ñ—Ä—á–∏—Ü—è, –ª–∏—Å—Ç —Å–∞–ª–∞—Ç—É",40,5,,,,
,"–ú—ñ–Ω—ñ-–∫—Ä—É–∞—Å–∞–Ω: –∞–Ω–∞–Ω–∞—Å, —Ö–∞–º–æ–Ω, –º–µ–¥–æ–≤–æ-–≥—ñ—Ä—á–∏—á–Ω–∏–π —Å–æ—É—Å, –ª–∏—Å—Ç —Å–∞–ª–∞—Ç—É",45,5,,,,üçØ –ú–µ–¥ —Ç–∞ –ø—Ä–æ–¥—É–∫—Ç–∏ –∑ –Ω—å–æ–≥–æ
,"–ú—ñ–Ω—ñ-–∫—Ä—É–∞—Å–∞–Ω: –∫–æ–ø—á–µ–Ω–∞ –∫—É—Ä–∫–∞, –æ–≥—ñ—Ä–æ–∫, —Å–æ—É—Å —Ç–∞—Ä-—Ç–∞—Ä, –ª–∏—Å—Ç —Å–∞–ª–∞—Ç—É",45,5,,,,
12,–ú—ñ–Ω—ñ-–±—É—Ä–≥–µ—Ä –±–æ–∫—Å,1050,,"1¬†668,00 –≥—Ä–Ω.","0,00 –≥—Ä–Ω.",,
,"–ú—ñ–Ω—ñ-–±—É—Ä–≥–µ—Ä: –ª–æ—Å–æ—Å—å, –æ–≥—ñ—Ä–æ–∫ —Å–≤—ñ–∂–∏–π, –ª–∏—Å—Ç —Å–∞–ª–∞—Ç—É, —Å–æ—É—Å –¢–∞—Ä-—Ç–∞—Ä",50,5,,,,
,"–ú—ñ–Ω—ñ-–±—É—Ä–≥–µ—Ä: —Ç–µ–ª—è—Ç–∏–Ω–∞, —Å–∏—Ä –ß–µ–¥–¥–µ—Ä, –ª–∏—Å—Ç —Å–∞–ª–∞—Ç—É, —Å–æ–ª–æ–Ω–∏–π –æ–≥—ñ—Ä–æ–∫, –º–∞–π–æ–Ω–µ–∑, –∫–µ—Ç—á—É–ø",55,5,,,,
,"–ú—ñ–Ω—ñ-–±—É—Ä–≥–µ—Ä: –∫—É—Ä–∫–∞, —Å–∏—Ä –ß–µ–¥–¥–µ—Ä, –ª–∏—Å—Ç —Å–∞–ª–∞—Ç—É, —Å–æ–ª–æ–Ω–∏–π –æ–≥—ñ—Ä–æ–∫, –º–∞–π–æ–Ω–µ–∑, –∫–µ—Ç—á—É–ø",55,5,,,,
,"–ú—ñ–Ω—ñ-–±—É—Ä–≥–µ—Ä: –∑–∞–ø–µ—á–µ–Ω—ñ –æ–≤–æ—á—ñ, –ª–∏—Å—Ç —Å–∞–ª–∞—Ç—É, –π–æ–≥—É—Ä—Ç, —Å–æ—É—Å –ü–µ—Å—Ç–æ",50,5,,,,
13,–°–µ–Ω–¥–≤—ñ—á —Å–µ—Ç,1500,,"1¬†392,00 –≥—Ä–Ω.","0,00 –≥—Ä–Ω.",,
,"–°–µ–Ω–¥–≤—ñ—á: —Ç–æ—Å—Ç–æ–≤–∏–π —Ö–ª—ñ–±, —à–∏–Ω–∫–∞, —Å–∏—Ä, –ø–æ–º—ñ–¥–æ—Ä, –º–∞–π–æ–Ω–µ–∑, –∫–µ—Ç—á—É–ø, –∑–µ–ª–µ–Ω—å",100,5,,,,
,–°–µ–Ω–¥–≤—ñ—á —ñ–∑ –∑–∞–ø–µ—á–µ–Ω–∏–º–∏ –æ–≤–æ—á–∞–º–∏ —Ç–∞ –π–æ–≥—É—Ä—Ç–æ–≤–∏–º —Å–æ—É—Å–æ–º,100,5,,,,
,"–°–µ–Ω–¥–≤—ñ—á: –∑–∞–ø–µ—á–µ–Ω–µ –∫—É—Ä—è—á–µ —Ñ—ñ–ª–µ, —Å–∏—Ä, —Å–ª–∞–π—Å –æ–≥—ñ—Ä–∫–∞ —Ç–∞ –ª–∏—Å—Ç —Å–∞–ª–∞—Ç—É",100,5,,,,
14,–ë–æ–∫—Å —ñ–∑ –º–ª–∏–Ω—Ü—è–º–∏,1400,,"1¬†800,00 –≥—Ä–Ω.","0,00 –≥—Ä–Ω.",,
,–ú–ª–∏–Ω–µ—Ü—å –∑ —Å–ª–æ–±–æ—Å–æ–ª–µ–Ω–æ—é —Å—å–æ–º–≥–æ—é —ñ –≤–µ—Ä—à–∫–æ–≤–∏–º —Å–∏—Ä–æ–º,40/30,5,,,,
,–ú–ª–∏–Ω–µ—Ü—å –∑ —à–∏–Ω–∫–æ—é —ñ –≤–µ—Ä—à–∫–æ–≤–∏–º —Å–∏—Ä–æ–º,40/30,5,,,,
,–ú–ª–∏–Ω–µ—Ü—å –∑ –∫—É—Ä—è—á–∏–º –ø–∞—Ç–µ —ñ —Å–∫–∏–±–æ—á–∫–∞–º–∏ —è–≥—ñ–¥–Ω–æ–≥–æ –º–∞—Ä–º–µ–ª–∞–¥—É,40/30,5,,,,
,–ú–ª–∏–Ω–µ—Ü—å –∑ —Å–∏—Ä–Ω–∏–º –º—É—Å–æ–º —ñ –∑–µ–ª–µ–Ω–Ω—é,40/30,5,,,,
15,–ë–æ–∫—Å —ñ–∑ —Å–∏—Ä–Ω–∏–º–∏ –∫—É–ª—å–∫–∞–º–∏,700,,"1¬†655,00 –≥—Ä–Ω.","0,00 –≥—Ä–Ω.",,
,–°–∏—Ä–Ω–∞ –∫—É–ª—å–∫–∞ —ñ–∑ –∑–µ–ª–µ–Ω–Ω—é,35,5,,,,"ü•ú –ì–æ—Ä—ñ—Ö–∏, üå∞ –ß–∞—Å–Ω–∏–∫ —Ç–∞ –ø—Ä–æ–¥—É–∫—Ç–∏ –∑ –Ω–∏—Ö"
,–°–∏—Ä–Ω–∞ –∫—É–ª—å–∫–∞ –∑ –ø–∞–ø—Ä–∏–∫–æ—é,35,5,,,,"ü•ú –ì–æ—Ä—ñ—Ö–∏, üå∞ –ß–∞—Å–Ω–∏–∫ —Ç–∞ –ø—Ä–æ–¥—É–∫—Ç–∏ –∑ –Ω–∏—Ö"
,–°–∏—Ä–Ω–∞ –∫—É–ª—å–∫–∞ –∑ –ª–æ—Å–æ—Å–µ–º,35,5,,,,üå∞ –ß–∞—Å–Ω–∏–∫ —Ç–∞ –ø—Ä–æ–¥—É–∫—Ç–∏ –∑ –Ω—å–æ–≥–æ
,–°–∏—Ä–Ω–∞ –∫—É–ª—å–∫–∞ –∑ –º–∞—Ä–∏–Ω–æ–≤–∞–Ω–∏–º–∏ –≥—Ä–∏–±–æ—á–∫–∞–º–∏ —Ç–∞ –º–æ—Ä–∫–≤–æ—é –ø–æ-–∫–æ—Ä–µ–π—Å—å–∫–∏,35,5,,,,üå∞ –ß–∞—Å–Ω–∏–∫ —Ç–∞ –ø—Ä–æ–¥—É–∫—Ç–∏ –∑ –Ω—å–æ–≥–æ
16,Gourmet Fusion,1175,,"2¬†152,00 –≥—Ä–Ω.","0,00 –≥—Ä–Ω.",,
,–ö–∞–Ω–∞–ø–µ –∑ –∫–∞—á–∫–æ—é —Ç–∞ –∫–∞—Ä–∞–º–µ–ª—ñ–∑–æ–≤–∞–Ω–∏–º –≥–∞—Ä–±—É–∑–æ–º,60,5,,,,
,–ö–∞–Ω–∞–ø–µ –∑ –≤–∏—à–Ω–µ–≤–∏–º –º–∞—Ä–º–µ–ª–∞–¥–æ–º —Ç–∞ —Å–≤–∏–Ω–∏–Ω–æ—é,60,5,,,,
,–ö–∞–Ω–∞–ø–µ –∑ –∫—É—Ä—è—á–∏–º —Ñ—ñ–ª–µ –≥—Ä–∏–ª—å —Ç–∞ —è–±–ª—É—á–Ω–æ—é –º–æ–ª–µ–∫—É–ª—è—Ä–Ω–æ—é –Ω–∞–ø—ñ–≤—Å—Ñ–µ—Ä–æ—é,55,5,,,,
,–ö–∞–Ω–∞–ø–µ –∑ –∞–≤–æ–∫–∞–¥–æ —Ç–∞ –±—É—Ä—è–∫–æ–≤–∏–º —Ö—É–º—É—Å–æ–º,60,5,,,,
17,Chicken box,1025,,"1¬†833,00 –≥—Ä–Ω.","0,00 –≥—Ä–Ω.",,
,–ö–∞–Ω–∞–ø–µ –∑ –∫—É—Ä—è—á–∏–º–∏ —Ñ—Ä—ñ–ø—Å–∞–º–∏ —Ç–∞ —Å–æ—É—Å–æ–º –¢–∞—Ä-—Ç–∞—Ä,50,5,,,,
,–ö–∞–Ω–∞–ø–µ –∑ –∫—É—Ä—è—á–∏–º —Ñ—ñ–ª–µ —Ç–∞ —Å–∞–ª–∞—Ç–æ–º –ß—É–∫–∞,50,5,,,,ü•ú –ì–æ—Ä—ñ—Ö–∏ —Ç–∞ –ø—Ä–æ–¥—É–∫—Ç–∏ –∑ –Ω–∏—Ö
,"–ö–∞–Ω–∞–ø–µ –∑ –∫—É—Ä—è—á–æ—é –∫—É–ª—å–∫–æ—é, —Å–∏—Ä–æ–º —Ç–∞ —à–∏–Ω–∫–æ—é",50,5,,,,
,"–ö–∞–Ω–∞–ø–µ –∑ –∫—É—Ä—è—á–∏–º –Ω–∞–ø—ñ–≤–∫–æ–ø—á–µ–Ω–∏–º —Ñ—ñ–ª–µ, –º–∞—Ä–∏–Ω–æ–≤–∞–Ω–æ—é —Ü–∏–±—É–ª—å–∫–æ—é —Ç–∞ —Å–∏—Ä–æ–º –ë—Ä—ñ —É –±—Ä—É—Å–Ω–∏—á–Ω–æ–º—É —Å–æ—É—Å—ñ",55,5,,,,
18,–ë–æ–∫—Å —ñ–∑ —Ç–∞—Ä—Ç–∞–ª–µ—Ç–∫–∞–º–∏,630,,"1¬†916,00 –≥—Ä–Ω.","0,00 –≥—Ä–Ω.",,
,–¢–∞—Ä—Ç–∞–ª–µ—Ç–∫–∞ –∑ –∫—É—Ä–∫–æ—é —Ç–∞ –≤'—è–ª–µ–Ω–∏–º–∏ —Ç–æ–º–∞—Ç–∞–º–∏,30,7,,,,
,"–¢–∞—Ä—Ç–∞–ª–µ—Ç–∫–∞ –∑ —ñ–Ω–∂–∏—Ä–æ–º, —Å–∏—Ä–æ–º –ì–æ—Ä–≥–æ–Ω–∑–æ–ª–æ—é —Ç–∞ –≥—Ä–µ—Ü—å–∫–∏–º–∏ –≥–æ—Ä—ñ—Ö–∞–º–∏",30,7,,,,ü•ú –ì–æ—Ä—ñ—Ö–∏ —Ç–∞ –ø—Ä–æ–¥—É–∫—Ç–∏ –∑ –Ω–∏—Ö
,"–¢–∞—Ä—Ç–∞–ª–µ—Ç–∫–∞ –∑ —Ö–∞–º–æ–Ω–æ–º, —Å–∏—Ä–æ–º –ë—Ä—ñ —Ç–∞ –≥—Ä—É—à–µ—é",30,7,,,,üçØ –ú–µ–¥ —Ç–∞ –ø—Ä–æ–¥—É–∫—Ç–∏ –∑ –Ω—å–æ–≥–æ
19,–ë–æ–∫—Å –∑—ñ —Å–≤—ñ–∂–∏–º–∏ –æ–≤–æ—á–∞–º–∏,1100,,"1¬†229,00 –≥—Ä–Ω.","0,00 –≥—Ä–Ω.",,
,–ü–æ–º—ñ–¥–æ—Ä–∏ —á–µ—Ä—ñ,250,,,,,
,–û–≥—ñ—Ä–æ–∫,300,,,,,
,–ü–µ—Ä–µ—Ü—å –±–æ–ª–≥–∞—Ä—Å—å–∫–∏–π,200,,,,,
,–ú–æ—Ä–∫–≤–∞,200,,,,,
,–°—Ç–µ–±–ª–æ —Å–µ–ª–µ—Ä–∏,70,,,,,
,–°–∞–ª–∞—Ç –ª–æ–ª–ª–∞ —Ä–æ—Å—Å–∞,50,,,,,
,–ó–µ–ª–µ–Ω—å,30,,,,,
20,–ë–æ–∫—Å —ñ–∑ –≤–µ–≥–µ—Ç–∞—Ä—ñ–∞–Ω—Å—å–∫–∏–º–∏ –∑–∞–∫—É—Å–∫–∞–º–∏,875,,"1¬†790,00 –≥—Ä–Ω.","0,00 –≥—Ä–Ω.",,
,–†—É–ª–µ—Ç —ñ–∑ —Å–∏—Ä—É —Å—É–ª—É–≥—É–Ω—ñ –∑ –æ–≤–æ—á–∞–º–∏,60,5,,,,
,"–†—É–ª–µ—Ç–∏–∫ –∑ –±–∞–∫–ª–∞–∂–∞–Ω—É –∑ –≥–æ—Ä—ñ—Ö–æ–≤–æ–π –ø–∞—Å—Ç–∏, –∞–¥–∂–∏–∫–∏ —Ç–∞ –∑–µ—Ä–µ–Ω –≥—Ä–∞–Ω–∞—Ç—É  (–õ–∏—Å—Ç—è –∫—ñ–Ω–∑–∏, –±–∞–∫–ª–∞–∂–∞–Ω–∏, –≤–æ–ª–æ—Å—å–∫–∏–π –≥–æ—Ä—ñ—Ö, —á–∞—Å–Ω–∏–∫, –ø–µ—Ç—Ä—É—à–∫–∞, –∞–¥–∂–∏–∫–∞, –≤–µ—Ä—à–∫–æ–≤–µ –º–∞—Å–ª–æ, —Å—ñ–ª—å, –ø–µ—Ä–µ—Ü—å, –∑–µ—Ä–Ω–∞ –≥—Ä–∞–Ω–∞—Ç—É) ",40,5,,,,"ü•ú –ì–æ—Ä—ñ—Ö–∏, üå∞ –ß–∞—Å–Ω–∏–∫ —Ç–∞ –ø—Ä–æ–¥—É–∫—Ç–∏ –∑ –Ω–∏—Ö"
,"–†—É–ª–µ—Ç–∏–∫ —ñ–∑ —Ü—É–∫—ñ–Ω—ñ —Ç–∞ —Ñ–µ—Ç–æ—é ( —Ü—É–∫—ñ–Ω—ñ, —Å–∏—Ä –§–µ–ª–∞—Ç–∞, —à–ø–∏–Ω–∞—Ç, —á–∞—Å–Ω–∏–∫, –æ—Ä–µ–≥–∞–Ω–æ, —Å—ñ–ª—å, –ø–µ—Ä–µ—Ü—å)",25,5,,,,üå∞ –ß–∞—Å–Ω–∏–∫ —Ç–∞ –ø—Ä–æ–¥—É–∫—Ç–∏ –∑ –Ω—å–æ–≥–æ
,–ì—Ä–∏–±–Ω–∏–π –º—É—Å —ñ–∑ —Ç–æ—Ñ—É –≤ —Ç–∞—Ä—Ç–∞–ª–µ—Ç—Ü—ñ,50,5,,,,
21,–ú'—è—Å–Ω—ñ —Å–æ–ª–æ–Ω—ñ –ø—Ä–æ—Ñ—ñ—Ç—Ä–æ–ª—ñ,1125,,"1¬†630,00 –≥—Ä–Ω.","0,00 –≥—Ä–Ω.",,
,"–ü—Ä–æ—Ñ—ñ—Ç—Ä–æ–ª—å –∑ –Ω—ñ–∂–Ω–∏–º –∫—Ä–µ–º–æ–º –∑ –∞–º–µ—Ä–∏–∫–∞–Ω—Å—å–∫–æ—ó –≥—ñ—Ä—á–∏—Ü—ñ, —Ö–∞–º–æ–Ω–æ–º –°–µ—Ä—Ä–∞–Ω–æ —Ç–∞ —Å–ª–∞–π—Å–æ–º –æ–≥—ñ—Ä–∫–∞",45,5,,,,
,"–ü—Ä–æ—Ñ—ñ—Ç—Ä–æ–ª—å –∑ –≤—è–ª–µ–Ω–æ—é –ë—Ä–µ–∑–∞–æ–ª–æ—é, –∫–∞–ø–µ—Ä—Å–∞–º–∏ —Ç–∞ –∫—Ä–µ–º–æ–º –∑ —Ä–æ–∂–µ–≤–æ–≥–æ —Ö—Ä–æ–Ω—É",45,5,,,,
,–ü—Ä–æ—Ñ—ñ—Ç—Ä–æ–ª—å –∑ –º'—è—Å–æ–º –ö–æ–ø–ø–∞ –≤ —Ö—Ä–æ–Ω—ñ —Ç–∞ –∫—Ä–µ–º —Å–∏—Ä—ñ,45,5,,,,
,"–ü—Ä–æ—Ñ—ñ—Ç—Ä–æ–ª—å –∑ –∫–∞—á–∏–Ω–æ—é –≥—Ä—É–¥–∫–æ—é, —è–±–ª—É—á–Ω–∏–º —á–∞—Ç–Ω—ñ —Ç–∞ —Å–æ–ª–æ–¥–∫–∏–º —Å–æ—É—Å–æ–º —á—ñ–ª—ñ",45,5,,,,
,"–ü—Ä–æ—Ñ—ñ—Ç—Ä–æ–ª—å –∑ —Ç–µ–ª—è—Ç–∏–Ω–æ—é, –±–æ–ª–≥–∞—Ä—Å—å–∫–∏–º –ø–µ—Ä—Ü–µ–º —Ç–∞ –≤–µ—Ä—à–∫–æ–≤–∏–º —Ö—Ä–æ–Ω–æ–º",45,5,,,,
22,–†–∏–±–Ω—ñ —Å–æ–ª–æ–Ω—ñ –ø—Ä–æ—Ñ—ñ—Ç—Ä–æ–ª—ñ,1000,,"2¬†200,00 –≥—Ä–Ω.","0,00 –≥—Ä–Ω.",,
,"–ü—Ä–æ—Ñ—ñ—Ç—Ä–æ–ª—å –∑ –ª–æ—Å–æ—Å–µ–º, –±—É—Ä—è–∫–æ–º —Ç–∞ —Å–≤—ñ–∂–∏–º –æ–≥—ñ—Ä–∫–æ–º",40,5,,,,
,"–ü—Ä–æ—Ñ—ñ—Ç—Ä–æ–ª—å –∑ –∫—Ä–µ–≤–µ—Ç–∫–æ—é, –≥—É–∞–∫–∞–º–æ–ª–µ –∑ –∞–≤–æ–∫–∞–¥–æ —Ç–∞ –ø–æ–º—ñ–¥–æ—Ä–∞–º–∏ —á–µ—Ä—ñ",40,5,,,,
,"–ü—Ä–æ—Ñ—ñ—Ç—Ä–æ–ª—å –∑ –∫—É–Ω–∂—É—Ç–Ω–∏–º –∫—Ä–µ–º–æ–º, —Ç—É–Ω—Ü–µ–º –≤ —Ö—Ä—É—Å—Ç–∫—ñ–π —Å–∫–æ—Ä–∏–Ω—Ü—ñ —Ç–∞ –ê—Å–ø–∞—Ä–∞–≥—É—Å–æ–º",40,5,,,,
,"–ü—Ä–æ—Ñ—ñ—Ç—Ä–æ–ª—å –∑ –º–∞—Ä–∏–Ω–æ–≤–∞–Ω–∏–º–∏ –º—ñ–¥—ñ—è–º–∏, —Å–æ—É—Å–æ–º –£–Ω–∞–≥—ñ —Ç–∞ –≥—ñ—Ä—á–∏—Ü–µ—é –≤ –∑–µ—Ä–Ω–∞—Ö",40,5,,,,üå∞ –ß–∞—Å–Ω–∏–∫ —Ç–∞ –ø—Ä–æ–¥—É–∫—Ç–∏ –∑ –Ω—å–æ–≥–æ
,"–ü—Ä–æ—Ñ—ñ—Ç—Ä–æ–ª—å –∑ –º–∞—Å–ª—è–Ω–æ—é —Ä–∏–±–æ—é,–∫—Ä–µ–º–æ–º –∑—ñ —Å–≤—ñ–∂–æ–≥–æ –æ–≥—ñ—Ä–∫–∞ —Ç–∞ –ê—Å–ø–∞—Ä–∞–≥—É—Å–æ–º",40,5,,,,
23,–ë–æ–∫—Å —ñ–∑ —Ä–æ–ª–∞–º–∏ –∑ –º–ª–∏–Ω—Ü—ñ–≤,2100,,"2¬†723,00 –≥—Ä–Ω.","0,00 –≥—Ä–Ω.",,
,–†–æ–ª–∏ –∑—ñ —à–ø–∏–Ω–∞—Ç–Ω–æ–≥–æ –º–ª–∏–Ω—Ü—è –∑ –ª–æ—Å–æ—Å–µ–º,50,12,,,,
,–†–æ–ª–∏ –∑ –º–ª–∏–Ω—Ü—ñ–≤ –∑ –º'—è—Å–æ–º —Å–Ω—ñ–∂–Ω–æ–≥–æ –∫—Ä–∞–±–∞,50,12,,,,
,–†–æ–ª–∏ –∑ –º–ª–∏–Ω—Ü—ñ–≤ –∑ –∫–æ–Ω—Å–µ—Ä–≤–æ–≤–∞–Ω–∏–º —Ç—É–Ω—Ü–µ–º —Ç–∞ –ø–æ–º—ñ–¥–æ—Ä–æ–º –ß–µ—Ä—ñ,50,6,,,,
,–†–æ–ª–∏ –∑ –º–ª–∏–Ω—Ü—ñ–≤ –∑ –∫–æ–Ω—Å–µ—Ä–≤–æ–≤–∞–Ω–∏–º —Ç—É–Ω—Ü–µ–º —Ç–∞ –∫–æ—Ä–Ω—ñ—à–æ–Ω–æ–º,50,6,,,,
,–†–æ–ª–∏ –∑ –º–ª–∏–Ω—Ü—ñ–≤ –∑ –∫–æ–Ω—Å–µ—Ä–≤–æ–≤–∞–Ω–∏–º —Ç—É–Ω—Ü–µ–º —Ç–∞ —Å–≤—ñ–∂–∏–º –æ–≥—ñ—Ä–∫–æ–º,50,6,,,,
24,–ë–æ–∫—Å —ñ–∑ –º–ª–∏–Ω—Ü–µ–≤–∏—Ö –º—ñ—à–µ—á–∫—ñ–≤,1740,,"1¬†634,00 –≥—Ä–Ω.","0,00 –≥—Ä–Ω.",,
,–ú–ª–∏–Ω—Ü–µ–≤—ñ –º—ñ—à–µ—á–∫–∏ –∑ –∫—É—Ä–∫–æ—é —Ç–∞ –≥—Ä–∏–±–∞–º–∏ ,145,4,,,,
,–ú–ª–∏–Ω—Ü–µ–≤—ñ –º—ñ—à–µ—á–∫–∏ –∑ —Å–∏—Ä–æ–º –ë—Ä–∏–Ω–∑–∞ —Ç–∞ –∑–µ–ª–µ–Ω–Ω—é ,145,4,,,,
,–ú–ª–∏–Ω—Ü–µ–≤—ñ –º—ñ—à–µ—á–∫–∏ –∑—ñ —Å–≤–∏–Ω–∏–Ω–æ—é —Ç–∞ —Å–∏—Ä–æ–º –ß–µ—á–∏–ª,145,4,,,,
25,–ë–æ–∫—Å –£–∫—Ä–∞—ó–Ω—Å—å–∫–∏–π,900,,"1¬†150,00 –≥—Ä–Ω.","0,00 –≥—Ä–Ω.",,
,"–ë—Ä—É—Å–∫–µ—Ç–∞ –∑ –∫—É—Ä—è—á–∏–º –ø–∞—à—Ç–µ—Ç–æ–º, –ø–µ—Ä–µ–ø–µ–ª–∏–Ω–∏–º —è–π—Ü–µ–º, —Ä–µ–¥–∏—Å–∫–æ—é —Ç–∞ –º—ñ–∫—Ä–æ–≥—Ä—ñ–Ω–æ–º",45,4,,,,üå∂Ô∏è –ü–µ—Ä–µ—Ü—å –≥–æ—Å—Ç—Ä–∏–π —Ç–∞ –ø—Ä–æ–¥—É–∫—Ç–∏ –∑ –Ω—å–æ–≥–æ
,"–ë—Ä—É—Å–∫–µ—Ç–∞ –∑ –∫—É—Ä—è—á–∏–º –ø–∞—Ç–µ, —Ü–∏–±—É–ª–µ–≤–∏–º –∫–æ–Ω—Ñ—ñ—Ç—é—Ä–æ–º —Ç–∞ –∂—É—Ä–∞–≤–ª–∏–Ω–æ—é",45,4,,,,
,"–ë—Ä—É—Å–∫–µ—Ç–∞ –∑ –æ—Å–µ–ª–µ–¥—Ü–µ–º, –º–∞—Ä–∏–Ω–æ–≤–∞–Ω–æ—é —Ü–∏–±—É–ª–µ—é-—à–∞–ª–æ—Ç, —Ä–µ–¥–∏—Å–∫–æ—é —Ç–∞ –≥—ñ—Ä—á–∏—Ü–µ—é",45,4,,,,
,"–ë—Ä—É—Å–∫–µ—Ç–∞ –∑ —Å–∞–ª–æ–º, –∫–æ–ø—á–µ–Ω–æ—é –≥—Ä—É–¥–∏–Ω–∫–æ—é, –∫–æ—Ä–Ω—ñ—à–æ–Ω–æ–º, –∑–µ–ª–µ–Ω–æ—é —Ü–∏–±—É–ª–µ—é —Ç–∞ —Ö—Ä—ñ–Ω–æ–º –Ω–∞ —á–æ—Ä–Ω–æ–º—É —Ö–ª—ñ–±—ñ",45,4,,,,üå∂Ô∏è –ü–µ—Ä–µ—Ü—å –≥–æ—Å—Ç—Ä–∏–π —Ç–∞ –ø—Ä–æ–¥—É–∫—Ç–∏ –∑ –Ω—å–æ–≥–æ
,–ë—Ä—É—Å–∫–µ—Ç–∞ –∑ —Ä–æ—Å—Ç–±—ñ—Ñ–æ–º —Ç–∞ –ø—ñ–≤—Å—Ñ–µ—Ä–æ—é –∑ –±—É—Ä—è–∫–∞ –Ω–∞ –Ω—ñ–∂–Ω–æ–º—É –∫—Ä–µ–º—ñ,45,4,,,,üå∂Ô∏è –ü–µ—Ä–µ—Ü—å –≥–æ—Å—Ç—Ä–∏–π —Ç–∞ –ø—Ä–æ–¥—É–∫—Ç–∏ –∑ –Ω—å–æ–≥–æ
26,–û—Å—ñ–Ω–Ω—ñ–π –±–æ–∫—Å,1200,,"1¬†895,00 –≥—Ä–Ω.","0,00 –≥—Ä–Ω.",,
,–ö—É–ª—å–∫–∏ –∑ –±–∞—Ç–∞—Ç—É –∑ —ñ–Ω–¥–∏—á–∏–º–∏ —Å–ª–∞–π—Å–∞–º–∏ —ñ–∑ —Å–ª–∏–≤–æ–≤–∏–º —Å–æ—É—Å–æ–º BBQ,100,4,,,,üå∞ –ß–∞—Å–Ω–∏–∫ —Ç–∞ –ø—Ä–æ–¥—É–∫—Ç–∏ –∑ –Ω—å–æ–≥–æ
,–†–æ—Å—Ç–±—ñ—Ñ –∑ –∫—É–ª—å–∫–∞–º–∏ –±—É—Ä—è–∫–∞ —ñ–∑ —Å–æ—É—Å–æ–º –°–∞—Ü–µ–±–µ–ª—ñ,100,4,,,,üå∞ –ß–∞—Å–Ω–∏–∫ —Ç–∞ –ø—Ä–æ–¥—É–∫—Ç–∏ –∑ –Ω—å–æ–≥–æ
,–ü–µ—á–µ–Ω–µ –∫–∞—á–∏–Ω–µ —Ñ—ñ–ª–µ –∑ –∫—É–ª—å–∫–∞–º–∏ –≥–∞—Ä–±—É–∑–∞ —ñ–∑ –∂—É—Ä–∞–≤–ª–∏–Ω–Ω–∏–º —Å–æ—É—Å–æ–º,100,4,,,,"üå∞ –ß–∞—Å–Ω–∏–∫, üå∂Ô∏è –ü–µ—Ä–µ—Ü—å –≥–æ—Å—Ç—Ä–∏–π —Ç–∞ –ø—Ä–æ–¥—É–∫—Ç–∏ –∑ –Ω–∏—Ö"
27,–ë–æ–∫—Å —Å–µ–∑–æ–Ω–Ω–∏—Ö –∑–∞–∫—É—Å–æ–∫,975,,"1¬†749,00 –≥—Ä–Ω.","0,00 –≥—Ä–Ω.",,
,"–ë—Ä—É—Å–∫–µ—Ç–∞ –∑ —Ä–≤–∞–Ω–æ—é —Ç–µ–ª—è—Ç–∏–Ω–æ—é, —á–∞—Ç–Ω—ñ –∑ –≥—Ä—É—à—ñ —Ç–∞ –∂—É—Ä–∞–≤–ª–∏–Ω–æ—é",55,5,,,,
,"–¢–∞—Ä—Ç –∑ –≤–µ—Ä—à–∫–æ–≤–∏–º –≥–∞—Ä–±—É–∑–æ–≤–∏–º –º—É—Å–æ–º, —ñ–Ω–¥–∏—á–∫–æ—é, –¥–æ—Ä–±–ª—é —Ç–∞ –≥–∞—Ä–±—É–∑–æ–≤–∏–º –Ω–∞—Å—ñ–Ω–Ω—è–º",45,5,,,,
,"–¢–∞—Ä—Ç –∑ –º—É—Å–æ–º –ø–µ—á–µ–Ω–æ–≥–æ –ø—Ä—è–Ω–æ–≥–æ –±—É—Ä—è–∫–∞, —Ñ–µ—Ç–æ—é —Ç–∞ –∫—Ä–∏—Ö—Ç–æ—é –∫–∞—Ä–∞–º–µ–ª—ñ–∑–æ–≤–∞–Ω–æ–≥–æ –≥–æ—Ä—ñ—Ö–∞",45,5,,,,ü•ú –ì–æ—Ä—ñ—Ö–∏ —Ç–∞ –ø—Ä–æ–¥—É–∫—Ç–∏ –∑ –Ω–∏—Ö
,"–ë—Ä—É—Å–∫–µ—Ç–∞ –∑ –∫–∞—á–∫–æ—é –∫–æ–Ω—Ñ—ñ, —Å–ª–∏–≤–æ–≤–∏–º —Å–æ—É—Å–æ–º —Ç–∞ –±–∞—Ç–∞—Ç–æ–º",50,5,,,,üå∞ –ß–∞—Å–Ω–∏–∫ —Ç–∞ –ø—Ä–æ–¥—É–∫—Ç–∏ –∑ –Ω—å–æ–≥–æ
,–ë–æ–∫—Å–∏ –∑ –±—Ä—É—Å–∫–µ—Ç–∞–º–∏,,,,,,
1,Gold box,1000,,"1¬†964,00 –≥—Ä–Ω.","0,00 –≥—Ä–Ω.",,
,"–ë—Ä—É—Å–∫–µ—Ç–∞ —ñ–∑ –∑–∞–ø–µ—á–µ–Ω–æ—é –≥—Ä—É—à–µ—é, —Å–∏—Ä–æ–º –±—Ä—ñ —Ç–∞ –º–∞–ª–∏–Ω–æ–≤–∏–π –≥–µ–ª—å.",50,10,,,,
,"–ë—Ä—É—Å–∫–µ—Ç–∞ –∑ –¥–æ–º–∞—à–Ω—å–æ—é —Ñ–µ—Ç–æ—é, —Ç–æ–º–∞—Ç–∞–º–∏ —á–µ—Ä—ñ —Ç–∞ –∫–æ—Ä–æ–ª—ñ–≤—Å—å–∫–æ—é –∫—Ä–µ–≤–µ—Ç–∫–æ—é",50,10,,,,
2,Sea box,1100,,"2¬†699,00 –≥—Ä–Ω.","0,00 –≥—Ä–Ω.",,
,–ë—Ä—É—Å–∫–µ—Ç—Ç–∞ –∑ –Ω—ñ–∂–Ω–∏–º –ª–æ—Å–æ—Å–µ–º —Ç–∞ –º–æ–ª–µ–∫—É–ª—è—Ä–Ω–∏–º –ª–∏–º–æ–Ω–Ω–∏–º –æ–≥—ñ—Ä–∫–æ–º,55,10,,,,
,"–ë—Ä—É—Å–∫–µ—Ç—Ç–∞ –∑ —Ç—É–Ω—Ü–µ–º, –∞–≤–æ–∫–∞–¥–æ —Ç–∞ —Å–æ—É—Å–æ–º –ø–µ—Å—Ç–æ",55,10,,,,
3,Gourmet box,1100,,"2¬†111,00 –≥—Ä–Ω.","0,00 –≥—Ä–Ω.",,
,"–ë—Ä—É—Å–∫–µ—Ç—Ç–∞ –∑ –∫–∞—á–∏–Ω–∏–º –º–∞–≥—Ä–µ, –≥—Ä—É—à–µ—é –∫–æ–Ω—Ñ—ñ —Ç–∞ –º–∞–ª–∏–Ω–æ–≤–∏–º –≥–µ–ª–µ–º.",55,10,,,,
,–ë—Ä—É—Å–∫–µ—Ç—Ç–∞ –∑ –∫–æ–Ω—Å–µ—Ä–≤–æ–≤–∞–Ω–∏–º —Ç—É–Ω—Ü–µ–º —ñ —Ç–æ–º–∞—Ç–æ–º –∫–æ–Ω—Ñ—ñ.,55,10,,,,
4,Farmer box,1000,,"2¬†062,00 –≥—Ä–Ω.","0,00 –≥—Ä–Ω.",,
,"–ë—Ä—É—Å–∫–µ—Ç—Ç–∞ –∑ —Ç–µ–ª—è—Ç–∏–Ω–æ—é —Å—É-–≤—ñ–¥, —Å–æ—É—Å–æ–º —Ç–æ–Ω–∞—Ç–æ —Ç–∞ –ª–∏—Å—Ç —Ñ—Ä–∏–∑–µ",50,10,,,,
,–ë—Ä—É—Å–∫–µ—Ç–∞ –∫–∞–ø—Ä–µ–∑–µ ,50,10,,,,
5,Vega box,950,,"2¬†111,00 –≥—Ä–Ω.","0,00 –≥—Ä–Ω.",,
,"–ë—Ä—É—Å–∫–µ—Ç–∞ –∑ –º—É—Å–æ–º –∞–≤–æ–∫–∞–¥–æ, —Å—Ç—Ä–∞—á–∞—Ç–µ–ª–ª–æ—é —Ç–∞ —á–µ—Ä—ñ",45,10,,,,
,"–ë—Ä—É—Å–∫–µ—Ç–∞ –∑ —Å–∏—Ä–Ω–∏–º –∫—Ä–µ–º–æ–º –∑ –ª–∞–π–º–∞, –º–∞–Ω–≥–æ —Ç–∞ –º–∞—Ä–∏–Ω–æ–≤–∞–Ω–∏–º–∏ –∞—Ä—Ç–∏—à–æ–∫–∞–º–∏",50,10,,,,
6,Tasty box,900,,"2¬†290,00 –≥—Ä–Ω.","0,00 –≥—Ä–Ω.",,
,"–ë—Ä—É—Å–∫–µ—Ç–∞ –∑ —Ä–æ—Å—Ç–±—ñ—Ñ–æ–º, –∞–π–æ–ª—ñ –º'—è—Ç–∞ —Ç–∞ –≤'—è–ª–µ–Ω–∏–º —Ç–æ–º–∞—Ç–æ–º",45,10,,,,
,–ë—Ä—É—Å–∫–µ—Ç–∞ –∑ –∫—É—Ä—è—á–∏–º –ø–∞—Ç–µ —Ç–∞ —Ü–∏–±—É–ª–µ–≤–∏–º –∫–æ–Ω—Ñ–µ—Ç—é—Ä–æ–º,45,10,,,,üçØ –ú–µ–¥ —Ç–∞ –ø—Ä–æ–¥—É–∫—Ç–∏ –∑ –Ω—å–æ–≥–æ
7,Honey box,1000,,"2¬†290,00 –≥—Ä–Ω.","0,00 –≥—Ä–Ω.",,
,"–ë—Ä—É—Å–∫–µ—Ç–∞ –∑ –ø–∞—Ä–º–µ–∑–∞–Ω–æ–º, –≤–∏–Ω–æ–≥—Ä–∞–¥–æ–º –ö–∞—Ä–¥–∏–Ω–∞–ª —Ç–∞ –º–µ–¥–æ–º",50,10,,,,üçØ –ú–µ–¥ —Ç–∞ –ø—Ä–æ–¥—É–∫—Ç–∏ –∑ –Ω—å–æ–≥–æ
,"–ë—Ä—É—Å–∫–µ—Ç–∞ –∑ –º–∞—Ä–∏–Ω–æ–≤–∞–Ω–∏–º –ø–µ—Ä—Å–∏–∫–æ–º, –ø—Ä–æ—à—É—Ç–æ —Ç–∞ –º–∏–≥–¥–∞–ª–µ–º",50,10,,,,
,–ê–Ω—Ç–∏–ø–∞—Å—Ç–æ,,,,,,
1,–ê–Ω—Ç–∏–ø–∞—Å—Ç–æ —Å–µ—Ç 1,1100,,"2¬†453,00 –≥—Ä–Ω.","0,00 –≥—Ä–Ω.",,
,–°–∞–ª—è–º—ñ,140,,,,,
,–ü–∞—Ä–º—Å—å–∫–∏–π –æ–∫—ñ—Å—Ç,140,,,,,
,–ö–æ–≤–±–∞—Å–∫–∏ –≤'—è–ª–µ–Ω—ñ,140,,,,,
,–ö–æ–≤–±–∞—Å–∫–∏ –º—ñ–Ω—ñ,120,,,,,
,–ö–æ–≤–±–∞—Å–∫–∏,140,,,,,
,–•–ª—ñ–±—Ü—ñ,70,,,,,
,–ì—Ä—ñ—Å—ñ–Ω—ñ,70,,,,,
,–û–ª–∏–≤–∫–∏ –≤'—è–ª–µ–Ω—ñ/–∫–ª–∞—Å–∏—á–Ω—ñ 50/50,100,,,,,
,–í'—è–ª–µ–Ω–∏–π —Ç–æ–º–∞—Ç,100,,,,,
,–¢–æ–º–∞—Ç–∏ —á–µ—Ä—ñ,80,,,,,
2,–ê–Ω—Ç–∏–ø–∞—Å—Ç–æ —Å–µ—Ç 2,1100,,"2¬†340,00 –≥—Ä–Ω.","0,00 –≥—Ä–Ω.",,
,–ü–∞—Ä–º–µ–∑–∞–Ω,120,,,,,
,–°–∏—Ä –ë—Ä—ñ,120,,,,,
,–ì–æ—Ä–≥–æ–Ω–∑–æ–ª–∞,120,,,,,
,–ï–º–µ–Ω—Ç–∞–ª—å,120,,,,,
,–û–ª–∏–≤–∫–∏,100,,,,,
,–¢–æ–º–∞—Ç–∏ —á–µ—Ä—ñ,50,,,,,
,–í'—è–ª–µ–Ω—ñ —Ç–æ–º–∞—Ç–∏,100,,,,,
,–Ü–Ω–∂–∏—Ä,100,,,,,
,–•–ª—ñ–±—Ü—ñ,70,,,,,
,–ì—Ä—ñ—Å—ñ–Ω—ñ,70,,,,,
,–ú–µ–¥,70,,,,,üçØ –ú–µ–¥ —Ç–∞ –ø—Ä–æ–¥—É–∫—Ç–∏ –∑ –Ω—å–æ–≥–æ
,–í–æ–ª–æ—Å—å–∫–∏–π –≥–æ—Ä—ñ—Ö,50,,,,,ü•ú –ì–æ—Ä—ñ—Ö–∏ —Ç–∞ –ø—Ä–æ–¥—É–∫—Ç–∏ –∑ –Ω–∏—Ö
,–ë–∞–∑–∏–∑—ñ–∫,10,,,,,
3,–ë–æ–∫—Å –∞–Ω—Ç–∏–ø–∞—Å—Ç–æ –ø–æ-—É–∫—Ä–∞—ó–Ω—Å—å–∫–∏,1620,,"1¬†780,00 –≥—Ä–Ω.","0,00 –≥—Ä–Ω.",,
,–ë—É–∂–µ–Ω–∏–Ω–∞ –º–∞—Ä–∏–Ω–æ–≤–∞–Ω–∞ –ø–µ—á–µ–Ω–∞,370,1,,,,üå∞ –ß–∞—Å–Ω–∏–∫ —Ç–∞ –ø—Ä–æ–¥—É–∫—Ç–∏ –∑ –Ω—å–æ–≥–æ
,–ö–æ–ª–µ—á–∫–æ –∫–æ–≤–±–∞—Å–∫–∏ –ø–µ—á–µ–Ω–æ—ó,150,1,,,,
,"–ö—É—Ä—è—á–∏–π —Ä—É–ª–µ—Ç –∑ —à–∏–Ω–∫–æ—é, —Å–∏—Ä–æ–º —Ç–∞ —á–æ—Ä–Ω–æ—Å–ª–∏–≤–æ–º",310,1,,,,
,"–ö—É—Ä—è—á–µ –ø–∞—Ç–µ –∑ –∫—é–ª—ñ –∑ –º–∞–Ω–≥–æ, –∂—É—Ä–∞–≤–ª–∏–Ω–æ—é —Ç–∞ —Ä–æ–∑–º–∞—Ä–∏–Ω–æ–º",120,1,,,,
,–°–∞–ª–æ –≥–µ–Ω–µ—Ä–∞–ª—å—Å—å–∫–µ,150,1,,,,
,–°–∞–ª–æ –º–∞—Ä–∏–Ω–æ–≤–∞–Ω–µ –≤ –∑–µ–ª–µ–Ω—ñ,150,1,,,,
,–ö–æ—Ä–Ω—ñ—à–æ–Ω–∏,120,1,,,,
,–ú–∞—Ä–∏–Ω–æ–≤–∞–Ω–∞ –º—ñ–Ω—ñ-—Ü–∏–±—É–ª—å–∫–∞,50,1,,,,
,–î–æ–ø–æ–≤–Ω–µ–Ω–Ω—è:,,,,,,
,–•—Ä—ñ–Ω,100,1,,,,üå∞ –ß–∞—Å–Ω–∏–∫ —Ç–∞ –ø—Ä–æ–¥—É–∫—Ç–∏ –∑ –Ω—å–æ–≥–æ
,–ì—ñ—Ä—á–∏—Ü—è,100,1,,,,üå∞ –ß–∞—Å–Ω–∏–∫ —Ç–∞ –ø—Ä–æ–¥—É–∫—Ç–∏ –∑ –Ω—å–æ–≥–æ
,–°–∞–ª–∞—Ç–∏,,,,,,
1,–ë–æ–∫—Å —ñ–∑ –≤–µ–≥–µ—Ç–∞—Ä—ñ–∞–Ω—Å—å–∫–∏–º–∏ —Å–∞–ª–∞—Ç–∞–º–∏,960,,"1¬†800,00 –≥—Ä–Ω.","0,00 –≥—Ä–Ω.",,
,–°–∞–ª–∞—Ç —ñ–∑ –∑–∞–ø–µ—á–µ–Ω–∏–º –±—É—Ä—è–∫–æ–º —Ç–∞ —Å–∏—Ä–æ–º –ì–æ—Ä–≥–æ–Ω–∑–æ–ª–∞,80,4,,,,üçØ –ú–µ–¥ —Ç–∞ –ø—Ä–æ–¥—É–∫—Ç–∏ –∑ –Ω—å–æ–≥–æ
,–°–∞–ª–∞—Ç —ñ–∑ –∑–∞–ø–µ—á–µ–Ω–∏–º –≥–∞—Ä–±—É–∑–æ–º —Ç–∞ —Å–∏—Ä–æ–º –§–µ—Ç–∞,80,4,,,,
,–°–∞–ª–∞—Ç —ñ–∑ –∑–∞–ø–µ—á–µ–Ω–æ—é —Å–µ–ª–µ—Ä–æ—é —Ç–∞ —è–±–ª—É–∫–æ–º,80,4,,,,
2,–ë–æ–∫—Å —ñ–∑ –≤–µ–≥–∞–Ω —Å–∞–ª–∞—Ç–∞–º–∏,1200,,"2¬†277,00 –≥—Ä–Ω.","0,00 –≥—Ä–Ω.",,
,–ó–µ–ª–µ–Ω–∏–π —Å–∞–ª–∞—Ç –∑ –∞–≤–æ–∫–∞–¥–æ –∑ –∫—É–Ω–∂—É–Ω—Ç–Ω–æ-—ñ–º–±–∏—Ä–Ω–∏–º —Å–æ—É—Å–æ–º,100,4,,,,üå∞ –ß–∞—Å–Ω–∏–∫ —Ç–∞ –ø—Ä–æ–¥—É–∫—Ç–∏ –∑ –Ω—å–æ–≥–æ
,"–°–∞–ª–∞—Ç –∑—ñ —Å–º–∞–∂–µ–Ω–∏–º–∏ –±–∞–∫–ª–∞–∂–∞–Ω–∞–º–∏, –º–∞—Ä–∏–Ω–æ–≤–∞–Ω–∏–º–∏ –≥—Ä–∏–±–æ—á–∫–∞–º–∏ —Ç–∞ –±–æ–ª–≥–∞—Ä—Å—å–∫–∏–º –ø–µ—Ä—Ü–µ–º",100,4,,,,üå∞ –ß–∞—Å–Ω–∏–∫ —Ç–∞ –ø—Ä–æ–¥—É–∫—Ç–∏ –∑ –Ω—å–æ–≥–æ
,"–°–∞–ª–∞—Ç ""–í–µ–≥–∞–Ω"" –∑ –ø–æ–º—ñ–¥–æ—Ä–∞–º–∏, —Å—Ç—Ä—É—á–∫–æ–≤–æ—é –∫–≤–∞—Å–æ–ª–µ—é, —Å–∞–ª–∞—Ç–æ–º –ê–π–∑–±–µ—Ä–≥ —Ç–∞ —Å–æ—î–≤–∏–º —Å–æ—É—Å–æ–º",100,4,,,,
3,–ë–æ–∫—Å —ñ–∑ —Å–∞–ª–∞—Ç–∞–º–∏,1200,,"2¬†224,00 –≥—Ä–Ω.","0,00 –≥—Ä–Ω.",,
,–°–∞–ª–∞—Ç —ñ–∑ –∑–∞–ø–µ—á–µ–Ω–∏–º –±—É—Ä—è–∫–æ–º —Ç–∞ —Ç–µ–ª—è—Ç–∏–Ω–æ—é,100,4,,,,
,–°–∞–ª–∞—Ç —ñ–∑ –∑–∞–ø–µ—á–µ–Ω–∏–º –≥–∞—Ä–±—É–∑–æ–º —Ç–∞ –∫—É—Ä–∫–æ—é,100,4,,,,
,–°–∞–ª–∞—Ç —ñ–∑ –∑–∞–ø–µ—á–µ–Ω–æ—é —Å–µ–ª–µ—Ä–æ—é —Ç–∞ –∫–∞—á–∏–Ω–∏–º —Ñ—ñ–ª–µ,100,4,,,,
4,–ë–æ–∫—Å —ñ–∑ —Å–∞–ª–∞—Ç–∞–º–∏ 2,1380,,"1¬†842,00 –≥—Ä–Ω.","0,00 –≥—Ä–Ω.",,
,–°–∞–ª–∞—Ç –∑ –∫—É—Ä–∫–æ—é –∫–∞—Ä—Ä—ñ —Ç–∞ —Ä—É–∫–æ–ª–æ—é,110,4,,,,üçØ –ú–µ–¥ —Ç–∞ –ø—Ä–æ–¥—É–∫—Ç–∏ –∑ –Ω—å–æ–≥–æ
,"–°–∞–ª–∞—Ç ""–ì—Ä–µ—Ü—å–∫–∏–π""",110,4,,,,
,"–°–∞–ª–∞—Ç ""–õ–æ–º—ñ —Å–µ–º–æ–Ω"" –∑ –ª–æ—Å–æ—Å–µ–º",125,4,,,,
,–ë–æ–∫—Å–∏ —ñ–∑ –≥–∞—Ä—è—á–∏–º–∏ —Å—Ç—Ä–∞–≤–∞–º–∏,,,,,,
1,–ì–∞—Ä—è—á–∏–π —Å–µ—Ç –∑ –∫—É—Ä—è—Ç–∏–Ω–æ—é,1875,,"2¬†138,00 –≥—Ä–Ω.","0,00 –≥—Ä–Ω.",,
,–ö—É—Ä—è—á–µ –º'—è—Å–æ –≤ –ø–∞–Ω—ñ—Ä–æ–≤—Ü—ñ,400,1,,,,üå∞ –ß–∞—Å–Ω–∏–∫ —Ç–∞ –ø—Ä–æ–¥—É–∫—Ç–∏ –∑ –Ω—å–æ–≥–æ
,–ö—É—Ä—è—á—ñ –∫—Ä–∏–ª—å—Ü—è –≤ –º–µ–¥–æ–≤–æ-–≥—ñ—Ä—á–∏—á–Ω–æ–º—É —Å–æ—É—Å—ñ –∑ –∫—É–Ω–∂—É—Ç–æ–º,425,1,,,,üçØ –ú–µ–¥ —Ç–∞ –ø—Ä–æ–¥—É–∫—Ç–∏ –∑ –Ω—å–æ–≥–æ
,–ú—ñ–Ω—ñ-—à–∞—à–ª–∏—á–æ–∫ –∑ –∫—É—Ä—è—á–æ–≥–æ —Å—Ç–µ–≥–Ω–∞,350,1,,,,
,–ú—ñ–Ω—ñ-—à–∞—à–ª–∏—á–æ–∫ –∑ –∫—É—Ä—è—á–æ–≥–æ —Å—Ç–µ–≥–Ω–∞ –∑ –±–∞–∑–∏–ª—ñ–∫–æ–º —Ç–∞ –ª–∞–π–º–æ–º,500,1,,,,
,–î–æ–ø–æ–≤–Ω–µ–Ω–Ω—è:,,,,,,
,–°–æ—É—Å –ª–∞–π–º-–±–∞–∑–∏–ª—ñ–∫,100,1,,,,
,–°–æ—É—Å –±–ª—é-—á—ñ–∑,100,1,,,,
2,–ì–∞—Ä—è—á–∏–π —Å–µ—Ç –∑—ñ —Å–≤–∏–Ω–∏–Ω–æ—é,1385,,"1¬†641,00 –≥—Ä–Ω.","0,00 –≥—Ä–Ω.",,
,–ë—Ä–æ—à–µ—Ç–∏ –∑—ñ —Å–≤–∏–Ω—è—á–æ–≥–æ –æ—à–∏–π–∫–∞,480,1,,,,
,–ú–∞—Ä–∏–Ω–æ–≤–∞–Ω—ñ —Å–≤–∏–Ω—è—á—ñ —Ä–µ–±–µ—Ä—Ü—è –≤ —Å–ø–µ—Ü—ñ—è—Ö,400,1,,,,üçØ –ú–µ–¥ —Ç–∞ –ø—Ä–æ–¥—É–∫—Ç–∏ –∑ –Ω—å–æ–≥–æ
,–ß–µ–≤–∞–ø—á—ñ—á—ñ –∑—ñ —Å–≤–∏–Ω–∏–Ω–∏ –≤ –±–µ–∫–æ–Ω—ñ,325,1,,,,üå∞ –ß–∞—Å–Ω–∏–∫ —Ç–∞ –ø—Ä–æ–¥—É–∫—Ç–∏ –∑ –Ω—å–æ–≥–æ
,–î–æ–ø–æ–≤–Ω–µ–Ω–Ω—è:,,,,,,
,–ß—ñ–ø—Å–∏ –∑ –ª–∞–≤–∞—à–∞,100,1,,,,
,–ü–æ–º—ñ–¥–æ—Ä–∏ —á–µ—Ä—ñ,50,1,,,,
,–ì—Ä—ñ–Ω–∫–∏ –∑ —á–∞—Å–Ω–∏–∫–æ–º —Ç–∞ —Å–∏—Ä–æ–º,30,1,,,,üå∞ –ß–∞—Å–Ω–∏–∫ —Ç–∞ –ø—Ä–æ–¥—É–∫—Ç–∏ –∑ –Ω—å–æ–≥–æ
3,–ì–∞—Ä—è—á–∏–π —Å–µ—Ç –∑ —è–ª–æ–≤–∏—á–∏–Ω–æ—é,1300,,"3¬†238,00 –≥—Ä–Ω.","0,00 –≥—Ä–Ω.",,
,–õ—é–ª—è-–∫–µ–±–∞–± –∑ —è–ª–æ–≤–∏—á–∏–Ω–∏ –∑ —Å–æ—É—Å–æ–º –∞–¥–∂–∏–∫–∞,350,1,,,,
,–ú—ñ–Ω—ñ-—à–∞—à–ª–∏—á–æ–∫ –∑ —Ç–µ–ª—è—Ç–∏–Ω–∏ –º–∞—Ä–∏–Ω–æ–≤–∞–Ω–∏–π –≤ —Å–ø–µ—Ü—ñ—è—Ö,420,1,,,,
,–†—É–ª–µ—Ç–∏–∫–∏ –∑ —Ç–µ–ª—è—Ç–∏–Ω–∏ –≤ –ø–∞–Ω—ñ—Ä–æ–≤—Ü—ñ,330,1,,,,üå∞ –ß–∞—Å–Ω–∏–∫ —Ç–∞ –ø—Ä–æ–¥—É–∫—Ç–∏ –∑ –Ω—å–æ–≥–æ
,–õ–∞–≤–∞—à –∑ –æ–≤–æ—á–∞–º–∏,200,1,,,,üå∞ –ß–∞—Å–Ω–∏–∫ —Ç–∞ –ø—Ä–æ–¥—É–∫—Ç–∏ –∑ –Ω—å–æ–≥–æ
4,–ì–∞—Ä—è—á–∏–π —Å–µ—Ç –∑ —Ä–∏–±–æ—é,2850,,"5¬†577,00 –≥—Ä–Ω.","0,00 –≥—Ä–Ω.",,
,–†–æ–ª –∑ –ª–æ—Å–æ—Å—è –∑–∞–ø–µ—á–µ–Ω–æ–≥–æ –∑ –ª–∏–º–æ–Ω–æ–º —Ç–∞ —Ä–æ–∑–º–∞—Ä–∏–Ω–æ–º,750,1,,,,
,–§—ñ–ª–µ —Å—ñ–±–∞—Å–∞ –≥—Ä–∏–ª—å,400,1,,,,
,–§—ñ–ª–µ —Ç—É–Ω—Ü—è –∑–∞–ø–µ—á–µ–Ω–æ–≥–æ –∑ —á–µ–±—Ä–µ—Ü–µ–± —Ç–∞ —Å–æ—É—Å–æ–º —Å–æ–ª–æ–¥–∫–∏–π —á—ñ–ª—ñ,500,1,,,,üå∞ –ß–∞—Å–Ω–∏–∫ —Ç–∞ –ø—Ä–æ–¥—É–∫—Ç–∏ –∑ –Ω—å–æ–≥–æ
,–†–æ–ª –∑—ñ —Å–∫—É–º–±—Ä—ñ—ó –∑–∞–ø–µ—á–µ–Ω–æ—ó –ø—ñ–¥ —Å–∏—Ä–Ω–∏–º —Å–æ—É—Å–æ–º,750,1,,,,
,–ö—Ä–µ–≤–µ—Ç–∫–∞ –≤ –ø–∞–Ω—ñ—Ä–æ–≤—Ü—ñ,250,1,,,,
,–î–æ–ø–æ–≤–Ω–µ–Ω–Ω—è:,,,,,,
,–°–æ—É—Å —Å–æ–ª–æ–¥–∫–∏–π —á—ñ–ª—ñ,100,1,,,,
,–°–æ—É—Å –ë–µ—Ä –ë–ª–∞–Ω,100,1,,,,
5,–ì–∞—Ä—è—á–∏–π —Å–µ—Ç –∑ –æ–≤–æ—á—ñ–≤ –≥—Ä–∏–ª—å,1700,,"1¬†202,00 –≥—Ä–Ω.","0,00 –≥—Ä–Ω.",,
,–ö–∞—Ä—Ç–æ–ø–ª—è –ø–æ-—Å–µ–ª—è–Ω—Å—å–∫–∏,300,1,,,,
,–ü–µ—Ä–µ—Ü—å –±–æ–ª–≥–∞—Ä—Å—å–∫–∏–π,200,1,,,,
,–ö–∞–ø—É—Å—Ç–∞ –±—Ä–æ–∫–æ–ª—ñ,150,1,,,,
,–¶–≤—ñ—Ç–Ω–∞ –∫–∞–ø—É—Å—Ç–∞ –≤ –ø–∞–Ω—ñ—Ä–æ–≤—Ü—ñ,150,1,,,,
,–¶—É–∫—ñ–Ω—ñ,200,1,,,,
,–ë–∞–∫–ª–∞–∂–∞–Ω,200,1,,,,
,–ü–æ–º—ñ–¥–æ—Ä —á–µ—Ä—ñ,200,1,,,,
,–ì—Ä–∏–±–∏ —à–∞–º–ø—ñ–Ω—å–π–æ–Ω–∏,200,1,,,,
,–î–æ–ø–æ–≤–Ω–µ–Ω–Ω—è:,,,,,,
,–°–æ—É—Å —á–∞—Å–Ω–∏–∫–æ–≤–∏–π,100,1,,,,üå∞ –ß–∞—Å–Ω–∏–∫ —Ç–∞ –ø—Ä–æ–¥—É–∫—Ç–∏ –∑ –Ω—å–æ–≥–æ
6,–ì–∞—Ä—è—á–∏–π –±–æ–∫—Å –¥–ª—è –∫–æ–º–ø–∞–Ω—ñ—ó,1750,,"2¬†809,00 –≥—Ä–Ω.","0,00 –≥—Ä–Ω.",,
,–°–∏—Ä–Ω—ñ –ø–∞–ª–æ—á–∫–∏ –∑ –º–æ—Ü–∞—Ä–µ–ª–∏ –≤ –ø–∞–Ω—ñ—Ä–æ–≤—Ü—ñ,130,1,,,,
,–ù–∞–≥–µ—Ç—Å–∏ –∫—É—Ä—è—á—ñ,120,1,,,,
,–•–µ–∫ –≤ –∫–ª—è—Ä—ñ,50,5,,,,"250,00"
,–®–∞—à–ª–∏—á–æ–∫ –∑ –º—ñ–¥—ñ—è–º–∏,200,1,,,,
,–¶–∏–±—É–ª–µ–≤—ñ –∫—ñ–ª—å—Ü—è —Ñ—Ä—ñ,100,1,,,,
,–ö—É—Ä—è—á—ñ –∫—Ä–∏–ª—å—Ü—è —Ç–µ—Ä—ñ—è–∫—ñ,110,5,,,,"550,00"
,–ü–æ–º—ñ–¥–æ—Ä–∏ —á–µ—Ä—ñ –∑–∞–ø–µ—á–µ–Ω—ñ,100,1,,,,
,–î–æ–ø–æ–≤–Ω–µ–Ω–Ω—è:,,,,,,
,–°–æ—É—Å –ñ—É—Ä–∞–≤–ª–∏–Ω–∞,100,1,,,,üå∞ –ß–∞—Å–Ω–∏–∫ —Ç–∞ –ø—Ä–æ–¥—É–∫—Ç–∏ –∑ –Ω—å–æ–≥–æ
,–°–æ—É—Å –î–æ—Ä –±–ª—é,100,1,,,,üå∞ –ß–∞—Å–Ω–∏–∫ —Ç–∞ –ø—Ä–æ–¥—É–∫—Ç–∏ –∑ –Ω—å–æ–≥–æ
,–°–æ—É—Å –∫–∞—Ä—Ä—ñ,100,1,,,,
7,–ì–∞—Ä—è—á–∏–π –±–æ–∫—Å –¥–∏—Ç—è—á–∏–π,1885,,"2¬†422,00 –≥—Ä–Ω.","0,00 –≥—Ä–Ω.",,
,–®–∞—à–ª–∏—á–æ–∫ –∑ —ñ–Ω–¥–∏—á–∫–∏ —Ç–∞ –∞–ø–µ–ª—å—Å–∏–Ω—É,75,6,,,,
,–ù–∞–≥–µ—Ç—Å–∏ –∫—É—Ä—è—á—ñ,120,1,,,,
,–ú–æ—Ä–∫–≤–∞ –±–µ–π–±—ñ –∫–∞—Ä–∞–º–µ–ª—ñ–∑–æ–≤–∞–Ω–∞,120,1,,,,üå∞ –ß–∞—Å–Ω–∏–∫ —Ç–∞ –ø—Ä–æ–¥—É–∫—Ç–∏ –∑ –Ω—å–æ–≥–æ
,–ë—Ä–æ–∫–æ–ª—ñ –ø—ñ–¥ –≤–µ—Ä—à–∫–æ–≤–∏–º —Å–æ—É—Å–æ–º,120,1,,,,
,–ü–µ—á–µ–Ω–∏–π –ª—é–ª—è-–∫–µ–±–∞–± –∑ —ñ–Ω–¥–∏—á–∫–∏,75,5,,,,
,"–®–ø–∏–Ω–∞—Ç–Ω—ñ –º–ª–∏–Ω—Ü—ñ –∑ —à–∏–Ω–∫–æ—é, —ñ–Ω–¥–∏—á–∫–æ—é —Ç–∞ –∫—Ä–µ–º —Å–∏—Ä–æ–º",50,8,,,,
,–î–æ–ø–æ–≤–Ω–µ–Ω–Ω—è:,,,,,,
,–°–æ—É—Å –ö–µ—Ç—á—É–ø –ª–∞–≥—ñ–¥–Ω–∏–π,100,1,,,,üå∞ –ß–∞—Å–Ω–∏–∫ —Ç–∞ –ø—Ä–æ–¥—É–∫—Ç–∏ –∑ –Ω—å–æ–≥–æ
,–°–æ—É—Å –°–∏—Ä–Ω–∏–π,100,1,,,,üå∞ –ß–∞—Å–Ω–∏–∫ —Ç–∞ –ø—Ä–æ–¥—É–∫—Ç–∏ –∑ –Ω—å–æ–≥–æ
,–°–æ—É—Å –Ø–≥—ñ–¥–Ω–∏–π,100,1,,,,
,–ë–æ–∫—Å–∏ BBQ,,,,,,
1,–ë–æ–∫—Å –¥–ª—è –±–∞—Ä–±–µ–∫—é 1,5400,,"5¬†707,00 –≥—Ä–Ω.","0,00 –≥—Ä–Ω.",,
,–°—Ç—Ä–∞–≤–∏ –¥–ª—è –ø—Ä–∏–≥–æ—Ç—É–≤–∞–Ω–Ω—è:,,,,,,
,–†–µ–±—Ä–∞ –≤ –º–µ–¥–æ–≤–æ–º—É –º–∞—Ä–∏–Ω–∞–¥—ñ,1000,1,,,,üçØ –ú–µ–¥ —Ç–∞ –ø—Ä–æ–¥—É–∫—Ç–∏ –∑ –Ω—å–æ–≥–æ
,–¢–µ–ª—è—Ç–∏–Ω–∞ –∑ –≥—Ä–µ–π–ø—Ñ—Ä—É—Ç–æ–º,1200,1,,,,
,–ö—É—Ä—è—á—ñ –∫—Ä–∏–ª–∞ –≤ –∞–∑—ñ–∞—Ç—Å—å–∫–æ–º—É —Å–æ—É—Å—ñ,1500,1,,,,
,–®–∞—à–ª–∏–∫ —Å–≤–∏–Ω–Ω–∏–π –∫–ª–∞—Å–∏—á–Ω–∏–π,1500,1,,,,
,–î–æ–ø–æ–≤–Ω–µ–Ω–Ω—è:,,,,,,
,"–°–æ—É—Å ""–ü—ñ–∫–∞–Ω—Ç–Ω–∏–π""",100,1,,,,
,–°–æ—É—Å –∫–∞—Ä—Ä—ñ,100,1,,,,üå∞ –ß–∞—Å–Ω–∏–∫ —Ç–∞ –ø—Ä–æ–¥—É–∫—Ç–∏ –∑ –Ω—å–æ–≥–æ
2,–ë–æ–∫—Å –¥–ª—è –±–∞—Ä–±–µ–∫—é 2,6000,,"4¬†855,00 –≥—Ä–Ω.","0,00 –≥—Ä–Ω.",,
,–ì–æ—Ç–æ–≤—ñ —Å—Ç—Ä–∞–≤–∏:,,,,,,
,–ù—ñ–º–µ—Ü—å–∫–∏–π —à–∞—à–ª–∏—á–æ–∫ –≤ –º–∞—Ä–∏–Ω–∞–¥—ñ –∑ –≥—ñ—Ä—á–∏—Ü–µ—é,1300,1,,,,
,–ö—Ä–∏–ª–∞ –∫—É—Ä—è—á—ñ —Å–º–∞–∂–µ–Ω—ñ —ñ–∑ —Å–æ—É—Å–æ–º BBQ,1100,1,,,,
,–ù—ñ–∂–∫–∏ –∫—É—Ä—è—á—ñ BBQ –≤ —á–∞—Å–Ω–∏—á–Ω–æ-–ª–∏–º–æ–Ω–Ω–æ–º—É –º–∞—Ä–∏–Ω–∞–¥—ñ,850,1,,,,üå∞ –ß–∞—Å–Ω–∏–∫ —Ç–∞ –ø—Ä–æ–¥—É–∫—Ç–∏ –∑ –Ω—å–æ–≥–æ
,"–û–≤–æ—á–µ–≤–∞ –Ω–∞—Ä—ñ–∑–∫–∞: –ø–æ–º—ñ–¥–æ—Ä–∏, –æ–≥—ñ—Ä–∫–∏, –ø–µ—Ä–µ—Ü—å –±–æ–ª–≥–∞—Ä—Å—å–∫–∏–π, —Ü–∏–±—É–ª—è —á–µ—Ä–≤–æ–Ω–∞, –ª–∏—Å—Ç —Å–∞–ª–∞—Ç—É, –∑–µ–ª–µ–Ω—å –∞—Å–æ—Ä—Ç—ñ",300,1,,,,
,"–®–∞–ø–æ—á–∫–∏ –ø–µ—á–µ—Ä–∏—Ü—å, —Ñ–∞—Ä—à–∏—Ä–æ–≤–∞–Ω—ñ –∫—É—Ä—è—á–∏–º –º'—è—Å–æ–º —Ç–∞ –∑–∞–ø–µ—á–µ–Ω—ñ –ø—ñ–¥ —Å–∏—Ä–æ–º",675,1,,,,
,–ö–∞—Ä—Ç–æ–ø–ª—è–Ω—ñ —Å–∫–∏–±–æ—á–∫–∏ –∑ —á–∞—Å–Ω–∏–∫–æ–º —ñ —á–µ–±—Ä–µ—Ü–µ–º,700,1,,,,üå∞ –ß–∞—Å–Ω–∏–∫ —Ç–∞ –ø—Ä–æ–¥—É–∫—Ç–∏ –∑ –Ω—å–æ–≥–æ
,–õ–∞–≤–∞—à —ñ–∑ —Å–∏—Ä–æ–º —Å—É–ª—É–≥—É–Ω—ñ —Ç–∞ –∑–µ–ª–µ–Ω–Ω—é,885,1,,,,
,–î–æ–ø–æ–≤–Ω–µ–Ω–Ω—è:,,,,,,
,–°–æ—É—Å –Ω–∞ –æ—Å–Ω–æ–≤—ñ —Å–∏—Ä—É –Ø–Ω—Ç–∞—Ä,100,1,,,,
,"–°–æ—É—Å ""–ú–µ–¥–æ–≤–æ-–µ—Å—Ç—Ä–∞–≥–æ–Ω–æ–≤–∏–π"" (–æ—Ü–µ—Ç –ï—Å—Ç—Ä–∞–≥–æ–Ω, –º–µ–¥, —Å–æ—É—Å –í–æ—Ä—á–µ—Å—Ç–µ—Ä, –æ–ª—ñ—è –æ–ª–∏–≤–∫–æ–≤–∞)",100,1,,,,üçØ –ú–µ–¥ —Ç–∞ –ø—Ä–æ–¥—É–∫—Ç–∏ –∑ –Ω—å–æ–≥–æ
3,–ë–æ–∫—Å –¥–ª—è –±–∞—Ä–±–µ–∫—é 3,5855,,"5¬†258,00 –≥—Ä–Ω.","0,00 –≥—Ä–Ω.",,
,–ì–æ—Ç–æ–≤—ñ —Å—Ç—Ä–∞–≤–∏:,,,,,,
,–•—Ä—É–º–∫—ñ –∫—É—Ä—è—á—ñ –∫—Ä–∏–ª–∞ –∑ —Å–æ—É—Å–æ–º –¢–∞—Ä-—Ç–∞—Ä,1480,1,,,,
,–†–µ–±—Ä–∞ –∫–∞—Ä–∞–º–µ–ª—ñ–∑–æ–≤–∞–Ω—ñ,850,1,,,,üçØ –ú–µ–¥ —Ç–∞ –ø—Ä–æ–¥—É–∫—Ç–∏ –∑ –Ω—å–æ–≥–æ
,–®–∞—à–ª–∏–∫ —ñ–∑ –º'—è—Å–∞ —ñ–Ω–¥–∏—á–∫–∏ –∑ —Å–æ—É—Å–æ–º BBQ,650,1,,,,üå∞ –ß–∞—Å–Ω–∏–∫ —Ç–∞ –ø—Ä–æ–¥—É–∫—Ç–∏ –∑ –Ω—å–æ–≥–æ
,"–û–≤–æ—á–µ–≤–∞ –Ω–∞—Ä—ñ–∑–∫–∞: –ø–æ–º—ñ–¥–æ—Ä–∏, –æ–≥—ñ—Ä–∫–∏, –ø–µ—Ä–µ—Ü—å –±–æ–ª–≥–∞—Ä—Å—å–∫–∏–π, —Ü–∏–±—É–ª—è —á–µ—Ä–≤–æ–Ω–∞, –ª–∏—Å—Ç —Å–∞–ª–∞—Ç—É, –∑–µ–ª–µ–Ω—å –∞—Å–æ—Ä—Ç—ñ",700,1,,,,
,–ü–µ—á–µ—Ä–∏—Ü—ñ —Ñ–∞—Ä—à–∏—Ä–æ–≤–∞–Ω—ñ –º—É—Å–æ–º —ñ–∑ –∫—Ä–µ–º-—Å–∏—Ä—É —Ç–∞ –±–µ–∫–æ–Ω—É,600,1,,,,üå∞ –ß–∞—Å–Ω–∏–∫ —Ç–∞ –ø—Ä–æ–¥—É–∫—Ç–∏ –∑ –Ω—å–æ–≥–æ
,–õ–∞–≤–∞—à —ñ–∑ —Å–∏—Ä–æ–º —Å—É–ª—É–≥—É–Ω—ñ —Ç–∞ –∑–µ–ª–µ–Ω–Ω—é,695,1,,,,
,–ö–∞—Ä—Ç–æ–ø–ª—è-–≥—Ä–∏–ª—å –∑ —Å–∞–ª–æ–º,680,1,,,,
,–î–æ–ø–æ–≤–Ω–µ–Ω–Ω—è:,,,,,,
,–°–æ—É—Å –¢—Ä—é—Ñ–µ–ª—å–Ω–∏–π,100,1,,,,
,–°–æ—É—Å –ì—ñ—Ä—á–∏—á–Ω–∏–π,100,1,,,,
,–î–µ—Å–µ—Ä—Ç–∏,,,,,,
1,–°–æ–ª–æ–¥–∫–∏–π –±–æ–∫—Å —ñ–∑ –ø–æ—Ä—Ü—ñ–π–Ω–∏–º–∏ –¥–µ—Å–µ—Ä—Ç–∞–º–∏,2400,,"2¬†062,00 –≥—Ä–Ω.","0,00 –≥—Ä–Ω.",,
,–ß—ñ–∞ –ø—É–¥–∏–Ω–≥ –∑ –≥—Ä–∞–Ω–æ–ª–æ—é —Ç–∞ —è–≥—ñ–¥–Ω–∏–º –¥–∂–µ–º–æ–º,120,5,,,,üçØ –ú–µ–¥ —Ç–∞ –ø—Ä–æ–¥—É–∫—Ç–∏ –∑ –Ω—å–æ–≥–æ
,–ü–∞–Ω–∞-–∫–æ—Ç–∞ —ñ–∑ –∂–µ–ª–µ –∑ –º–∞–Ω–≥–æ,120,5,,,,
,–ö–ª–∞—Å–∏—á–Ω–∏–π —Ç–∏—Ä–∞–º—ñ—Å—É,120,5,,,,
,–®–æ–∫–æ–ª–∞–¥–Ω–æ-–±–∞–Ω–∞–Ω–æ–≤–∏–π —á—ñ–∑–∫–µ–π–∫ —ñ–∑ –º–∏–≥–¥–∞–ª—å–Ω–∏–º–∏ –ø–ª–∞—Å—Ç—ñ–≤—Ü—è–º–∏,120,5,,,,ü•ú –ì–æ—Ä—ñ—Ö–∏ —Ç–∞ –ø—Ä–æ–¥—É–∫—Ç–∏ –∑ –Ω–∏—Ö
2,–ë–æ–∫—Å –¥–ª—è –∫–∞–≤–∞-–ø–∞—É–∑–∏,1180,,"1¬†637,00 –≥—Ä–Ω.","0,00 –≥—Ä–Ω.",,
,–¢–∞—Ä—Ç–∞–ª–µ—Ç–∫–∞ –∑ —à–æ–∫–æ–ª–∞–¥–æ–º (5 —à—Ç),50,5,,,,ü•ú –ì–æ—Ä—ñ—Ö–∏ —Ç–∞ –ø—Ä–æ–¥—É–∫—Ç–∏ –∑ –Ω–∏—Ö
,–ï–∫–ª–µ—Ä–∏ –∑—ñ –∑–≥—É—â–µ–Ω–∏–º –º–æ–ª–æ–∫–æ–º —Ç–∞ —Ü—É–∫—Ä–æ–≤–æ—é –ø—É–¥—Ä–æ—é  (12—à—Ç),35,12,,,,
,–ú–∞–∫–∞—Ä—É–Ω–∏ (6—à—Ç),35,6,,,,
,"–ü–µ—á–∏–≤–æ ""–≥–æ—Ä—ñ—à–∫–∏"" (12—à—Ç)",100,3,,,,
3,–ë–æ–∫—Å —ñ–∑ —Ñ—Ä—É–∫—Ç–∞–º–∏,1470,,"1¬†229,00 –≥—Ä–Ω.","0,00 –≥—Ä–Ω.",,
,–í–∏–Ω–æ–≥—Ä–∞–¥,300,,,,,
,–ê–Ω–∞–Ω–∞—Å,300,,,,,
,–ì—Ä—É—à–∞,300,,,,,
,–ê–ø–µ–ª—å—Å–∏–Ω,250,,,,,
,–ö—ñ–≤—ñ,300,,,,,
,–ú'—è—Ç–∞,20,,,,,
4,–°–æ–ª–æ–¥–∫–∏–π –±–æ–∫—Å —ñ–∑ —Ç–∞—Ä—Ç–∞–º–∏,1160,,"2¬†117,00 –≥—Ä–Ω.","0,00 –≥—Ä–Ω.",,
,–¢–∞—Ä—Ç –∑ –≤–∏—à–Ω–µ–≤–∏–º –º—É—Å–æ–º,50,8,,,,
,–¢–∞—Ä—Ç –∑ –∫–∞—Ä–∞–º–µ–ª—å–Ω–∏–º –º—É—Å–æ–º,50,8,,,,
,–¢–∞—Ä—Ç –∑ –≤–∞–Ω—ñ–ª—å–Ω–∏–º –º—É—Å–æ–º,45,8,,,,
5,–ë–æ–∫—Å —ñ–∑ —Å–æ–ª–æ–¥–∫–∏–º–∏ –º–ª–∏–Ω—Ü—è–º–∏,1260,,"1¬†573,00 –≥—Ä–Ω.","0,00 –≥—Ä–Ω.",,
,–†–æ–∂–µ–≤—ñ —Å–æ–ª–æ–¥–∫—ñ –º–ª–∏–Ω—Ü—ñ,70,6,,,,
,–ó–µ–ª–µ–Ω—ñ —Å–æ–ª–æ–¥–∫—ñ –º–ª–∏–Ω—Ü—ñ,70,6,,,,
,–ñ–æ–≤—Ç—ñ —Å–æ–ª–æ–¥–∫—ñ –º–ª–∏–Ω—Ü—ñ,70,6,,,,
,–î–æ–¥–∞—Ç–∫–æ–≤–æ:,,,,,,
,–î–∂–µ–º –º–∞–ª–∏–Ω–æ–≤–∏–π,120,1,,,,
,–°–º–µ—Ç–∞–Ω–∞,120,1,,,,
,–ú–µ–¥,120,1,,,,üçØ –ú–µ–¥ —Ç–∞ –ø—Ä–æ–¥—É–∫—Ç–∏ –∑ –Ω—å–æ–≥–æ
,–ù–∞–ø–æ—ó,,,,,,
1,–õ–∏–º–æ–Ω–∞–¥ –õ—ñ—Å–æ–≤—ñ —è–≥–æ–¥–∏,500,,"129,00 –≥—Ä–Ω.","0,00 –≥—Ä–Ω.",,
2,–õ–∏–º–æ–Ω–∞–¥ –Ü–º–±–∏—Ä–Ω–∏–π,500,,"129,00 –≥—Ä–Ω.","0,00 –≥—Ä–Ω.",,
3,–õ–∏–º–æ–Ω–∞–¥ –¶–∏—Ç—Ä—É—Å,500,,"129,00 –≥—Ä–Ω.","0,00 –≥—Ä–Ω.",,
4,–õ–∏–º–æ–Ω–∞–¥ –ü–æ–ª—É–Ω–∏—Ü—è-–±–∞–∑–∏–ª—ñ–∫,500,,"129,00 –≥—Ä–Ω.","0,00 –≥—Ä–Ω.",,
5,–õ–∏–º–æ–Ω–∞–¥ –ú–æ—Ö—ñ—Ç–æ,500,,"129,00 –≥—Ä–Ω.","0,00 –≥—Ä–Ω.",,
6,–õ–∏–º–æ–Ω–∞–¥ –ú–∞–Ω–≥–æ-–ú–∞—Ä–∞–∫—É–π—è,500,,"129,00 –≥—Ä–Ω.","0,00 –≥—Ä–Ω.",,
7,–õ–∏–º–æ–Ω–∞–¥ –û–≥—ñ—Ä–∫–æ–≤–∏–π,500,,"129,00 –≥—Ä–Ω.","0,00 –≥—Ä–Ω.",,
8,–ú–æ—Ä—Å —è–≥—ñ–¥–Ω–∏–π,500,,"118,00 –≥—Ä–Ω.","0,00 –≥—Ä–Ω.",,
9,–£–∑–≤–∞—Ä,500,,"118,00 –≥—Ä–Ω.","0,00 –≥—Ä–Ω.",,
