,–ì–∞—Ä—è—á—ñ —Å—Ç—Ä–∞–≤–∏ —Ç–∞ –∑–∞–∫—É—Å–∫–∏,,,,,,
‚Ññ –ø/–ø,–ù–∞–∑–≤–∞,"–í–∏—Ö—ñ–¥ –Ω–∞ —Å—Ç—ñ–ª, –ø–æ—Ä—Ü—ñ—è/–≤–∞–≥–∞, –≥—Ä.",–ö—ñ–ª-—Å—Ç—å –ø–æ—Ä—Ü—ñ–π,"–¶—ñ–Ω–∞, –≥—Ä–Ω","–°—É–º–∞, –≥—Ä–Ω",,
,,,,,,üïì —à–≤–∏–¥–∫–æ –≤—Ç—Ä–∞—á–∞—î —Å–≤—ñ–π —Å–º–∞–∫/–≤–∏–≥–ª—è–¥ ,
,"–ì–∞—Ä—è—á—ñ —Å—Ç—Ä–∞–≤–∏ –∑ –ø—Ç–∏—Ü—ñ, –∫—Ä–æ–ª–∏–∫–∞",,,,,*–ø—Ä–∏–≥–æ—Ç—É–≤–∞–Ω–Ω—è –Ω–∞ –ª–æ–∫–∞—Ü—ñ—ó,
1,–ë—Ä–æ—à–µ—Ç–∏ –∫—É—Ä—è—á—ñ –∑ –î—ñ–∂–æ–Ω—Å—å–∫–æ—é –≥—ñ—Ä—á–∏—Ü–µ—é,150,,"226,00 –≥—Ä–Ω.","0,00 –≥—Ä–Ω.",,
2,–ë—Ä–æ—à–µ—Ç–∏ –∫—É—Ä—è—á—ñ –¢–µ—Ä—ñ—è–∫—ñ,100,,"183,00 –≥—Ä–Ω.","0,00 –≥—Ä–Ω.",,
3,–ö—É—Ä—è—á–∏–π —à–∞—à–ª–∏—á–æ–∫ –∑ —Ü—É–∫—ñ–Ω—ñ —Ç–∞ —Å–æ—É—Å–æ–º —É–Ω–∞–≥—ñ,160,,"246,00 –≥—Ä–Ω.","0,00 –≥—Ä–Ω.",,
4,"–¢–µ—Ä—ñ—è–∫–∏ –∫—É—Ä–∫–∞ –∑ –∞–Ω–∞–Ω–∞—Å–æ–º (–∞–Ω–∞–Ω–∞—Å —Å–≤—ñ–∂–∏–π, –∫—É—Ä–∫–∞, —Ç–µ—Ä—ñ—è–∫–∏ —Å–æ—É—Å, –∫—É–Ω–∂—É—Ç)",250,,"393,00 –≥—Ä–Ω.","0,00 –≥—Ä–Ω.",,
5,–ë—Ä–æ—à–µ—Ç–∏ –∫—É—Ä—è—á—ñ –∑ –æ–≤–æ—á–∞–º–∏ –ø—ñ–∫–∞–Ω—Ç–Ω—ñ,100,,"234,00 –≥—Ä–Ω.","0,00 –≥—Ä–Ω.",,üå∂Ô∏è –ü–µ—Ä–µ—Ü—å –≥–æ—Å—Ç—Ä–∏–π —Ç–∞ –ø—Ä–æ–¥—É–∫—Ç–∏ –∑ –Ω—å–æ–≥–æ
6,–†—É–ª–µ—Ç–∏–∫–∏ –∫—É—Ä—è—á—ñ –∑ –±–∞–∑–∏–ª—ñ–∫–æ–º —Ç–∞ –±—Ä–∏–Ω–∑–æ—é —ñ–∑ —Å–æ—É—Å–æ–º BBQ,100,,"218,00 –≥—Ä–Ω.","0,00 –≥—Ä–Ω.",,
7,–†—É–ª–µ—Ç–∏–∫–∏ –∫—É—Ä—è—á—ñ –∑ –∫–æ–ø—á–µ–Ω–∏–º –æ–∫—ñ—Å—Ç–æ–º,100,,"159,00 –≥—Ä–Ω.","0,00 –≥—Ä–Ω.",,
8,–ö—Ä–∏–ª–∞ –∫—É—Ä—è—á—ñ —Å–º–∞–∂–µ–Ω—ñ —É —Ñ—Ä–∏—Ç—é—Ä—ñ –∑ —Ä–æ–∑–º–∞—Ä–∏–Ω–æ–º –Ω–∞ –ª–∏—Å—Ç—ñ —Å–∞–ª–∞—Ç–∞ —Ñ—Ä—ñ–∑–µ,250,,"271,00 –≥—Ä–Ω.","0,00 –≥—Ä–Ω.",,üïì –ó–º—ñ–Ω—é—î –∑–æ–≤–Ω—ñ—à–Ω—ñ–π –≤–∏–≥–ª—è–¥
9,–ö—Ä–∏–ª–∞ –∫—É—Ä—è—á—ñ —Å–º–∞–∂–µ–Ω—ñ —ñ–∑ —Å–æ—É—Å–æ–º BBQ,230/50,,"315,00 –≥—Ä–Ω.","0,00 –≥—Ä–Ω.",,
10,–•—Ä—É–º–∫—ñ –∫—É—Ä—è—á—ñ –∫—Ä–∏–ª–∞ –∑ —Å–æ—É—Å–æ–º –¢–∞—Ä-—Ç–∞—Ä,200/50,,"246,00 –≥—Ä–Ω.","0,00 –≥—Ä–Ω.",,
11,–ù—ñ–∂–∫–∏ –∫—É—Ä—è—á—ñ BBQ –∑ –ª–∏–º–æ–Ω–æ–º,100,,"125,00 –≥—Ä–Ω.","0,00 –≥—Ä–Ω.",,"üå∂Ô∏è –ü–µ—Ä–µ—Ü—å –≥–æ—Å—Ç—Ä–∏–π, üå∞ –ß–∞—Å–Ω–∏–∫ —Ç–∞ –ø—Ä–æ–¥—É–∫—Ç–∏ –∑ –Ω–∏—Ö"
12,–ö—É—Ä–∫–∞ –≤ –∫–æ–∫–æ—Å–æ–≤–æ–º—É —Å–æ—É—Å—ñ –∑—ñ —Å—Ç–µ–±–ª–æ–º –ª–µ–º–æ–Ω–≥—Ä–∞—Å—É,100/75/50,,"684,00 –≥—Ä–Ω.","0,00 –≥—Ä–Ω.",,
13,–ö—É—Ä–∫–∞ –≤ —è–ø–æ–Ω—Å—å–∫–æ–º—É —Å—Ç–∏–ª—ñ —ñ–∑ —Å–æ—î–≤–∏–º —Å–æ—É—Å–æ–º,100/40,,"271,00 –≥—Ä–Ω.","0,00 –≥—Ä–Ω.",,üçØ –ú–µ–¥ —Ç–∞ –ø—Ä–æ–¥—É–∫—Ç–∏ –∑ –Ω—å–æ–≥–æ
14,–ú—ñ–Ω—ñ-—à–∞—à–ª–∏—á–æ–∫ –∑ –∫—É—Ä–∫–∏ –∑ –±–∞–∑–∏–ª—ñ–∫–æ–º —Ç–∞ –ª–∞–π–º–æ–º,100/20,,"207,00 –≥—Ä–Ω.","0,00 –≥—Ä–Ω.",,
15,–ö—É—Ä—è—á–µ —Ñ—ñ–ª–µ –≤ –∞–ø–µ–ª—å—Å–∏–Ω–æ–≤–æ-—ñ–º–±–∏—Ä–Ω–æ–º—É —Å–æ—É—Å—ñ,100/50,,"330,00 –≥—Ä–Ω.","0,00 –≥—Ä–Ω.",,üçØ –ú–µ–¥ —Ç–∞ –ø—Ä–æ–¥—É–∫—Ç–∏ –∑ –Ω—å–æ–≥–æ
16,–ö—É—Ä–∫–∞ –≤ —Å–æ—É—Å—ñ –ë–µ—à–∞–º–µ–ª—å —ñ–∑ –≥—Ä–∏–±–∞–º–∏,260/100,,"385,00 –≥—Ä–Ω.","0,00 –≥—Ä–Ω.",,üå∞ –ß–∞—Å–Ω–∏–∫ —Ç–∞ –ø—Ä–æ–¥—É–∫—Ç–∏ –∑ –Ω—å–æ–≥–æ
17,"–ú–∏–≥–¥–∞–ª—å–Ω–∞ –∫—É—Ä–∫–∞ –∑ –≥—Ä–∏–±–∞–º–∏ (–∫—É—Ä—è—á–µ —Ñ—ñ–ª–µ, –ê–º–∞—Ä–µ—Ç—Ç–æ, –ø–µ—á–µ—Ä–∏—Ü—ñ –∞–±–æ –≥–ª–∏–≤–∞, –≤–µ—Ä—à–∫–∏, –º–∏–≥–¥–∞–ª—å–Ω–∞ —Å—Ç—Ä—É–∂–∫–∞)",120/80,,"401,00 –≥—Ä–Ω.","0,00 –≥—Ä–Ω.",,ü•ú –ì–æ—Ä—ñ—Ö–∏ —Ç–∞ –ø—Ä–æ–¥—É–∫—Ç–∏ –∑ –Ω–∏—Ö
18,–§—ñ–ª–µ–π–∫–∏ –∫—É—Ä—è—á—ñ –∑ –ø–µ—Ä—Å–∏–∫–æ–≤–∏–º —Å–æ—É—Å–æ–º,150/50/25,,"367,00 –≥—Ä–Ω.","0,00 –≥—Ä–Ω.",,üå∞ –ß–∞—Å–Ω–∏–∫ —Ç–∞ –ø—Ä–æ–¥—É–∫—Ç–∏ –∑ –Ω—å–æ–≥–æ
19,–ö—É—Ä—á–∞ —É –≤–µ—Ä—à–∫–æ–≤–æ–º—É —Å–æ—É—Å—ñ,150/50,,"280,00 –≥—Ä–Ω.","0,00 –≥—Ä–Ω.",,
20,–ö—É—Ä—è—á–µ —Ñ—ñ–ª–µ —Ñ–∞—Ä—à–∏—Ä–æ–≤–∞–Ω–µ –æ–≤–æ—á–∞–º–∏ –ø—ñ–¥ —Å–æ—É—Å–æ–º —ñ–∑ —Å–∏—Ä—É –ë—Ä—ñ,150/50,,"498,00 –≥—Ä–Ω.","0,00 –≥—Ä–Ω.",,üå∞ –ß–∞—Å–Ω–∏–∫ —Ç–∞ –ø—Ä–æ–¥—É–∫—Ç–∏ –∑ –Ω—å–æ–≥–æ
21,–ö–µ—Å–∞–¥—ñ–ª–ª—è –∫—É—Ä—è—á–∞,250,,"454,00 –≥—Ä–Ω.","0,00 –≥—Ä–Ω.",,üïì –ó–º—ñ–Ω—é—î –∑–æ–≤–Ω—ñ—à–Ω—ñ–π –≤–∏–≥–ª—è–¥
22,"–ü—Ä—è–Ω–∞ –∫—É—Ä–∫–∞, –∑–∞–ø–µ—á–µ–Ω–∞ –∑ –∞–ø–µ–ª—å—Å–∏–Ω–∞–º–∏",200,,"279,00 –≥—Ä–Ω.","0,00 –≥—Ä–Ω.",,üå∞ –ß–∞—Å–Ω–∏–∫ —Ç–∞ –ø—Ä–æ–¥—É–∫—Ç–∏ –∑ –Ω—å–æ–≥–æ
23,–õ—é–ª—è-–∫–µ–±–∞–± –∑ –º'—è—Å–∞ –∫—É—Ä–∫–∏ –∑ –æ–≤–æ—á–∞–º–∏ —Ç–∞ —Å–æ—É—Å–æ–º –ê–¥–∂–∏–∫–∞,100/30/30,,"223,00 –≥—Ä–Ω.","0,00 –≥—Ä–Ω.",,
24,"–ö—É—Ä—è—á–µ —Ñ—ñ–ª–µ ""–°—É-–í–∏–¥"" –∑ –≥–æ—Ä—ñ—Ö–æ–≤–∏–º —Å–æ—É—Å–æ–º —Ç–∞ –≥—Ä–∏–±–∞–º–∏",200/50,,"387,00 –≥—Ä–Ω.","0,00 –≥—Ä–Ω.",,ü•ú –ì–æ—Ä—ñ—Ö–∏ —Ç–∞ –ø—Ä–æ–¥—É–∫—Ç–∏ –∑ –Ω–∏—Ö
25,–ö—É—Ä—è—á—ñ –ø–∞–ª–∏—á–∫–∏ –≤ –ø–∞–Ω—ñ—Ä–æ–≤—Ü—ñ –∑ —Å–æ—É—Å–æ–º –ë–ª—é-—á—ñ–∑,180/50,,"393,00 –≥—Ä–Ω.","0,00 –≥—Ä–Ω.",,
26,–ö—É—Ä—è—á—ñ –º—ñ—Ç–±–æ–ª–∏ –∑ –±–µ–±—ñ –º–æ—Ü–∞—Ä–µ–ª–ª–æ—é,260,,"322,00 –≥—Ä–Ω.","0,00 –≥—Ä–Ω.",,
27,–ó–∞–ø–µ—á–µ–Ω–∞ –∫—É—Ä–∫–∞ –∑ –æ–≤–æ—á–∞–º–∏,1600/400,,"1¬†625,00 –≥—Ä–Ω.","0,00 –≥—Ä–Ω.",,
28,–ö—É—Ä—è—á–∞ –ø–µ—á—ñ–Ω–∫–∞ –≤ –±–µ–∫–æ–Ω—ñ –∑ –º–∞–ª–∏–Ω–æ–≤–∏–º —Å–æ—É—Å–æ–º,430,,"513,00 –≥—Ä–Ω.","0,00 –≥—Ä–Ω.",,
29,–ö–æ—Ç–ª–µ—Ç–∞ –∫–æ—Ä–¥–æ–Ω –ë–ª—é,75,,"126,00 –≥—Ä–Ω.","0,00 –≥—Ä–Ω.",,üïì –ó–º—ñ–Ω—é—î –∑–æ–≤–Ω—ñ—à–Ω—ñ–π –≤–∏–≥–ª—è–¥
30,–ö–æ—Ç–ª–µ—Ç–∞ –ø–æ - –∫–∏—ó–≤—Å—å–∫–∏ —Ä—É–±–∞–Ω–∞,60,,"80,00 –≥—Ä–Ω.","0,00 –≥—Ä–Ω.",,üïì –ó–º—ñ–Ω—é—î –∑–æ–≤–Ω—ñ—à–Ω—ñ–π –≤–∏–≥–ª—è–¥
31,–ö—É—Ä—è—á–µ —Ñ—ñ–ª–µ –∑–∞–ø–µ—á–µ–Ω–µ –∑ —Å–∏—Ä–æ–º —Ç–∞ –æ–≤–æ—á–∞–º–∏,100,,"135,00 –≥—Ä–Ω.","0,00 –≥—Ä–Ω.",,
32,–ö–æ—Ç–ª–µ—Ç–∞ –∫—É—Ä—è—á–∞,120,,"129,00 –≥—Ä–Ω.","0,00 –≥—Ä–Ω.",,
33,–ü–µ—Ä–µ–ø–µ–ª–∞ –≥—Ä–∏–ª—å –ø—ñ–¥ –π–æ–≥—É—Ä—Ç–æ–≤–æ-—á–∞—Å–Ω–∏–∫–æ–≤–∏–º —Å–æ—É—Å–æ–º –∑ –∫–∞—Ä—Ç–æ–ø–ª–µ—é –ø–∞–π —Ç–∞ –ø–æ–º—ñ–¥–æ—Ä–∞–º–∏ —á–µ—Ä—Ä—ñ,190/110/50,,"634,00 –≥—Ä–Ω.","0,00 –≥—Ä–Ω.",,üå∞ –ß–∞—Å–Ω–∏–∫ —Ç–∞ –ø—Ä–æ–¥—É–∫—Ç–∏ –∑ –Ω—å–æ–≥–æ
34,–ì—Ä—É–¥–∫–∞ –∫–∞—á–∏–Ω–∞ –≤ –ø–∏–≤—ñ –∑ —Å–æ—É—Å–æ–º –∫–∞—Ä—Ä—ñ,150/50,,"748,00 –≥—Ä–Ω.","0,00 –≥—Ä–Ω.",,
35,–ö–∞—á–∫–∞ –º–∞—Ä–∏–Ω–æ–≤–∞–Ω–∞ —Ç–∞ –∑–∞–ø–µ—á–µ–Ω–∞,100,,"212,00 –≥—Ä–Ω.","0,00 –≥—Ä–Ω.",,
36,–ö–∞—á–∏–Ω–∞ –Ω—ñ–∂–∫–∞ –∑ –≥—Ä—É—à–µ—é —Ç–∞ –∂—É—Ä–∞–≤–ª–∏–Ω–Ω–∏–º —Å–æ—É—Å–æ–º,200/70/50,,"913,00 –≥—Ä–Ω.","0,00 –≥—Ä–Ω.",,
37,–§—É–∞-–≥—Ä–∞ –Ω–∞ –ø–æ–¥—É—à—Ü—ñ –∑ —è–±–ª—É–∫ —ñ–∑ –º–∞–ª–∏–Ω–æ–≤–∏–º —Å–æ—É—Å–æ–º,250,,"885,00 –≥—Ä–Ω.","0,00 –≥—Ä–Ω.",,
38,–ó–∞–ø–µ—á–µ–Ω–∞ —ñ–Ω–¥–∏—á–∫–∞ –∑ –∞–ø–µ–ª—å—Å–∏–Ω–∞–º–∏,200/60,,"425,00 –≥—Ä–Ω.","0,00 –≥—Ä–Ω.",–Ω–µ –º–µ–Ω—à–µ 1 –∫–≥,
39,–®–∞—à–ª–∏–∫ —ñ–∑ –º'—è—Å–∞ —ñ–Ω–¥–∏—á–∫–∏ –∑ —Å–æ—É—Å–æ–º BBQ,100/30,,"262,00 –≥—Ä–Ω.","0,00 –≥—Ä–Ω.",,üå∞ –ß–∞—Å–Ω–∏–∫ —Ç–∞ –ø—Ä–æ–¥—É–∫—Ç–∏ –∑ –Ω—å–æ–≥–æ
40,–†—É–ª–µ—Ç–∏–∫–∏ –∑ –º'—è—Å–∞ –∫—Ä–æ–ª–∏–∫–∞ –∑ –ø–µ—á—ñ–Ω–∫–æ—é —ñ —Å–µ–ª–µ—Ä–æ—é,100/20,,"254,00 –≥—Ä–Ω.","0,00 –≥—Ä–Ω.",,
,–ì–∞—Ä—è—á—ñ —Å—Ç—Ä–∞–≤–∏ –∑—ñ —Å–≤–∏–Ω–∏–Ω–∏,,,,,,
1,"–ë—Ä–æ—à–µ—Ç–∏ –∑—ñ —Å–≤–∏–Ω–∏–Ω–∏ –≤ –º–∞—Ä–∏–Ω–∞–¥—ñ –∑ –•–µ—Ä–µ—Å—É, –∫–æ—Ä—ñ–∞–Ω–¥—Ä—É —Ç–∞ –ª–∞–π–º–∞",100,,"298,00 –≥—Ä–Ω.","0,00 –≥—Ä–Ω.",,
2,–ë—Ä–æ—à–µ—Ç–∏ –∑—ñ —Å–≤–∏–Ω—è—á–æ—ó –∫–æ—Ä–µ–π–∫–∏ –∑ —è–±–ª—É–∫–∞–º–∏,100,,"254,00 –≥—Ä–Ω.","0,00 –≥—Ä–Ω.",,
3,–°–≤–∏–Ω—è—á—ñ –±—Ä–æ—à–µ—Ç–∏ –∑ –ø—Ä—è–Ω–æ—é –∫–æ–≤–±–∞—Å–æ—é —Ç–∞ –∑–µ–ª–µ–Ω–∏–º –≥–æ—Ä–æ—à–∫–æ–º,100,,"192,00 –≥—Ä–Ω.","0,00 –≥—Ä–Ω.",,"üå∞ –ß–∞—Å–Ω–∏–∫, üå∂Ô∏è –ü–µ—Ä–µ—Ü—å –≥–æ—Å—Ç—Ä–∏–π —Ç–∞ –ø—Ä–æ–¥—É–∫—Ç–∏ –∑ –Ω–∏—Ö"
4,–ë—Ä–æ—à–µ—Ç–∏ –∑—ñ —Å–≤–∏–Ω—è—á–æ–≥–æ –æ—à–∏–π–∫–∞ –≤ –º–∞—Ä–∏–Ω–∞–¥—ñ –∑ —á–µ–±—Ä–µ—Ü—é —Ç–∞ —Å–æ—É—Å—É –¢–∫–µ–º–∞–ª—ñ,100,,"228,00 –≥—Ä–Ω.","0,00 –≥—Ä–Ω.",,
5,"–ë—Ä–æ—à–µ—Ç–∏ –∑—ñ —Å–≤–∏–Ω—è—á–æ–≥–æ –æ—à–∏–π–∫–∞, –º–∞—Ä–∏–Ω–æ–≤–∞–Ω–æ–≥–æ –≤ —á–µ—Ä–≤–æ–Ω–æ–º—É –≤–∏–Ω—ñ, –Ω–∞ –ª–∞–≤–∞—à—ñ –∑ –≥–æ—Å—Ç—Ä–∏–º —á–µ—Ä–≤–æ–Ω–∏–º —Å–æ—É—Å–æ–º",200/50/50,,"578,00 –≥—Ä–Ω.","0,00 –≥—Ä–Ω.",,
6,–§—ñ–ª–µ —Å–≤–∏–Ω–∏–Ω–∏ —É –≤–∏—à–Ω–µ–≤–æ–º—É —Å–æ—É—Å—ñ,100/50,,"385,00 –≥—Ä–Ω.","0,00 –≥—Ä–Ω.",,
7,–ï—Å–∫–∞–ª–æ–ø –∑—ñ —Å–≤–∏–Ω–∏–Ω–∏ –ø—ñ–¥ —Å–æ—É—Å–æ–º –ü—ñ—Ü—Ü–∞–π–æ–ª–∞,150/50/100,,"587,00 –≥—Ä–Ω.","0,00 –≥—Ä–Ω.",,üå∞ –ß–∞—Å–Ω–∏–∫ —Ç–∞ –ø—Ä–æ–¥—É–∫—Ç–∏ –∑ –Ω—å–æ–≥–æ
8,"–°–≤–∏–Ω—è—á–∞ –∫–æ—Ä–µ–π–∫–∞, –º–∞—Ä–∏–Ω–æ–≤–∞–Ω–∞ —É —á–µ—Ä–≤–æ–Ω–æ–º—É –≤–∏–Ω—ñ –∑—ñ —Å–ø–µ—Ü—ñ—è–º–∏ –∑ –æ–≤–æ—á–∞–º–∏ –≥—Ä–∏–ª—å",200/100,,"573,00 –≥—Ä–Ω.","0,00 –≥—Ä–Ω.",,üå∞ –ß–∞—Å–Ω–∏–∫ —Ç–∞ –ø—Ä–æ–¥—É–∫—Ç–∏ –∑ –Ω—å–æ–≥–æ
9,–ú–µ–¥–∞–ª—å–π–æ–Ω–∏ –∑—ñ —Å–≤–∏–Ω—è—á–æ—ó –∫–æ—Ä–µ–π–∫–∏ –≤ —ñ–º–±–∏—Ä–Ω—ñ–π –≥–ª–∞–∑—É—Ä—ñ,200/50,,"477,00 –≥—Ä–Ω.","0,00 –≥—Ä–Ω.",,
10,–†–µ–±–µ—Ä—Ü—è —Å–≤–∏–Ω—è—á—ñ –≥–ª–∞–∑—É—Ä–æ–≤–∞–Ω—ñ —Ç–∞ –ø—Ä–∏–≥–æ—Ç–æ–≤–∞–Ω—ñ –Ω–∞ –≥—Ä–∏–ª—å-—Ä–µ—à—ñ—Ç—Ü—ñ,200/20,,"352,00 –≥—Ä–Ω.","0,00 –≥—Ä–Ω.",,"üå∞ –ß–∞—Å–Ω–∏–∫, üçØ –ú–µ–¥ —Ç–∞ –ø—Ä–æ–¥—É–∫—Ç–∏ –∑ –Ω–∏—Ö"
11,"–í–∏—Ä—ñ–∑–∫–∞ —Å–≤–∏–Ω—è—á–∞, –º–∞—Ä–∏–Ω–æ–≤–∞–Ω–∞ —Ç–∞ –ø—Ä–∏–≥–æ—Ç–æ–≤–ª–µ–Ω–∞ –Ω–∞ –º–∞–Ω–≥–∞–ª—ñ",100,,"289,00 –≥—Ä–Ω.","0,00 –≥—Ä–Ω.",,üå∞ –ß–∞—Å–Ω–∏–∫ —Ç–∞ –ø—Ä–æ–¥—É–∫—Ç–∏ –∑ –Ω—å–æ–≥–æ
12,–ú–∞—Ä–∏–Ω–æ–≤–∞–Ω—ñ —Å–≤–∏–Ω—è—á—ñ —Ä–µ–±–µ—Ä—Ü—è BBQ,100,,"201,00 –≥—Ä–Ω.","0,00 –≥—Ä–Ω.",,"üå∞ –ß–∞—Å–Ω–∏–∫, üçØ –ú–µ–¥ —Ç–∞ –ø—Ä–æ–¥—É–∫—Ç–∏ –∑ –Ω–∏—Ö"
13,–†—É–ª–µ—Ç–∏–∫–∏ –∑—ñ —Å–≤–∏–Ω—è—á–æ—ó –≤–∏—Ä—ñ–∑–∫–∏ –∑ –±–æ–ª–≥–∞—Ä—Å—å–∫–∏–º –ø–µ—Ä—Ü–µ–º —Ç–∞ —Ä–æ–∑–º–∞—Ä–∏–Ω–æ–º —ñ–∑ —Å–æ—É—Å–æ–º BBQ,120,,"298,00 –≥—Ä–Ω.","0,00 –≥—Ä–Ω.",,"üå∞ –ß–∞—Å–Ω–∏–∫, üçØ –ú–µ–¥ —Ç–∞ –ø—Ä–æ–¥—É–∫—Ç–∏ –∑ –Ω–∏—Ö"
14,–°—Ç–µ–π–∫ —ñ–∑ —Å–≤–∏–Ω—è—á–æ—ó –∫–æ—Ä–µ–π–∫–∏ –Ω–∞ –∫—ñ—Å—Ç—Ü—ñ –∑ —Å–æ—É—Å–æ–º –¢–µ—Ä—ñ—è–∫—ñ,100/25,,"301,00 –≥—Ä–Ω.","0,00 –≥—Ä–Ω.",,
15,–®–∞—à–ª–∏–∫ –∑—ñ —Å–≤–∏–Ω—è—á–æ–≥–æ –æ—à–∏–π–∫–∞ –≤ –º–∞—Ä–∏–Ω–∞–¥—ñ –∑ —á–µ–±—Ä–µ—Ü—é —Ç–∞ —Å–æ—É—Å—É –¢–∫–µ–º–∞–ª—ñ,100,,"228,00 –≥—Ä–Ω.","0,00 –≥—Ä–Ω.",,
16,–ü—Ä—É—Å—Å—å–∫–µ —Ç—Ä—ñ–æ –∑ –∫–æ–≤–±–∞—Å–æ–∫ —ñ–∑ —Å–æ—É—Å–æ–º,150/20,,"405,00 –≥—Ä–Ω.","0,00 –≥—Ä–Ω.",,
17,–°–≤–∏–Ω—è—á–µ —Ñ—ñ–ª–µ –≤ –±–µ–∫–æ–Ω—ñ –∑—ñ —Å–º–∞–∂–µ–Ω–∏–º –º–∞–Ω–≥–æ –≥—Ä–∏–ª—å —Ç–∞ –∫–∞–ø—É—Å—Ç–æ—é –±—Ä–æ–∫–∫–æ–ª—ñ,150/50/20,,"719,00 –≥—Ä–Ω.","0,00 –≥—Ä–Ω.",,
18,–ö–µ—Å–∞–¥—ñ–ª—å—è –∑—ñ —Å–≤–∏–Ω–∏–Ω–æ—é,300,,"527,00 –≥—Ä–Ω.","0,00 –≥—Ä–Ω.",,üïì –ó–º—ñ–Ω—é—î –∑–æ–≤–Ω—ñ—à–Ω—ñ–π –≤–∏–≥–ª—è–¥
19,–§–∞—Ö—ñ—Ç–∞—Å –∑—ñ —Å–≤–∏–Ω–∏–Ω–∏,350,,"640,00 –≥—Ä–Ω.","0,00 –≥—Ä–Ω.",,üïì –ó–º—ñ–Ω—é—î –∑–æ–≤–Ω—ñ—à–Ω—ñ–π –≤–∏–≥–ª—è–¥
20,–ö–æ—Ä–µ–π–∫–∞ —Å–≤–∏–Ω—è—á–∞ –Ω–∞ –∫—ñ—Å—Ç—Ü—ñ —ñ–∑ —Å–æ—É—Å–æ–º BBQ,100/30,,"267,00 –≥—Ä–Ω.","0,00 –≥—Ä–Ω.",,üå∞ –ß–∞—Å–Ω–∏–∫ —Ç–∞ –ø—Ä–æ–¥—É–∫—Ç–∏ –∑ –Ω—å–æ–≥–æ
21,"–†–µ–±—Ä–∞ –ú–∏—Å–ª–∏–≤—Å—å–∫—ñ (—Ä–µ–±—Ä–æ —Å–≤–∏–Ω—è—á–µ, —Ü–∏–±—É–ª—è —á–µ—Ä–≤–æ–Ω–∞, –º–æ—Ä–∫–≤–∞, –±—É—Ä—è–∫ —Å—Ç–æ–ª–æ–≤–∏–π, –≥—Ä–∏–±–∏, –∫–≤–∞—Å, –∂—É—Ä–∞–≤–ª–∏–Ω–∞)",240/40,,"498,00 –≥—Ä–Ω.","0,00 –≥—Ä–Ω.",,
22,–°—Ç–µ–π–∫ —ñ–∑ —Å–≤–∏–Ω—è—á–æ–≥–æ –æ—à–∏–π–∫–∞ –∑ —Å–æ—É—Å–æ–º –ü–∞–ø—Ä—ñ–∫ (BBQ),200/30,,"483,00 –≥—Ä–Ω.","0,00 –≥—Ä–Ω.",,üçØ –ú–µ–¥ —Ç–∞ –ø—Ä–æ–¥—É–∫—Ç–∏ –∑ –Ω—å–æ–≥–æ
23,–ú–µ–¥–∞–ª—å–π–æ–Ω–∏ –∑—ñ —Å–≤–∏–Ω—è—á–æ—ó –≤–∏—Ä—ñ–∑–∫–∏ –≤ —ñ–º–±–∏—Ä–Ω—ñ–π –≥–ª–∞–∑—É—Ä—ñ,200,,"464,00 –≥—Ä–Ω.","0,00 –≥—Ä–Ω.",,
24,–ú—ñ—Ç–±–æ–ª–∏ –≤ –∞–∑—ñ–∞—Ç—Å—å–∫–æ–º—É —Å–æ—É—Å—ñ (–∫–∏—Å–ª–æ—Å–æ–ª–æ–¥–∫–∏–π),50/30,,"119,00 –≥—Ä–Ω.","0,00 –≥—Ä–Ω.",,üå∞ –ß–∞—Å–Ω–∏–∫ —Ç–∞ –ø—Ä–æ–¥—É–∫—Ç–∏ –∑ –Ω—å–æ–≥–æ
25,–í—ñ–¥–±–∏–≤–Ω–∞ –∑ –≥—Ä–∏–±–∞–º–∏ —Ç–∞ —Å–∏—Ä–æ–º,140,,"135,00 –≥—Ä–Ω.","0,00 –≥—Ä–Ω.",,
,–ì–∞—Ä—è—á—ñ —Å—Ç—Ä–∞–≤–∏ –∑ –±–∞—Ä–∞–Ω–∏–Ω–∏,,,,,,
1,–®–∞—à–ª–∏–∫ —ñ–∑ –±–∞—Ä–∞–Ω–∏–Ω–∏ –∑ —Å–æ—É—Å–æ–º –¢–∫–µ–º–∞–ª—ñ,175/25,,"458,00 –≥—Ä–Ω.","0,00 –≥—Ä–Ω.",,
2,–®–∞—à–ª–∏–∫ –∑ –±–∞—Ä–∞–Ω–∏–Ω–∏ –∑ —Ü–∏–±—É–ª–µ—é —à–∞–ª–æ—Ç —Ç–∞ —Ü—É–∫—ñ–Ω—ñ,100,,"261,00 –≥—Ä–Ω.","0,00 –≥—Ä–Ω.",,
3,–®–∞—à–ª–∏–∫ –∑ –±–∞—Ä–∞–Ω–∏–Ω–∏ –º–∞—Ä–∏–Ω–æ–≤–∞–Ω–æ—ó –≤ —á–µ—Ä–≤–æ–Ω–æ–º—É –≤–∏–Ω—ñ –∑—ñ —Å–ø–µ—Ü—ñ—è–º–∏ –Ω–∞ –ª–∞–≤–∞—à—ñ –∑ –≥–æ—Å—Ç—Ä–∏–º —Å–æ—É—Å–æ–º,200/50/50,,"674,00 –≥—Ä–Ω.","0,00 –≥—Ä–Ω.",,
4,–ë–∞—Ä–∞–Ω–∏–Ω–∞ BBQ –∑ —Å–æ—É—Å–æ–º –ü–µ—Å—Ç–æ —Ç–∞ –æ–≤–æ—á–µ–≤–æ—é –±—Ä—É—Å–∫–µ—Ç–æ—é,100/75/50,,"459,00 –≥—Ä–Ω.","0,00 –≥—Ä–Ω.",,üå∞ –ß–∞—Å–Ω–∏–∫ —Ç–∞ –ø—Ä–æ–¥—É–∫—Ç–∏ –∑ –Ω—å–æ–≥–æ
5,–†–µ–±–µ—Ä—Ü—è —è–≥–Ω—è—Ç–∏ –º–∞—Ä–∏–Ω–æ–≤–∞–Ω—ñ –≤ –±—ñ–ª–æ–º—É –≤–∏–Ω—ñ —ñ –ø—Ä–∏–≥–æ—Ç–æ–≤–ª–µ–Ω—ñ –Ω–∞ –≥—Ä–∏–ª—ñ-—Ä–µ—à—ñ—Ç—Ü—ñ,200,,"686,00 –≥—Ä–Ω.","0,00 –≥—Ä–Ω.",,
6,–ö–∞—Ä–µ —è–≥–Ω—è—Ç–∏ –º–∞—Ä–∏–Ω–æ–≤–∞–Ω–µ –∑ –ø–æ–º—ñ–¥–æ—Ä–æ–º –ß–µ—Ä—ñ —Ç–∞ —Å–æ—É—Å–æ–º BBQ,100/40/30,,"480,00 –≥—Ä–Ω.","0,00 –≥—Ä–Ω.",,üå∞ –ß–∞—Å–Ω–∏–∫ —Ç–∞ –ø—Ä–æ–¥—É–∫—Ç–∏ –∑ –Ω—å–æ–≥–æ
7,–õ—é–ª—è-–∫–µ–±–∞–± —ñ–∑ –±–∞—Ä–∞–Ω–∏–Ω–∏,250,,"518,00 –≥—Ä–Ω.","0,00 –≥—Ä–Ω.",,
,"–ì–∞—Ä—è—á—ñ —Å—Ç—Ä–∞–≤–∏ –∑ —è–ª–æ–≤–∏—á–∏–Ω–∏, —Ç–µ–ª—è—Ç–∏–Ω–∏",,,,,,
1,"–®–∞—à–ª–∏–∫ –∑ —Ç–µ–ª—è—á–æ—ó –≤–∏—Ä—ñ–∑–∫–∏, –º–∞—Ä–∏–Ω–æ–≤–∞–Ω–æ—ó –≤ —á–µ—Ä–≤–æ–Ω–æ–º—É –≤–∏–Ω—ñ, –Ω–∞ –ª–∞–≤–∞—à—ñ –∑ –≥–æ—Å—Ç—Ä–∏–º —Å–æ—É—Å–æ–º",200/50/50,,"1¬†005,00 –≥—Ä–Ω.","0,00 –≥—Ä–Ω.",,
2,–ê–Ω—Ç—Ä–µ–∫–æ—Ç —ñ–∑ —Ç–µ–ª—è—Ç–∏–Ω–∏ –∑ –æ—Ä–µ–≥–∞–Ω–æ,100,,"249,00 –≥—Ä–Ω.","0,00 –≥—Ä–Ω.",,üå∞ –ß–∞—Å–Ω–∏–∫ —Ç–∞ –ø—Ä–æ–¥—É–∫—Ç–∏ –∑ –Ω—å–æ–≥–æ
3,–¢—É—à–∫–æ–≤–∞–Ω–∞ —Ç–µ–ª—è—Ç–∏–Ω–∞ –≤ –ø—Ä—è–Ω–æ—â–∞—Ö –∑ –æ–≤–æ—á–∞–º–∏ —Ç–∞ —Å–æ—É—Å–æ–º,100/50/100,,"423,00 –≥—Ä–Ω.","0,00 –≥—Ä–Ω.",,"üå∂Ô∏è –ü–µ—Ä–µ—Ü—å –≥–æ—Å—Ç—Ä–∏–π, üçØ –ú–µ–¥ —Ç–∞ –ø—Ä–æ–¥—É–∫—Ç–∏ –∑ –Ω–∏—Ö"
4,"–¢–µ–ª—è—Ç–∏–Ω–∞, –º–∞—Ä–∏–Ω–æ–≤–∞–Ω–∞ –≤ –π–æ–≥—É—Ä—Ç—ñ –∑ —Ç—Ä–∞–≤–∞–º–∏",150/50,,"578,00 –≥—Ä–Ω.","0,00 –≥—Ä–Ω.",,üå∞ –ß–∞—Å–Ω–∏–∫ —Ç–∞ –ø—Ä–æ–¥—É–∫—Ç–∏ –∑ –Ω—å–æ–≥–æ
5,"–ú–µ–¥–∞–ª—å–π–æ–Ω–∏ –∑ —Ç–µ–ª—è—Ç–∏–Ω–∏, —Ñ–ª–∞–º–±–æ–≤–∞–Ω—ñ —ñ–∑ –ø—Ä—è–Ω–∏–º–∏ —Ç—Ä–∞–≤–∞–º–∏",150/20,,"756,00 –≥—Ä–Ω.","0,00 –≥—Ä–Ω.",,üçØ –ú–µ–¥ —Ç–∞ –ø—Ä–æ–¥—É–∫—Ç–∏ –∑ –Ω—å–æ–≥–æ
6,–ú–µ–¥–∞–ª—å–π–æ–Ω–∏ –∑ —Ç–µ–ª—è—Ç–∏–Ω–∏ –≤ –±–µ–∫–æ–Ω—ñ BBQ,150,,"545,00 –≥—Ä–Ω.","0,00 –≥—Ä–Ω.",,
7,–†—É–ª–µ—Ç–∏–∫–∏ –∞–ø–µ—Ç–∏—Ç–Ω—ñ –∑ —Ç–µ–ª—è—Ç–∏–Ω–∏ —ñ–∑ —Å–∏—Ä–æ–º,150,,"569,00 –≥—Ä–Ω.","0,00 –≥—Ä–Ω.",,
8,–ú–µ–¥–∞–ª—å–π–æ–Ω–∏ –∑ —Ç–µ–ª—è—á–æ—ó –≤–∏—Ä—ñ–∑–∫–∏ —É —Å–æ—É—Å—ñ –ß–µ—Ä–≤–æ–Ω–µ –≤–∏–Ω–æ,200,,"893,00 –≥—Ä–Ω.","0,00 –≥—Ä–Ω.",,
9,–†—É–ª–µ—Ç–∏–∫–∏ –∑ —Ç–µ–ª—è—Ç–∏–Ω–∏ –∑ –±–µ–∫–æ–Ω–æ–º –∑ –≥—ñ–ª–æ—á–∫–æ—é —á–µ–±—Ä–µ—Ü—é —ñ —Å–æ—É—Å–æ–º –î–µ–º—ñ –≥–ª–∞—Å,150/75,,"566,00 –≥—Ä–Ω.","0,00 –≥—Ä–Ω.",,
10,"–ú–µ–¥–∞–ª—å–π–æ–Ω–∏ –∑ —Ç–µ–ª—è—Ç–∏–Ω–∏, —Ñ–∞—Ä—à–∏—Ä–æ–≤–∞–Ω—ñ –∫—É—Ä—è—á–∏–º —Ç–µ—Ä–µ–Ω–æ–º –ø—ñ–¥ —Å–º–æ—Ä–æ–¥–∏–Ω–æ–≤–∏–º —Å–æ—É—Å–æ–º",150/50/100,,"869,00 –≥—Ä–Ω.","0,00 –≥—Ä–Ω.",,
11,"–§—ñ–ª–µ —Ç–µ–ª—è—Ç–∏–Ω–∏ –ø—ñ–¥ —Å–æ—É—Å–æ–º ""–ú—ñ—Ä–∞–±–æ""",150/50,,"1¬†031,00 –≥—Ä–Ω.","0,00 –≥—Ä–Ω.",,
12,–õ—é–ª—è-–∫–µ–±–∞–± –∑ —Ç–µ–ª—è—Ç–∏–Ω–∏ –∑ –æ–≤–æ—á–∞–º–∏ —Ç–∞ —Å–æ—É—Å–æ–º –ê–¥–∂–∏–∫–∞,100/30/30,,"275,00 –≥—Ä–Ω.","0,00 –≥—Ä–Ω.",,
13,"–¢–µ–ª—è—Ç–∏–Ω–∞ BBQ –∑ –ø'—è–Ω–æ—é –≥—Ä—É—à–µ—é (—Ç–µ–ª—è—Ç–∏–Ω–∞ –°—É-–≤—ñ–¥, –≥—Ä—É—à–∞, –≤–∏–Ω–æ –±—ñ–ª–µ, —Å–æ—î–≤–∏–π —Å–æ—É—Å, –∑–µ–ª–µ–Ω–∞ —Ü–∏–±—É–ª—è)",130/30,,"480,00 –≥—Ä–Ω.","0,00 –≥—Ä–Ω.",,üå∞ –ß–∞—Å–Ω–∏–∫ —Ç–∞ –ø—Ä–æ–¥—É–∫—Ç–∏ –∑ –Ω—å–æ–≥–æ
14,"–°—Ç–µ–π–∫ –∑ —Ç–µ–ª—è—Ç–∏–Ω–∏, —Ñ–∞—Ä—à–∏—Ä–æ–≤–∞–Ω–∏–π –ü—Ä–æ—à—É—Ç–æ, —à–ø–∏–Ω–∞—Ç–æ–º, –±–æ–ª–≥–∞—Ä—Å—å–∫–∏–º –ø–µ—Ä—Ü–µ–º –∑ –æ–ª–∏–≤–∫–∞–º–∏ —Ç–∞ —Å–∏—Ä–æ–º –ü–∞—Ä–º–µ–∑–∞–Ω",250,,"692,00 –≥—Ä–Ω.","0,00 –≥—Ä–Ω.",,üå∞ –ß–∞—Å–Ω–∏–∫ —Ç–∞ –ø—Ä–æ–¥—É–∫—Ç–∏ –∑ –Ω—å–æ–≥–æ
15,–ê–Ω—Ç—Ä–µ–∫–æ—Ç —ñ–∑ —è–ª–æ–≤–∏—á–∏–Ω–∏ –∑ –≥—ñ—Ä—á–∏—á–Ω–∏–º —Å–æ—É—Å–æ–º,150/20,,"399,00 –≥—Ä–Ω.","0,00 –≥—Ä–Ω.",,
16,"–Ø–ª–æ–≤–∏—á–∏–Ω–∞ ""–°—É-–í—ñ–¥"" —ñ–∑ –ì–∞—Å–ø–∞—á–æ",200,,"453,00 –≥—Ä–Ω.","0,00 –≥—Ä–Ω.",,
,"–ì–∞—Ä—è—á—ñ —Å—Ç—Ä–∞–≤–∏ –∑ —Ä–∏–±–∏, –º–æ—Ä–µ–ø—Ä–æ–¥—É–∫—Ç—ñ–≤",,,,,,
1,–ë—Ä–æ—à–µ—Ç–∏ —ñ–∑ —Å—å–æ–º–≥–∏ –∑ –≤–µ—Ä—à–∫–æ–≤–æ-—ñ–∫–æ—Ä–Ω–∏–º —Å–æ—É—Å–æ–º (2 —à–∞—à–ª–∏—á–∫–∏),150/30,,"604,00 –≥—Ä–Ω.","0,00 –≥—Ä–Ω.",,
2,–ë—Ä–æ—à–µ—Ç–∏ –∑ —Å—å–æ–º–≥–∏ —Ç–∞ –æ–∫—É–Ω—è –º–∞—Ä–∏–Ω–æ–≤–∞–Ω–∏–π —É –≥—Ä–∞–Ω–∞—Ç–æ–≤–æ–º—É —Å–æ—É—Å—ñ –ù–∞—Ä—à–∞—Ä–∞–±,100/20,,"476,00 –≥—Ä–Ω.","0,00 –≥—Ä–Ω.",,
3,"–®–∞—à–ª–∏–∫ ""–ö–ª–µ–æ–ø–∞—Ç—Ä–∞"" –∑ –Ω–æ—Ä–≤–µ–∑—å–∫–æ—ó —Å—å–æ–º–≥–∏, –º–∞—Ä–∏–Ω–æ–≤–∞–Ω–æ—ó –≤ –≥—Ä–∞–Ω–∞—Ç–æ–≤–æ–º—É —Å–æ—É—Å—ñ –ù–∞—Ä—à–∞—Ä–∞–±",100/20,,"513,00 –≥—Ä–Ω.","0,00 –≥—Ä–Ω.",,
4,–§—ñ–ª–µ —Å—å–æ–º–≥–∏ –æ–±—Å–º–∞–∂–µ–Ω–µ –∑ –≤–µ—Ä—à–∫–æ–≤–∏–º —Å–æ—É—Å–æ–º,150/50,,"1¬†078,00 –≥—Ä–Ω.","0,00 –≥—Ä–Ω.",,
5,–§—ñ–ª–µ –∑ –ª–æ—Å–æ—Å—è —Ç–∞ –±—ñ–ª–æ—ó —Ä–∏–±–∏ –≤ –Ω–æ—Ä—ñ –ª–∏—Å—Ç—ñ –∑ —Å–æ—É—Å–æ–º —É–Ω–∞–≥–∏,150,,"588,00 –≥—Ä–Ω.","0,00 –≥—Ä–Ω.",,
6,"–§–æ—Ä–µ–ª—å, —Ñ–∞—Ä—à–∏—Ä–æ–≤–∞–Ω–∞ —Å–∏—Ä–æ–º —Å—É–ª—É–≥—É–Ω—ñ —Ç–∞ –≥–æ—Ä—ñ—Ö–∞–º–∏",300,,"985,00 –≥—Ä–Ω.","0,00 –≥—Ä–Ω.",,ü•ú –ì–æ—Ä—ñ—Ö–∏ —Ç–∞ –ø—Ä–æ–¥—É–∫—Ç–∏ –∑ –Ω–∏—Ö
7,–ë—Ä–æ—à–µ—Ç–∏ —ñ–∑ —Å–æ–º—É –∑ —Å–æ—É—Å–æ–º –ë–µ—à–∞–º–µ–ª—å (2 –±—Ä–æ—à–µ—Ç–∞),150/20,,"606,00 –≥—Ä–Ω.","0,00 –≥—Ä–Ω.",,
8,–§—ñ–ª–µ –º—ñ–Ω—Ç–∞—è –≤ –∫—É–Ω–∂—É—Ç—ñ –∑ —Å–æ—É—Å–æ–º –ë–µ—à–∞–º–µ–ª—å —ñ —Ü–∏–±—É–ª–µ—é —à–Ω—ñ—Ç,120/30,,"298,00 –≥—Ä–Ω.","0,00 –≥—Ä–Ω.",,
9,–§—ñ–ª–µ —Ç–∏–ª—è–ø—ñ—ó –≤ –∞–ø–µ—Ç–∏—Ç–Ω–æ–º—É –∫–ª—è—Ä—ñ,60/15,,"69,00 –≥—Ä–Ω.","0,00 –≥—Ä–Ω.",,
10,–ü–∞–Ω–≥–∞—Å—ñ—É—Å —É –∫–ª—è—Ä—ñ –∑ —Å–æ—É—Å–æ–º –¢–∞—Ä—Ç–∞—Ä,350,,"578,00 –≥—Ä–Ω.","0,00 –≥—Ä–Ω.",,
11,–†–æ–ª –∑ —Ñ—ñ–ª–µ —Å–∫—É–º–±—Ä—ñ—ó –∑ —Å–∫–∏–±–æ—á–∫–∞–º–∏ —Ç–æ–º–∞—Ç—É –≤ –ª–∏—Å—Ç—ñ –Ω–æ—Ä—ñ,100,,"279,00 –≥—Ä–Ω.","0,00 –≥—Ä–Ω.",,
12,–§—ñ–ª–µ —Å–∫—É–º–±—Ä—ñ—ó —Ñ–∞—Ä—à–∏—Ä–æ–≤–∞–Ω–µ –ø–æ–º—ñ–¥–æ—Ä–∞–º–∏ —Ç–∞ –∑–µ–ª–µ–Ω–Ω—é –∑–∞–ø–µ—á–µ–Ω–µ –Ω–∞ –≤—É–≥—ñ–ª–ª—ñ,300,,"834,00 –≥—Ä–Ω.","0,00 –≥—Ä–Ω.",,
13,–§—ñ–ª–µ —Å–∫—É–º–±—Ä—ñ—ó –∑ —Å–æ—É—Å–æ–º —É–Ω–∞–≥—ñ —Ç–∞ –∫—É–Ω–∂—É—Ç–æ–º,150,,"180,00 –≥—Ä–Ω.","0,00 –≥—Ä–Ω.",,
14,–°–∫—É–º–±—Ä—ñ—è –ø–æ-–¢–æ—Å–∫–∞–Ω—Å—å–∫–∏ (BBQ),500,,"825,00 –≥—Ä–Ω.","0,00 –≥—Ä–Ω.",,
15,"–î–æ—Ä–∞–¥–æ, –ø—Ä–∏–≥–æ—Ç–æ–≤–ª–µ–Ω–µ –Ω–∞ –º–∞–Ω–≥–∞–ª—ñ –∑ —Å–æ—É—Å–æ–º.",300/50,,"1¬†392,00 –≥—Ä–Ω.","0,00 –≥—Ä–Ω.",,
16,–§—ñ–ª–µ –æ–∫—É–Ω—è –≤ –∫—É–Ω–∂—É—Ç—ñ –∑ —Å–∫–∏–±–æ—á–∫–∞–º–∏ —Ü—É–∫—ñ–Ω—ñ —Ç–∞ —Ü–∏—Ç—Ä—É—Å–æ–≤–∏–º —Å–æ—É—Å–æ–º,150/75/30,,"752,00 –≥—Ä–Ω.","0,00 –≥—Ä–Ω.",,
17,–§—ñ–ª–µ —Ç—Ä—ñ—Å–∫–∏ –∑—ñ —Å–º–∞–∂–µ–Ω–∏–º–∏ –ª–∏—Å–∏—á–∫–∞–º–∏,150/50,,"940,00 –≥—Ä–Ω.","0,00 –≥—Ä–Ω.",,
18,–°–∏–±–∞—Å —É —Ü–∏—Ç—Ä—É—Å–æ–≤–æ–º—É —Å–æ—É—Å—ñ,180/40,,"1¬†099,00 –≥—Ä–Ω.","0,00 –≥—Ä–Ω.",,
19,–¢–∏–≥—Ä–æ–≤—ñ –∫—Ä–µ–≤–µ—Ç–∫–∏ –≥—Ä–∏–ª—å –∑ –ø–æ–º—ñ–¥–æ—Ä–æ–º —á–µ—Ä—ñ –Ω–∞ —à–ø–∞–∂–∫–∞—Ö,120,,"450,00 –≥—Ä–Ω.","0,00 –≥—Ä–Ω.",,
20,–ö–µ—Å–∞–¥–∏–ª—å—è –∑ –∫—Ä–µ–≤–µ—Ç–∫–∞–º–∏,200,,"624,00 –≥—Ä–Ω.","0,00 –≥—Ä–Ω.",,üïì –ó–º—ñ–Ω—é—î –∑–æ–≤–Ω—ñ—à–Ω—ñ–π –≤–∏–≥–ª—è–¥
21,–ö–∞–ª—å–º–∞—Ä —É —Ç—ñ—Å—Ç—ñ –∑ –æ–ª–∏–≤–∫–æ–≤–∏–º –º–∞–π–æ–Ω–µ–∑–æ–º —Ç–∞ —Ä–æ–∑–º–∞—Ä–∏–Ω–æ–º,100/20,,"195,00 –≥—Ä–Ω.","0,00 –≥—Ä–Ω.",,üïì –ó–º—ñ–Ω—é—î –∑–æ–≤–Ω—ñ—à–Ω—ñ–π –≤–∏–≥–ª—è–¥
22,–ö–∞–ª—å–º–∞—Ä–æ–≤—ñ –∫—ñ–ª—å—Ü—è —É —Ç—ñ—Å—Ç—ñ,100,,"166,00 –≥—Ä–Ω.","0,00 –≥—Ä–Ω.",,üïì –ó–º—ñ–Ω—é—î –∑–æ–≤–Ω—ñ—à–Ω—ñ–π –≤–∏–≥–ª—è–¥
23,–ú—ñ–¥—ñ—ó –∑ –ª–∞–π–º–æ–º,100/30,,"307,00 –≥—Ä–Ω.","0,00 –≥—Ä–Ω.",,
24,–°–æ—Ç–µ –∑ –º–æ—Ä–µ–ø—Ä–æ–¥—É–∫—Ç—ñ–≤,1000,,"6¬†449,00 –≥—Ä–Ω.","0,00 –≥—Ä–Ω.",,
,–ì–∞—Ä—è—á—ñ —Å—Ç—Ä–∞–≤–∏ –∑ –æ–≤–æ—á—ñ–≤,,,,,,
1,–û–≤–æ—á–µ–≤–∞ –∑–∞–∫—É—Å–∫–∞ —É –ª–∞–≤–∞—à—ñ,100,,"197,00 –≥—Ä–Ω.","0,00 –≥—Ä–Ω.",,üå∂Ô∏è –ü–µ—Ä–µ—Ü—å –≥–æ—Å—Ç—Ä–∏–π —Ç–∞ –ø—Ä–æ–¥—É–∫—Ç–∏ –∑ –Ω—å–æ–≥–æ
2,–õ–∞–≤–∞—à —ñ–∑ —Å–∏—Ä–æ–º —Å—É–ª—É–≥—É–Ω—ñ —Ç–∞ –∑–µ–ª–µ–Ω–Ω—é,100,,"185,00 –≥—Ä–Ω.","0,00 –≥—Ä–Ω.",,
3,–ü–µ—á–µ–Ω—ñ –∫–æ—Ä–µ–Ω–µ–ø–ª–æ–¥–∏,120,,"209,00 –≥—Ä–Ω.","0,00 –≥—Ä–Ω.",,
4,–ö–∞–ø—É—Å—Ç–∞ —Ü–≤—ñ—Ç–Ω–∞ –≤ –ø–∞–Ω—ñ—Ä–æ–≤—Ü—ñ –æ–±—Å–º–∞–∂–µ–Ω–∞,200,,"186,00 –≥—Ä–Ω.","0,00 –≥—Ä–Ω.",,
5,"–®–∞–ø–æ—á–∫–∏ –ø–µ—á–µ—Ä–∏—Ü—å, —Ñ–∞—Ä—à–∏—Ä–æ–≤–∞–Ω—ñ –∫—É—Ä—è—á–∏–º –º'—è—Å–æ–º —Ç–∞ –∑–∞–ø–µ—á–µ–Ω—ñ –ø—ñ–¥ —Å–∏—Ä–æ–º",100,,"115,00 –≥—Ä–Ω.","0,00 –≥—Ä–Ω.",,
6,"–ë—Ä–æ—à–µ—Ç –∑ –æ–≤–æ—á—ñ–≤, –ø—Ä–∏–≥–æ—Ç–æ–≤–ª–µ–Ω–∏–π –Ω–∞ –≥—Ä–∏–ª—ñ",100,,"151,00 –≥—Ä–Ω.","0,00 –≥—Ä–Ω.",,
7,–ü–µ—á–µ—Ä–∏—Ü—ñ —Ñ–∞—Ä—à–∏—Ä–æ–≤–∞–Ω—ñ –º—É—Å–æ–º —ñ–∑ –∫—Ä–µ–º-—Å–∏—Ä—É —Ç–∞ –±–µ–∫–æ–Ω—É,180,,"240,00 –≥—Ä–Ω.","0,00 –≥—Ä–Ω.",,üå∞ –ß–∞—Å–Ω–∏–∫ —Ç–∞ –ø—Ä–æ–¥—É–∫—Ç–∏ –∑ –Ω—å–æ–≥–æ
8,–ö–µ—Å–∞–¥—ñ–ª—å—è —Å–∏—Ä–Ω–∞,150,,"234,00 –≥—Ä–Ω.","0,00 –≥—Ä–Ω.",,üïì –ó–º—ñ–Ω—é—î –∑–æ–≤–Ω—ñ—à–Ω—ñ–π –≤–∏–≥–ª—è–¥
9,–ö–µ—Å–∞–¥–∏–ª—å—è –≥—Ä–∏–±–Ω–∞,150,,"271,00 –≥—Ä–Ω.","0,00 –≥—Ä–Ω.",,üïì –ó–º—ñ–Ω—é—î –∑–æ–≤–Ω—ñ—à–Ω—ñ–π –≤–∏–≥–ª—è–¥
10,–ö–µ—Å–∞–¥–∏–ª—å—è –∑—ñ —à–ø–∏–Ω–∞—Ç–æ–º,150,,"286,00 –≥—Ä–Ω.","0,00 –≥—Ä–Ω.",,üïì –ó–º—ñ–Ω—é—î –∑–æ–≤–Ω—ñ—à–Ω—ñ–π –≤–∏–≥–ª—è–¥
11,"–ü–æ–º—ñ–¥–æ—Ä —Ñ–∞—Ä—à–∏—Ä–æ–≤–∞–Ω–∏–π –º–æ—Ü–∞—Ä–µ–ª–æ—é, —à–ø–∏–Ω–∞—Ç–æ–º —Ç–∞ –∫–æ–∫—Ç–µ–π–ª—å–Ω–æ—é –∫—Ä–µ–≤–µ—Ç–∫–æ—é",160,,"275,00 –≥—Ä–Ω.","0,00 –≥—Ä–Ω.",,
12,–ë–∞–∫–ª–∞–∂–∞–Ω –∑ —Ç–æ–º–∞—Ç–∞–º–∏ —Ç–∞ —Å–∏—Ä–æ–º –ú–æ—Ü–∞—Ä–µ–ª–ª–∞,180,,"286,00 –≥—Ä–Ω.","0,00 –≥—Ä–Ω.",,
13,–ê—Ä–∞–Ω—á—ñ–Ω—ñ –∑ —Å–∏—Ä–Ω–∏–º —Å–æ—É—Å–æ–º (2 –∫—É–ª—å–∫–∏),105,,"240,00 –≥—Ä–Ω.","0,00 –≥—Ä–Ω.",,
,–°–µ–∑–æ–Ω–Ω—ñ —Å—Ç—Ä–∞–≤–∏,,,,,,
1,–ú–µ–¥–∞–ª—å–π–æ–Ω–∏ –∑—ñ —Å–≤–∏–Ω—è—á–æ—ó –≤–∏—Ä—ñ–∑–∫–∏ –∑ –ø–µ—á–µ–Ω–∏–º –≥–∞—Ä–±—É–∑–æ–º,100,,"219,00 –≥—Ä–Ω.","0,00 –≥—Ä–Ω.",,
,–û—Å—ñ–Ω–Ω—î –º–µ–Ω—é,,,,,,
1,–ö—É—Ä—è—á—ñ –º—ñ—Ç–±–æ–ª–∏ —Ñ–∞—Ä—à–∏—Ä–æ–≤–∞–Ω—ñ –ø—ñ–¥ –≤–µ—Ä—à–∫–æ–≤–∏–º —Å–æ—É—Å–æ–º ,100/30,,"159,00 –≥—Ä–Ω.","0,00 –≥—Ä–Ω.",,
2,–†—É–ª–µ—Ç –∫—É—Ä—è—á–∏–π –∑ –ª–∏—Å–∏—á–∫–∞–º–∏ –ø—ñ–¥ —Å–æ—É—Å–æ–º –±–µ—à–∞–º–µ–ª—å,100/50,,"289,00 –≥—Ä–Ω.","0,00 –≥—Ä–Ω.",,ü•ú –ì–æ—Ä—ñ—Ö–∏ —Ç–∞ –ø—Ä–æ–¥—É–∫—Ç–∏ –∑ –Ω–∏—Ö
3,–ö–∞—á–∏–Ω–µ —Ñ—ñ–ª–µ –∑ —è–±–ª—É–∫–æ–º —É –≥–∞—Ä–±—É–∑–æ–≤–æ–º—É —Å–æ—É—Å—ñ,200/50,,"395,00 –≥—Ä–Ω.","0,00 –≥—Ä–Ω.",,
4,–†—É–ª–µ—Ç –∑—ñ —Å–≤–∏–Ω–Ω–æ—ó –≤–∏—Ä—ñ–∑–∫–∏ –∑ —á–æ—Ä–Ω–æ—Å–ª–∏–≤–æ–º —Ç–∞ –∫—É—Ä–∞–≥–æ—é,100,,"206,00 –≥—Ä–Ω.","0,00 –≥—Ä–Ω.",,
5,–ú–æ—Ä–∫–≤—è–Ω—ñ –∫—Ä–æ–∫–µ—Ç–∏ –∑ –∫–∏—Å–ª–æ-—Å–æ–ª–æ–¥–∫–∏–º —Å–æ—É—Å–æ–º ,100/50,,"82,00 –≥—Ä–Ω.","0,00 –≥—Ä–Ω.",,
,–¢–µ–º–∞—Ç–∏—á–Ω—ñ –∑–∞–∫—É—Å–∫–∏ : –ì–∞–≤–∞–π—Å—å–∫–∏–π —Å—Ç–∏–ª—å,,,,,,
1,"–ü–æ—Ä—Ü—ñ–π–Ω–∏–π –ø–æ–∫–µ –≤–µ—Ä—à–∫–æ–≤–∞ –∫—Ä–µ–≤–µ—Ç–∫–∞. –ù–µ–ø–µ—Ä–µ–≤–µ—Ä—à–µ–Ω–µ –ø–æ—î–¥–Ω–∞–Ω–Ω—è —Ç–∏–≥—Ä–æ–≤–∏—Ö –∫—Ä–µ–≤–µ—Ç–æ–∫ —ñ–∑ —Å–æ–ª–æ–¥–∫–∏–º –º–∞–Ω–≥–æ, —Å–∏—Ä–æ–º —Ñ—ñ–ª–∞–¥–µ–ª—å—Ñ—ñ—è —Ç–∞ —Ö—Ä—É–º–∫–∏–º —Å–∞–ª–∞—Ç–æ–º –∞–π—Å–±–µ—Ä–≥. –í—Å–µ —Ü–µ –Ω–∞ –ø–æ–¥—É—à—Ü—ñ –∑ —è–ø–æ–Ω—Å—å–∫–æ–≥–æ —Ä–∏—Å—É —Ç–∞ –∑–∞–ø—Ä–∞–≤–ª–µ–Ω–æ —Å–æ—É—Å–æ–º —É–Ω–∞–≥–∏.",370,,"634,00 –≥—Ä–Ω.","0,00 –≥—Ä–Ω.",,
2,"–ü–æ—Ä—Ü—ñ–π–Ω–∏–π –ø–æ–∫–µ –∑ –ª–æ–∫—à–∏–Ω–æ—é —ñ –∫—É—Ä–∫–æ—é. –îi—î—Ç–∏—á–Ω–µ –∫—É—Ä—è—á–µ —Ñi–ª–µ –ø—Ä–∏–ø—Ä–∞–≤–ª–µ–Ω–µ –∫—É–Ω–∂—É—Ç–Ω–æ-—Ç—Ä—é—Ñ–µ–ª—å–Ω–∏–º i —É–Ω–∞–≥i —Å–æ—É—Å–∞–º–∏, —Å–æ–ª–æ–¥–∫–∞ –≥–æ–ª–ª–∞–Ω–¥—Å—å–∫–∞ –∫—É–∫—É—Ä—É–¥–∑–∞, —Å–æ–∫–æ–≤–∏—Ç–∞, –Ω–∞–ø–æ–≤–Ω–µ–Ω–∞ –≤i—Ç–∞–ºi–Ω–∞–º–∏ –∫–∞–ø—É—Å—Ç–∞, –Ωi–∂–Ω–æ –≤i–¥–±–∏—Ç–∏–π –æ–≥i—Ä–æ–∫ –öi–º –ßii –≤—Å–µ —Ü–µ –Ω–∞ –ø–æ–¥—É—à—Üi –∑ –≥—Ä–µ—á–∞–Ω–æ—ó –ª–æ–∫—à–∏–Ω–∏ –°–æ–±–∞. –ü–æ–¥–∞—î—Ç—å—Å—è i–∑ —Å–æ—É—Å–æ–º –∞–π–æ–ªi –∞–±–æ –±—É–¥—å-—è–∫–∏–º i–Ω—à–∏–º –Ω–∞ –í–∞—à –≤–∏–±i—Ä!",400,,"340,00 –≥—Ä–Ω.","0,00 –≥—Ä–Ω.",,
