,–ö–∞–Ω–∞–ø–µ/—à–ø–∞–∂–∫–∏,,,,,,
‚Ññ –ø/–ø,–ù–∞–∑–≤–∞,"–í–∏—Ö—ñ–¥ –Ω–∞ —Å—Ç—ñ–ª, –ø–æ—Ä—Ü—ñ—è/–≤–∞–≥–∞, –≥—Ä.",–ö—ñ–ª-—Å—Ç—å –ø–æ—Ä—Ü—ñ–π,"–¶—ñ–Ω–∞, –≥—Ä–Ω","–°—É–º–∞, –≥—Ä–Ω",,
,,,,,,üïì —à–≤–∏–¥–∫–æ –≤—Ç—Ä–∞—á–∞—î —Å–≤—ñ–π —Å–º–∞–∫/–≤–∏–≥–ª—è–¥ ,
,–ö–∞–Ω–∞–ø–µ/–∫—Ä–æ—Å—Ç—ñ–Ω—ñ,,,,,,
1,–ö–∞–Ω–∞–ø–µ –∑ –≥—Ä—ñ–Ω–æ–∫ –∑—ñ —Å–∫–∏–±–æ—á–∫–∞–º–∏ –º–∞—Å–ª—è–Ω–æ–π —Ä–∏–±–∏ —Ö/–∫ —Ç–∞ –º–∞—Ä–∏–Ω–æ–≤–∞–Ω–∏–º —ñ–º–±–∏—Ä–æ–º,20/15/10,,"128,00 –≥—Ä–Ω.","0,00 –≥—Ä–Ω.",,
2,–ö–∞–Ω–∞–ø–µ –∑ –ø—Ä—è–Ω–æ—é –∫—ñ–ª—å–∫–æ—é –Ω–∞ –∫–∞—Ä—Ç–æ–ø–ª—ñ,10/15/5,,"44,00 –≥—Ä–Ω.","0,00 –≥—Ä–Ω.",,
3,–ö–∞–Ω–∞–ø–µ –∑ —Å–∞–ª–æ–º —Ç–∞ –º–∞—Ä–∏–Ω–æ–≤–∞–Ω–∏–º —á–∞—Å–Ω–∏–∫–æ–º,10/15/10,,"58,00 –≥—Ä–Ω.","0,00 –≥—Ä–Ω.",,üå∞ –ß–∞—Å–Ω–∏–∫ —Ç–∞ –ø—Ä–æ–¥—É–∫—Ç–∏ –∑ –Ω—å–æ–≥–æ
4,"–ö–∞–Ω–∞–ø–µ –∑ –∫–æ–≤–±–∞—Å–æ—é —Å/–∫, —Ñ—Ä–∞–Ω—Ü—É–∑—å–∫–∏–º–∏ –∫–æ—Ä–Ω—ñ—à–æ–Ω–∞–º–∏ —Ç–∞ –≥—ñ—Ä—á–∏—Ü–µ—é",25/10,,"58,00 –≥—Ä–Ω.","0,00 –≥—Ä–Ω.",,
5,"–ö–∞–Ω–∞–ø–µ –∑ —Å–∏—Ä–æ–º, —à–∏–Ω–∫–æ—é —Ç–∞ –≥—ñ–ª–æ—á–∫–æ—é –∫—Ä–æ–ø—É",10/15/10,,"55,00 –≥—Ä–Ω.","0,00 –≥—Ä–Ω.",,
6,"–ö–∞–Ω–∞–ø–µ –∑ —à–∏–Ω–∫–æ—é, –≥—ñ—Ä—á–∏—Ü–µ—é, –±–æ–ª–≥–∞—Ä—Å—å–∫–∏–º –ø–µ—Ä—Ü–µ–º, –∑–µ–ª–µ–Ω–Ω—é",10/15/10,,"55,00 –≥—Ä–Ω.","0,00 –≥—Ä–Ω.",,
7,"–ë—Ä—É—Å–∫–µ—Ç–∞ –∑ –∫–æ–ø—á–µ–Ω–æ—é –≥—Ä—É–¥–∏–Ω–∫–æ—é, –ø–æ–º—ñ–¥–æ—Ä–∞–º–∏ —á–µ—Ä—ñ —Ç–∞ —Å–∫–∏–±–∫–æ—é –º–∞–Ω–≥–æ",45,,"77,00 –≥—Ä–Ω.","0,00 –≥—Ä–Ω.",,
8,–ö–∞–Ω–∞–ø–µ –∑ –ª–æ—Å–æ—Å–µ–≤–æ—é —ñ–∫—Ä–æ—é —Ç–∞ –∑–µ–ª–µ–Ω–Ω—é,10/15/5,,"129,00 –≥—Ä–Ω.","0,00 –≥—Ä–Ω.",,
9,–ö–∞–Ω–∞–ø–µ –∑ –±—É–∂–µ–Ω–∏–Ω–æ—é —Ç–∞ —Å–≤—ñ–∂–∏–º –æ–≥—ñ—Ä–∫–æ–º,35/5,,"53,00 –≥—Ä–Ω.","0,00 –≥—Ä–Ω.",,
10,–ö–∞–Ω–∞–ø–µ –∑ —Å–∏—Ä–æ–º –ë—Ä—ñ —Ç–∞ –∫–æ–≤–±–∞—Å–æ—é —Å/–∫,30/5,,"72,00 –≥—Ä–Ω.","0,00 –≥—Ä–Ω.",,
11,–ö–∞–Ω–∞–ø–µ –∑ —Å–∞–ª–æ–º —Ç–∞ –∫–æ—Ä–Ω—ñ—à–æ–Ω–æ–º,45,,"55,00 –≥—Ä–Ω.","0,00 –≥—Ä–Ω.",,
12,–ö—Ä–æ—Å—Ç—ñ–Ω—ñ –∑ –æ—Å–µ–ª–µ–¥—Ü–µ–º,55,,"69,00 –≥—Ä–Ω.","0,00 –≥—Ä–Ω.",,
13,"–ö–∞–Ω–∞–ø–µ –∑ –ø–∞—Ä–º—Å—å–∫–æ—é —à–∏–Ω–∫–æ—é, –≥—Ä—É—à–æ—é —Ç–∞ –≤'—è–ª–µ–Ω–∏–º —Ç–æ–º–∞—Ç–æ–º",45,,"86,00 –≥—Ä–Ω.","0,00 –≥—Ä–Ω.",,
14,–ö–∞–Ω–∞–ø–µ –∑ –º–æ—Ü–∞—Ä–µ–ª–æ—é —Ç–∞ –¥–≤–æ–º–∞ –≤–∏–¥–∞–º–∏ —Ç–æ–º–∞—Ç—É,45,,"80,00 –≥—Ä–Ω.","0,00 –≥—Ä–Ω.",,
15,–ö–∞–Ω–∞–ø–µ –∑ –∫–∞—á–∫–æ—é —Ç–∞ –∫–∞—Ä–∞–º–µ–ª—ñ–∑–æ–≤–∞–Ω–∏–º –≥–∞—Ä–±—É–∑–æ–º,60,,"119,00 –≥—Ä–Ω.","0,00 –≥—Ä–Ω.",,
16,–ö–∞–Ω–∞–ø–µ –∑ –≤–∏—à–Ω–µ–≤–∏–º –º–∞—Ä–º–µ–ª–∞–¥–æ–º —Ç–∞ —Å–≤–∏–Ω–∏–Ω–æ—é,60,,"128,00 –≥—Ä–Ω.","0,00 –≥—Ä–Ω.",,
17,–ö–∞–Ω–∞–ø–µ –∑ –∫—É—Ä—è—á–∏–º —Ñ—ñ–ª–µ –≥—Ä–∏–ª—å —Ç–∞ —è–±–ª—É—á–Ω–æ—é –º–æ–ª–µ–∫—É–ª—è—Ä–Ω–æ—é –Ω–∞–ø—ñ–≤—Å—Ñ–µ—Ä–æ—é,55,,"114,00 –≥—Ä–Ω.","0,00 –≥—Ä–Ω.",,
18,–ö–∞–Ω–∞–ø–µ –∑ –∞–≤–æ–∫–∞–¥–æ —Ç–∞ –±—É—Ä—è–∫–æ–≤–∏–º —Ö—É–º—É—Å–æ–º,60,,"102,00 –≥—Ä–Ω.","0,00 –≥—Ä–Ω.",,
19,–ö–∞–Ω–∞–ø–µ –∑ –∫—É—Ä—è—á–∏–º–∏ —Ñ—Ä—ñ–ø—Å–∞–º–∏ —Ç–∞ —Å–æ—É—Å–æ–º –¢–∞—Ä-—Ç–∞—Ä,50,,"100,00 –≥—Ä–Ω.","0,00 –≥—Ä–Ω.",,
20,–ö–∞–Ω–∞–ø–µ –∑ –∫—É—Ä—è—á–∏–º —Ñ—ñ–ª–µ —Ç–∞ —Å–∞–ª–∞—Ç–æ–º –ß—É–∫–∞,50,,"105,00 –≥—Ä–Ω.","0,00 –≥—Ä–Ω.",,ü•ú –ì–æ—Ä—ñ—Ö–∏ —Ç–∞ –ø—Ä–æ–¥—É–∫—Ç–∏ –∑ –Ω–∏—Ö
21,"–ö–∞–Ω–∞–ø–µ –∑ –∫—É—Ä—è—á–æ—é –∫—É–ª—å–∫–æ—é, —Å–∏—Ä–æ–º —Ç–∞ —à–∏–Ω–∫–æ—é",50,,"98,00 –≥—Ä–Ω.","0,00 –≥—Ä–Ω.",,
22,"–ö–∞–Ω–∞–ø–µ –∑ –∫—É—Ä—è—á–∏–º –Ω–∞–ø—ñ–≤–∫–æ–ø—á–µ–Ω–∏–º —Ñ—ñ–ª–µ, –º–∞—Ä–∏–Ω–æ–≤–∞–Ω–æ—é —Ü–∏–±—É–ª—å–∫–æ—é —Ç–∞ —Å–∏—Ä–æ–º –ë—Ä—ñ —É –±—Ä—É—Å–Ω–∏—á–Ω–æ–º—É —Å–æ—É—Å—ñ",55,,"94,00 –≥—Ä–Ω.","0,00 –≥—Ä–Ω.",,
23,–ö–∞–Ω–∞–ø–µ –∑ —Ç–∞—Ä—Ç–∞—Ä–æ–º —ñ–∑ –ª–æ—Å–æ—Å—è —Ç–∞ –≥–µ–ª–µ–º —ñ–∑ –∫—ñ–≤—ñ,60,,"125,00 –≥—Ä–Ω.","0,00 –≥—Ä–Ω.",,
24,"–ö—Ä–æ—Å—Ç—ñ–Ω—ñ –∑ –∫—Ä–µ–º —Å–∏—Ä–æ–º, –ª–æ—Å–æ—Å–µ–º —Ç–∞ –∫–∞–ø–µ—Ä—Å–∞–º–∏",40,,"91,00 –≥—Ä–Ω.","0,00 –≥—Ä–Ω.",,
25,–ö—Ä–æ—Å—Ç—ñ–Ω—ñ –∑ –≤'—è–ª–µ–Ω–∏–º —Ç–æ–º–∞—Ç–æ–º —ñ –º–æ—Ü–∞—Ä–µ–ª–æ—é,40,,"80,00 –≥—Ä–Ω.","0,00 –≥—Ä–Ω.",,
26,"–ö—Ä–æ—Å—Ç—ñ–Ω—ñ –∑ —Å–∏—Ä–æ–º, –º–∞–Ω–≥–æ —ñ —Ö–∞–ª–∞–ø–µ–Ω—å–π–æ",25,,"78,00 –≥—Ä–Ω.","0,00 –≥—Ä–Ω.",,
27,–ö—Ä–æ—Å—Ç—ñ–Ω—ñ –∑ —Å–∏—Ä–æ–º –±—Ä—ñ —Ç–∞ –≥—Ä—É—à–µ—é,40,,"72,00 –≥—Ä–Ω.","0,00 –≥—Ä–Ω.",,
28,–ö—Ä–æ—Å—Ç—ñ–Ω—ñ –∑ –º—É—Å–æ–º –∑ –∞–≤–æ–∫–∞–¥–æ —Ç–∞ –∫—Ä–µ–≤–µ—Ç–∫–æ—é,40,,"91,00 –≥—Ä–Ω.","0,00 –≥—Ä–Ω.",,
29,"–ö—Ä–æ—Å—Ç—ñ–Ω—ñ –∑ —Å–∞–ª—è–º—ñ, —Ñ—Ä–∞–Ω—Ü—É–∑—å–∫–æ—é –≥—ñ—Ä—á–∏—Ü–µ—é —Ç–∞ –æ–≥—ñ—Ä–∫–æ–º",30,,"66,00 –≥—Ä–Ω.","0,00 –≥—Ä–Ω.",,
,–ë—Ä—É—Å–∫–µ—Ç–∏,,,,,,
1,–ë—Ä—É—Å–∫–µ—Ç–∞ –∑ —Ç–æ–º–∞—Ç–Ω–æ—é —Å–∞–ª—å—Å–æ—é,60,,"77,00 –≥—Ä–Ω.","0,00 –≥—Ä–Ω.",,
2,–ë—Ä—É—Å–∫–µ—Ç–∞ –∑ —ñ—Å–ø–∞–Ω—Å—å–∫–∏–º —Ö–∞–º–æ–Ω–æ–º —Ç–∞ –≥—Ä—É—à–æ—é,45,,"81,00 –≥—Ä–Ω.","0,00 –≥—Ä–Ω.",,
3,–ë—Ä—É—Å–∫–µ—Ç–∞ –∑ –∫–æ–ø—á–µ–Ω–∏–º –±–∞–ª–∏–∫–æ–º —Ç–∞ –º–∞–Ω–≥–æ –≥—Ä–∏–ª—å.,30/5,,"76,00 –≥—Ä–Ω.","0,00 –≥—Ä–Ω.",,
4,–ë—Ä—É—Å–∫–µ—Ç–∞ –∑ –ø–µ—á–µ–Ω–∏–º –ø–µ—Ä—Ü–µ–º —Ç–∞ –±–∞–ª—å–∑–∞–º—ñ—á–Ω–∏–º —Å–æ—É—Å–æ–º,60,,"66,00 –≥—Ä–Ω.","0,00 –≥—Ä–Ω.",,üå∞ –ß–∞—Å–Ω–∏–∫ —Ç–∞ –ø—Ä–æ–¥—É–∫—Ç–∏ –∑ –Ω—å–æ–≥–æ
5,–ë—Ä—É—Å–∫–µ—Ç–∞ –∑ –∞–≤–æ–∫–∞–¥–æ —Ç–∞ –≤'—è–ª–µ–Ω–∏–º —Ç–æ–º–∞—Ç–æ–º,45,,"73,00 –≥—Ä–Ω.","0,00 –≥—Ä–Ω.",,üå∞ –ß–∞—Å–Ω–∏–∫ —Ç–∞ –ø—Ä–æ–¥—É–∫—Ç–∏ –∑ –Ω—å–æ–≥–æ
6,–ë—Ä—É—Å–∫–µ—Ç–∞ –∑ –∫–∞—á–∏–Ω–æ—é –≥—Ä—É–¥–∫–æ—é —Ç–∞ –ø—Ä—è–Ω–æ—é –≥—Ä—É—à–µ—é,60,,"138,00 –≥—Ä–Ω.","0,00 –≥—Ä–Ω.",,
7,–ë—Ä—É—Å–∫–µ—Ç–∞ –∑ –∞–≤–æ–∫–∞–¥–æ —Ç–∞ —Ç–∏–≥—Ä–æ–≤–æ—é –∫—Ä–µ–≤–µ—Ç–∫–æ—é,60,,"144,00 –≥—Ä–Ω.","0,00 –≥—Ä–Ω.",,
8,–ë—Ä—É—Å–∫–µ—Ç–∞ –∑ –∫—É—Ä—è—á–∏–º —Ñ—ñ–ª–µ —Ç–∞ –∫–∞—Ä–∞–º–µ–ª—ñ–∑–æ–≤–∞–Ω–∏–º —è–±–ª—É–∫–æ–º,55,,"72,00 –≥—Ä–Ω.","0,00 –≥—Ä–Ω.",,
9,"–ë—Ä—É—Å–∫–µ—Ç–∞ –∑ —Ö—É–º—É—Å–æ–º, –º–∞—Å–ª–∏–Ω–∞–º–∏ —Ç–∞ –æ–ª–∏–≤–∫–∞–º–∏",40,,"76,00 –≥—Ä–Ω.","0,00 –≥—Ä–Ω.",,
10,"–ë—Ä—É—Å–∫–µ—Ç–∞ —Å–∞–ª—è–º—ñ, –≤'—è–ª–µ–Ω–∏–π —Ç–æ–º–∞—Ç —ñ –ø–∞—Ä–º–µ–∑–∞–Ω",35,,"92,00 –≥—Ä–Ω.","0,00 –≥—Ä–Ω.",,
11,"–ë—Ä—É—Å–∫–µ—Ç–∞ —ñ–∑ –∑–∞–ø–µ—á–µ–Ω–æ—é –≥—Ä—É—à–µ—é, —Å–∏—Ä–æ–º –±—Ä—ñ —Ç–∞ –º–∞–ª–∏–Ω–æ–≤–∏–π –≥–µ–ª—å.",50,,"95,00 –≥—Ä–Ω.","0,00 –≥—Ä–Ω.",,
12,"–ë—Ä—É—Å–∫–µ—Ç–∞ –∑ –¥–æ–º–∞—à–Ω—å–æ—é —Ñ–µ—Ç–æ—é, —Ç–æ–º–∞—Ç–∞–º–∏ —á–µ—Ä—ñ —Ç–∞ –∫–æ—Ä–æ–ª—ñ–≤—Å—å–∫–æ—é –∫—Ä–µ–≤–µ—Ç–∫–æ—é",50,,"125,00 –≥—Ä–Ω.","0,00 –≥—Ä–Ω.",,
13,"–ë—Ä—É—Å–∫–µ—Ç–∞ –∑ —Ç–æ–º–∞—Ç–∞–º–∏ —á–µ—Ä—ñ, —Å–æ—É—Å–æ–º –ø–µ—Å—Ç–æ —Ç–∞ —Ñ–µ—Ç–æ—é",55,,"84,00 –≥—Ä–Ω.","0,00 –≥—Ä–Ω.",,
14,–ë—Ä—É—Å–∫–µ—Ç–∞ –∑ –Ω—ñ–∂–Ω–∏–º –ª–æ—Å–æ—Å–µ–º —Ç–∞ –º–æ–ª–µ–∫—É–ª—è—Ä–Ω–∏–º –ª–∏–º–æ–Ω–Ω–∏–º –æ–≥—ñ—Ä–∫–æ–º,55,,"113,00 –≥—Ä–Ω.","0,00 –≥—Ä–Ω.",,
15,"–ë—Ä—É—Å–∫–µ—Ç–∞ –∑ —Ç—É–Ω—Ü–µ–º, –∞–≤–æ–∫–∞–¥–æ —Ç–∞ —Å–æ—É—Å–æ–º –ø–µ—Å—Ç–æ",45,,"107,00 –≥—Ä–Ω.","0,00 –≥—Ä–Ω.",,
16,"–ë—Ä—É—Å–∫–µ—Ç–∞ –∑ –∫–∞—á–∏–Ω–∏–º –º–∞–≥—Ä–µ, –≥—Ä—É—à–µ—é –∫–æ–Ω—Ñ—ñ —Ç–∞ –º–∞–ª–∏–Ω–æ–≤–∏–º –≥–µ–ª–µ–º",55,,"125,00 –≥—Ä–Ω.","0,00 –≥—Ä–Ω.",,
17,–ë—Ä—É—Å–∫–µ—Ç–∞ –∑ –∫–æ–Ω—Å–µ—Ä–≤–æ–≤–∞–Ω–∏–º —Ç—É–Ω—Ü–µ–º —ñ —Ç–æ–º–∞—Ç–æ–º –∫–æ–Ω—Ñ—ñ,55,,"105,00 –≥—Ä–Ω.","0,00 –≥—Ä–Ω.",,
18,"–ë—Ä—É—Å–∫–µ—Ç–∞ –∑ —Ç–µ–ª—è—Ç–∏–Ω–æ—é —Å—É-–≤—ñ–¥, —Å–æ—É—Å–æ–º —Ç–æ–Ω–∞—Ç–æ —Ç–∞ –ª–∏—Å—Ç —Ñ—Ä—ñ–∑–µ",45,,"131,00 –≥—Ä–Ω.","0,00 –≥—Ä–Ω.",,
19,–ë—Ä—É—Å–∫–µ—Ç–∞ –∫–∞–ø—Ä–µ–∑–µ,50,,"100,00 –≥—Ä–Ω.","0,00 –≥—Ä–Ω.",,
20,"–ë—Ä—É—Å–∫–µ—Ç–∞ –∑ —Ä–æ—Å—Ç–±—ñ—Ñ–æ–º, –∞–π–æ–ª—ñ –º'—è—Ç–∞ —Ç–∞ –≤'—è–ª–µ–Ω–∏–º —Ç–æ–º–∞—Ç–æ–º",45,,"126,00 –≥—Ä–Ω.","0,00 –≥—Ä–Ω.",,
21,–ë—Ä—É—Å–∫–µ—Ç–∞ –∑ –¥–∂–µ–º–æ–º –∑ –≤–∏—à–Ω—ñ —Ç–∞ —Å–∏—Ä–æ–º –±—Ä—ñ,45,,"91,00 –≥—Ä–Ω.","0,00 –≥—Ä–Ω.",,
22,"–ë—Ä—É—Å–∫–µ—Ç–∞ –∑ —Ä—ñ–∫–æ—Ç–æ—é, –ø—Ä–æ—à—É—Ç–æ —Ç–∞ –≤–∏—à–Ω–µ—é",50,,"101,00 –≥—Ä–Ω.","0,00 –≥—Ä–Ω.",,
23,"–ë—Ä—É—Å–∫–µ—Ç–∞ –∑ –ø–∞—Ä–º–µ–∑–∞–Ω–æ–º, –≤–∏–Ω–æ–≥—Ä–∞–¥–æ–º –ö–∞—Ä–¥–∏–Ω–∞–ª —Ç–∞ –º–µ–¥–æ–º",47,,"119,00 –≥—Ä–Ω.","0,00 –≥—Ä–Ω.",,üçØ –ú–µ–¥ —Ç–∞ –ø—Ä–æ–¥—É–∫—Ç–∏ –∑ –Ω—å–æ–≥–æ
24,–ë—Ä—É—Å–∫–µ—Ç–∞ –∑ –∫—É—Ä—è—á–∏–º –ø–∞—Ç–µ —Ç–∞ —Ü–∏–±—É–ª–µ–≤–∏–º –∫–æ–Ω—Ñ—ñ—Ç—é—Ä–æ–º,45,,"95,00 –≥—Ä–Ω.","0,00 –≥—Ä–Ω.",,üçØ –ú–µ–¥ —Ç–∞ –ø—Ä–æ–¥—É–∫—Ç–∏ –∑ –Ω—å–æ–≥–æ
25,"–ë—Ä—É—Å–∫–µ—Ç–∞ –∑ –º–∞—Ä–∏–Ω–æ–≤–∞–Ω–∏–º –ø–µ—Ä—Å–∏–∫–æ–º, –ø—Ä–æ—à—É—Ç–æ —Ç–∞ –º–∏–≥–¥–∞–ª–µ–º",50,,"101,00 –≥—Ä–Ω.","0,00 –≥—Ä–Ω.",,
26,"–ë—Ä—É—Å–∫–µ—Ç–∞ –∑ –±–µ–∫–æ–Ω–æ–º, –≥—ñ—Ä—á–∏—Ü–µ—é —Ç–∞ —Å–æ–ª–æ–Ω–∏–º–∏ –æ–≥—ñ—Ä–∫–∞–º–∏",45,,"86,00 –≥—Ä–Ω.","0,00 –≥—Ä–Ω.",,
27,"–ë—Ä—É—Å–∫–µ—Ç–∞ –∑ –ø–µ—Å—Ç–æ, –∫—Ä–µ–≤–µ—Ç–∫–æ—é —Ç–∞ —Ç–æ–º–∞—Ç–æ–º",45,,"125,00 –≥—Ä–Ω.","0,00 –≥—Ä–Ω.",,
28,"–ë—Ä—É—Å–∫–µ—Ç–∞ –∑ —Ç—Ä—é—Ñ–µ–ª—å–Ω–∏–º –∞–π–æ–ª—ñ, —Ä–æ—Å—Ç–±—ñ—Ñ–æ–º —Ç–æ–º–∞—Ç–∞–º–∏",45,,"126,00 –≥—Ä–Ω.","0,00 –≥—Ä–Ω.",,
29,–ë—Ä—É—Å–∫–µ—Ç–∞ –∑ –∫—É—Ä—è—á–∏–º —Ñ—ñ–ª–µ —ñ —Å—Ñ–µ—Ä–æ—é –∑ –º–∞–Ω–≥–æ,45,,"92,00 –≥—Ä–Ω.","0,00 –≥—Ä–Ω.",,
30,–ë—Ä—É—Å–∫–µ—Ç–∞ –∑ —Ö—É–º—É—Å–æ–º —Ç–∞ –≥—Ä–∏–±–∞–º–∏,45,,"80,00 –≥—Ä–Ω.","0,00 –≥—Ä–Ω.",,
31,"–ë—Ä—É—Å–∫–µ—Ç–∞ –∑ –ø–µ—Å—Ç–æ, —ñ–Ω–¥–∏—á–∫–æ—é —Ç–∞ —Ç–æ–º–∞—Ç–æ–º",45,,"101,00 –≥—Ä–Ω.","0,00 –≥—Ä–Ω.",,
32,"–ë—Ä—É—Å–∫–µ—Ç–∞ –∑ –ø–µ—Å—Ç–æ, —Å–∞–ª—è–º—ñ, –º–æ—Ü–∞—Ä–µ–ª–æ—é —Ç–∞ –≤'—è–ª–µ–Ω–∏–º —Ç–æ–º–∞—Ç–æ–º.",45,,"104,00 –≥—Ä–Ω.","0,00 –≥—Ä–Ω.",,
33,–ë—Ä—É—Å–∫–µ—Ç–∞ –∑ —Å–∞–ª–∞—Ç–æ–º –ß—É–∫–∞ —Ç–∞ –∫—Ä–µ–≤–µ—Ç–∫–æ—é,50,,"128,00 –≥—Ä–Ω.","0,00 –≥—Ä–Ω.",,
34,–ë—Ä—É—Å–∫–µ—Ç–∞ –∑ –≥–æ—Ä—ñ—Ö–∞–º–∏ —Ç–∞ —Å–∞–ª–∞—Ç–æ–º –ß—É–∫–∞ —É –∫—É–Ω–∂—É—Ç–Ω–æ–º—É —Å–æ—É—Å—ñ,40,,"97,00 –≥—Ä–Ω.","0,00 –≥—Ä–Ω.",,ü•ú –ì–æ—Ä—ñ—Ö–∏ —Ç–∞ –ø—Ä–æ–¥—É–∫—Ç–∏ –∑ –Ω–∏—Ö
35,–ë—Ä—É—Å–∫–µ—Ç–∞ –∑ —Ç–æ–º–∞—Ç–Ω–æ—é —Å–∞–ª—å—Å–æ—é —Ç–∞ –∞–Ω—á–æ—É—Å–æ–º,40,,"98,00 –≥—Ä–Ω.","0,00 –≥—Ä–Ω.",,
36,"–ë—Ä—É—Å–∫–µ—Ç–∞ –∑ –º–æ—Ü–∞—Ä–µ–ª–æ—é, —Ç–æ–º–∞—Ç–æ–º —Ç–∞ —Å–æ—É—Å–æ–º –ø–µ—Å—Ç–æ",40,,"69,00 –≥—Ä–Ω.","0,00 –≥—Ä–Ω.",,
37,"–ë—Ä—É—Å–∫–µ—Ç–∞ –∑ —Ö–∞–º–æ–Ω–æ–º, –º–∞–Ω–≥–æ —Ç–∞ –º–∞–ª–∏–Ω–æ–≤–∏–º —Å–æ—É—Å–æ–º —É –ø–æ—Ä—Ü—ñ–π–Ω—ñ–π –∞–º–ø—É–ª—ñ",40,,"60,00 –≥—Ä–Ω.","0,00 –≥—Ä–Ω.",,
,–§—É—Ä—à–µ—Ç–Ω—ñ –∑–∞–∫—É—Å–∫–∏,,,,,,
1,–ù—ñ–∂–Ω–µ —Ñ—ñ–ª–µ —Å–ª–∞–±–æ—Å–æ–ª–æ–Ω–æ–≥–æ –ª–æ—Å–æ—Å—è –Ω–∞ —Ç–æ—Å—Ç—ñ –∑ —Ü–∏—Ç—Ä—É—Å–æ–≤–æ—é —ñ–∫—Ä–æ—é,40,,"108,00 –≥—Ä–Ω.","0,00 –≥—Ä–Ω.",,
2,–†–æ–ª –∑ –ª–æ—Å–æ—Å—è —Ç–∞ –≤–µ—Ä—à–∫–æ–≤–∏–º —Å–∏—Ä–æ–º,50,,"135,00 –≥—Ä–Ω.","0,00 –≥—Ä–Ω.",,
3,–°–∏—Ä–Ω–∞ –∫—É–ª—å–∫–∞ —ñ–∑ –∑–µ–ª–µ–Ω–Ω—é,35,,"80,00 –≥—Ä–Ω.","0,00 –≥—Ä–Ω.",,"ü•ú –ì–æ—Ä—ñ—Ö–∏, üå∞ –ß–∞—Å–Ω–∏–∫ —Ç–∞ –ø—Ä–æ–¥—É–∫—Ç–∏ –∑ –Ω–∏—Ö"
4,–°–∏—Ä–Ω–∞ –∫—É–ª—å–∫–∞ –∑ –ø–∞–ø—Ä–∏–∫–æ—é,35,,"80,00 –≥—Ä–Ω.","0,00 –≥—Ä–Ω.",,"ü•ú –ì–æ—Ä—ñ—Ö–∏, üå∞ –ß–∞—Å–Ω–∏–∫ —Ç–∞ –ø—Ä–æ–¥—É–∫—Ç–∏ –∑ –Ω–∏—Ö"
5,–°–∏—Ä–Ω–∞ –∫—É–ª—å–∫–∞ –∑ –ª–æ—Å–æ—Å–µ–º,35,,"101,00 –≥—Ä–Ω.","0,00 –≥—Ä–Ω.",,üå∞ –ß–∞—Å–Ω–∏–∫ —Ç–∞ –ø—Ä–æ–¥—É–∫—Ç–∏ –∑ –Ω—å–æ–≥–æ
6,–°–∏—Ä–Ω–∞ –∫—É–ª—å–∫–∞ –∑ –º–∞—Ä–∏–Ω–æ–≤–∞–Ω–∏–º–∏ –≥—Ä–∏–±–æ—á–∫–∞–º–∏ —Ç–∞ –º–æ—Ä–∫–≤–æ—é –ø–æ-–∫–æ—Ä–µ–π—Å—å–∫–∏,35,,"94,00 –≥—Ä–Ω.","0,00 –≥—Ä–Ω.",,üå∞ –ß–∞—Å–Ω–∏–∫ —Ç–∞ –ø—Ä–æ–¥—É–∫—Ç–∏ –∑ –Ω—å–æ–≥–æ
7,–°–ø—Ä—ñ–Ω–≥ —Ä–æ–ª –∑ –ª–æ—Å–æ—Å–µ–º,50,,"114,00 –≥—Ä–Ω.","0,00 –≥—Ä–Ω.",,
8,–°–ø—Ä—ñ–Ω–≥ —Ä–æ–ª –∑ –∫—Ä–µ–≤–µ—Ç–∫–æ—é,50,,"131,00 –≥—Ä–Ω.","0,00 –≥—Ä–Ω.",,
9,–°–ø—Ä—ñ–Ω–≥ —Ä–æ–ª –∑ –∫—É—Ä–∫–æ—é —Ç–∞ –≥—Ä–∏–±–∞–º–∏,50,,"102,00 –≥—Ä–Ω.","0,00 –≥—Ä–Ω.",,ü•ú –ì–æ—Ä—ñ—Ö–∏ —Ç–∞ –ø—Ä–æ–¥—É–∫—Ç–∏ –∑ –Ω–∏—Ö
10,–°–ø—Ä—ñ–Ω–≥ —Ä–æ–ª –æ–≤–æ—á–µ–≤–∏–π,50,,"98,00 –≥—Ä–Ω.","0,00 –≥—Ä–Ω.",,ü•ú –ì–æ—Ä—ñ—Ö–∏ —Ç–∞ –ø—Ä–æ–¥—É–∫—Ç–∏ –∑ –Ω–∏—Ö
11,–ö—ñ—à-–ª–æ—Ä–µ–Ω –∑ –ª–æ—Å–æ—Å–µ–º —Ç–∞ —à–ø–∏–Ω–∞—Ç–æ–º(–≤ —Ç–∞—Ä—Ç–∞–ª–µ—Ç—Ü—ñ),40,,"107,00 –≥—Ä–Ω.","0,00 –≥—Ä–Ω.",,
12,–ö—ñ—à-–ª–æ—Ä–µ–Ω –∑ —Ü–∏–±—É–ª–µ—é –ø–æ—Ä–µ–π —ñ –±–µ–∫–æ–Ω–æ–º (—É —Ç–∞—Ä—Ç–∞–ª–µ—Ç—Ü—ñ),40,,"81,00 –≥—Ä–Ω.","0,00 –≥—Ä–Ω.",,
13,–ö—ñ—à-–ª–æ—Ä–µ–Ω –∑ –∫—É—Ä–∫–æ—é —Ç–∞ –≥—Ä–∏–±–∞–º–∏ —É —Ç–∞—Ä—Ç–∞–ª–µ—Ç—Ü—ñ,45,,"81,00 –≥—Ä–Ω.","0,00 –≥—Ä–Ω.",,
14,–¢–∞—Ä—Ç–∞–ª–µ—Ç–∫–∞ –≥—É–∞–∫–∞–º–æ–ª–µ –∑ —Ç–æ–º–∞—Ç–Ω–æ—é —Å–∞–ª—å—Å–æ—é —Ç–∞ –∫—Ä–µ–≤–µ—Ç–∫–æ—é,60,,"128,00 –≥—Ä–Ω.","0,00 –≥—Ä–Ω.",,
15,–¢–∞—Ä—Ç–∞–ª–µ—Ç–∫–∞ –∑ –∫—É—Ä–∫–æ—é —Ç–∞ –≤'—è–ª–µ–Ω–∏–º–∏ —Ç–æ–º–∞—Ç–∞–º–∏,30,,"94,00 –≥—Ä–Ω.","0,00 –≥—Ä–Ω.",,
16,"–¢–∞—Ä—Ç–∞–ª–µ—Ç–∫–∞ –∑ —ñ–Ω–∂–∏—Ä–æ–º, —Å–∏—Ä–æ–º –ì–æ—Ä–≥–æ–Ω–∑–æ–ª–æ—é —Ç–∞ –≥—Ä–µ—Ü—å–∫–∏–º–∏ –≥–æ—Ä—ñ—Ö–∞–º–∏",30,,"101,00 –≥—Ä–Ω.","0,00 –≥—Ä–Ω.",,ü•ú –ì–æ—Ä—ñ—Ö–∏ —Ç–∞ –ø—Ä–æ–¥—É–∫—Ç–∏ –∑ –Ω–∏—Ö
17,"–¢–∞—Ä—Ç–∞–ª–µ—Ç–∫–∞ –∑ —Ö–∞–º–æ–Ω–æ–º, —Å–∏—Ä–æ–º –ë—Ä—ñ —Ç–∞ –≥—Ä—É—à–µ—é",30,,"101,00 –≥—Ä–Ω.","0,00 –≥—Ä–Ω.",,üçØ –ú–µ–¥ —Ç–∞ –ø—Ä–æ–¥—É–∫—Ç–∏ –∑ –Ω—å–æ–≥–æ
18,–ì—Ä–∏–±–Ω–∏–π –º—É—Å —ñ–∑ —Ç–æ—Ñ—É –≤ —Ç–∞—Ä—Ç–∞–ª–µ—Ç—Ü—ñ,50,,"72,00 –≥—Ä–Ω.","0,00 –≥—Ä–Ω.",,
19,–ú—É—Å —ñ–∑ —Ç—É–Ω—Ü—è –≤ —Ç–∞—Ä—Ç–∞–ª–µ—Ç—Ü—ñ,50,,"77,00 –≥—Ä–Ω.","0,00 –≥—Ä–Ω.",,
20,"–§—Ä–∞–Ω—Ü—É–∑—å–∫—ñ –ø—Ä–æ—Ñ—ñ—Ç—Ä–æ–ª—ñ –∑ –ª–æ—Å–æ—Å–µ–≤–æ—é —ñ–∫—Ä–æ—é, –≤–µ—Ä—à–∫–æ–≤–∏–º —Å–∏—Ä–æ–º —Ç–∞ –ª–∏–º–æ–Ω—á–∏–∫–æ–º",35,,"225,00 –≥—Ä–Ω.","0,00 –≥—Ä–Ω.",,
21,–í–æ–ª–æ–≤–∞–Ω –∑ —ñ–Ω–¥–∏—á–∫–æ—é —Ç–∞ —à–∏–Ω–∫–æ—é,35,,"74,00 –≥—Ä–Ω.","0,00 –≥—Ä–Ω.",,
22,–í–∞–ª–æ–≤–∞–Ω –∑ —à–∞–º–ø—ñ–Ω—å–π–æ–Ω–∞–º–∏ —Ç–∞ –≤–µ—Ä—à–∫–æ–≤–∏–º —Å–∏—Ä–æ–º,35,,"66,00 –≥—Ä–Ω.","0,00 –≥—Ä–Ω.",,
23,–í–æ–ª–æ–≤–∞–Ω –∑ –∫–æ–ø—á–µ–Ω–æ—é —Ñ–æ—Ä–µ–ª–ª—é —Ç–∞ –∑–µ–ª–µ–Ω–Ω—é,35,,"138,00 –≥—Ä–Ω.","0,00 –≥—Ä–Ω.",,
24,–í–æ–ª–æ–≤–∞–Ω –∑ –∫—É—Ä—è—á–∏–º –ø–∞—à—Ç–µ—Ç–æ–º —Ç–∞ –∫–æ—Ä–Ω—ñ—à–æ–Ω–∞–º–∏,35,,"91,00 –≥—Ä–Ω.","0,00 –≥—Ä–Ω.",,
25,–í–∞–ª–æ–≤–∞–Ω 4 —Å–∏—Ä–∏,50,,"92,00 –≥—Ä–Ω.","0,00 –≥—Ä–Ω.",,
26,–ú–ª–∏–Ω–µ—Ü—å –∑ —Å—å–æ–º–≥–æ—é —Å/—Å —ñ –≤–µ—Ä—à–∫–æ–≤–∏–º —Å–∏—Ä–æ–º,40/30,,"166,00 –≥—Ä–Ω.","0,00 –≥—Ä–Ω.",,
27,–ú–ª–∏–Ω–µ—Ü—å –∑ —à–∏–Ω–∫–æ—é —ñ –≤–µ—Ä—à–∫–æ–≤–∏–º —Å–∏—Ä–æ–º,40/30,,"74,00 –≥—Ä–Ω.","0,00 –≥—Ä–Ω.",,
28,–ú–ª–∏–Ω–µ—Ü—å –∑ –∫—É—Ä—è—á–∏–º –ø–∞—Ç–µ —ñ —Å–∫–∏–±–æ—á–∫–∞–º–∏ —è–≥—ñ–¥–Ω–æ–≥–æ –º–∞—Ä–º–µ–ª–∞–¥—É,40/30,,"77,00 –≥—Ä–Ω.","0,00 –≥—Ä–Ω.",,
29,–ú–ª–∏–Ω–µ—Ü—å –∑ —Å–∏—Ä–Ω–∏–º –º—É—Å–æ–º —ñ –∑–µ–ª–µ–Ω–Ω—é,40/30,,"71,00 –≥—Ä–Ω.","0,00 –≥—Ä–Ω.",,
30,"–ö–∞–ø—Ä–µ–∑–µ –∑ —Ö–∞–º–æ–Ω–æ–º (—á–µ—Ä—ñ-–º–æ—Ü–∞—Ä–µ–ª–ª–∞, —á–µ—Ä—ñ-—Ç–æ–º–∞—Ç, —Ö–∞–º–æ–Ω, –ø–µ—Å—Ç–æ)",60,,"144,00 –≥—Ä–Ω.","0,00 –≥—Ä–Ω.",,
31,–ì—Ä–∏—Å—Å—ñ–Ω—ñ –∑ –ü–∞—Ä–º—Å—å–∫–∏–º –æ–∫—ñ—Å—Ç–æ–º,25,,"114,00 –≥—Ä–Ω.","0,00 –≥—Ä–Ω.",,
32,–§—ñ–Ω—ñ–∫ —ñ–∑ –≤–µ—Ä—à–∫–æ–≤–∏–º —Å–∏—Ä–æ–º —Ç–∞ —Å–ª–∞–π—Å–æ–º —Ö–∞–º–æ–Ω—É,25,,"97,00 –≥—Ä–Ω.","0,00 –≥—Ä–Ω.",,
33,–ö—Ä–µ–≤–µ—Ç–∫–∞ —Ñ—Ä—ñ –∑ —Å–æ—É—Å–æ–º –º–∞–Ω–≥–æ-—á–∏–ª—ñ,50,,"83,00 –≥—Ä–Ω.","0,00 –≥—Ä–Ω.",,
34,–ö—Ä–µ–≤–µ—Ç–∫–∞ —Ñ—Ä—ñ –∑ —Å–æ—É—Å–æ–º —Ç–∞—Ä-—Ç–∞—Ä,50,,"89,00 –≥—Ä–Ω.","0,00 –≥—Ä–Ω.",,
35,"–†—É–ª–µ—Ç–∏–∫ —ñ–∑ —Ü—É–∫—ñ–Ω—ñ —Ç–∞ —Ñ–µ—Ç–æ—é ( —Ü—É–∫—ñ–Ω—ñ, —Å–∏—Ä –§–µ–ª–∞—Ç–∞, —à–ø–∏–Ω–∞—Ç, —á–∞—Å–Ω–∏–∫, –æ—Ä–µ–≥–∞–Ω–æ, —Å—ñ–ª—å, –ø–µ—Ä–µ—Ü—å)",25,,"83,00 –≥—Ä–Ω.","0,00 –≥—Ä–Ω.",,üå∞ –ß–∞—Å–Ω–∏–∫ —Ç–∞ –ø—Ä–æ–¥—É–∫—Ç–∏ –∑ –Ω—å–æ–≥–æ
36,"–ó–∞–∫—É—Å–∫–∞ –∑ —Å–∏—Ä—É –º–∞–∞—Å–¥–∞–º, –∫—Ä–µ–≤–µ—Ç–∫–æ—é —Ç–∞ —Å–æ—É—Å–æ–º –∫–∞—Ä—Ä—ñ",10/15/5,,"108,00 –≥—Ä–Ω.","0,00 –≥—Ä–Ω.",,
37,–ü—Ä–æ—Ñ—ñ—Ç—Ä–æ–ª—å –∑ –±—É—Ä—è–∫–æ–≤–∏–º –ª–æ—Å–æ—Å–µ–º —Ç–∞ —Å–≤—ñ–∂–∏–º –æ–≥—ñ—Ä–∫–æ–º,40,,"58,00 –≥—Ä–Ω.","0,00 –≥—Ä–Ω.",,
38,"–ü—Ä–æ—Ñ—ñ—Ç—Ä–æ–ª—å –∑ –º–∞—Ä–∏–Ω–æ–≤–∞–Ω–∏–º–∏ –º—ñ–¥—ñ—è–º–∏, —Å–æ—É—Å–æ–º –£–Ω–∞–≥—ñ —Ç–∞ –≥—ñ—Ä—á–∏—Ü–µ—é –≤ –∑–µ—Ä–Ω–∞—Ö",40,,"69,00 –≥—Ä–Ω.","0,00 –≥—Ä–Ω.",,üå∞ –ß–∞—Å–Ω–∏–∫ —Ç–∞ –ø—Ä–æ–¥—É–∫—Ç–∏ –∑ –Ω—å–æ–≥–æ
39,"–ü—Ä–æ—Ñ—ñ—Ç—Ä–æ–ª—å –∑ –Ω—ñ–∂–Ω–∏–º –∫—Ä–µ–º–æ–º –∑ –∞–º–µ—Ä–∏–∫–∞–Ω—Å—å–∫–æ—ó –≥—ñ—Ä—á–∏—Ü—ñ, —Ö–∞–º–æ–Ω–æ–º –°–µ—Ä—Ä–∞–Ω–æ —Ç–∞ —Å–ª–∞–π—Å–æ–º –æ–≥—ñ—Ä–∫–∞",45,,"76,00 –≥—Ä–Ω.","0,00 –≥—Ä–Ω.",,
40,"–ü—Ä–æ—Ñ—ñ—Ç—Ä–æ–ª—å –∑ –≤—è–ª–µ–Ω–æ—é –ë—Ä–µ–∑–∞–æ–ª–æ—é, –∫–∞–ø–µ—Ä—Å–∞–º–∏ —Ç–∞ –∫—Ä–µ–º–æ–º –∑ —Ä–æ–∂–µ–≤–æ–≥–æ —Ö—Ä–æ–Ω—É",45,,"49,00 –≥—Ä–Ω.","0,00 –≥—Ä–Ω.",,
41,–ü—Ä–æ—Ñ—ñ—Ç—Ä–æ–ª—å –∑ –º'—è—Å–æ–º –ö–æ–ø–ø–∞ –≤ —Ö—Ä–æ–Ω—ñ —Ç–∞ –∫—Ä–µ–º —Å–∏—Ä—ñ,45,,"53,00 –≥—Ä–Ω.","0,00 –≥—Ä–Ω.",,
42,"–ü—Ä–æ—Ñ—ñ—Ç—Ä–æ–ª—å –∑ –∫–∞—á–∏–Ω–æ—é –≥—Ä—É–¥–∫–æ—é, —è–±–ª—É—á–Ω–∏–º —á–∞—Ç–Ω—ñ —Ç–∞ —Å–æ–ª–æ–¥–∫–∏–º —Å–æ—É—Å–æ–º —á—ñ–ª—ñ",45,,"76,00 –≥—Ä–Ω.","0,00 –≥—Ä–Ω.",,
43,"–ü—Ä–æ—Ñ—ñ—Ç—Ä–æ–ª—å –∑ —Ç–µ–ª—è—Ç–∏–Ω–æ—é, –±–æ–ª–≥–∞—Ä—Å—å–∫–∏–º –ø–µ—Ä—Ü–µ–º —Ç–∞ –≤–µ—Ä—à–∫–æ–≤–∏–º —Ö—Ä–æ–Ω–æ–º",45,,"73,00 –≥—Ä–Ω.","0,00 –≥—Ä–Ω.",,
44,–Ü—Ç–∞–ª—ñ–π—Å—å–∫–∏–π —Ä—É–ª–µ—Ç —É –ø–∞–Ω—á–µ—Ç—ñ –∑ —Ñ–∞—Ä—à–∏—Ä–æ–≤–∞–Ω–∏–º –ø–µ—Ä—Ü–µ–º,25,,"60,00 –≥—Ä–Ω.","0,00 –≥—Ä–Ω.",,
45,–†–≤–∞–Ω–∏–π –ª–æ—Å–æ—Å—å –≤ —Å–æ—É—Å—ñ –î–µ–º—ñ–≥–ª–∞—Å,45,,"83,00 –≥—Ä–Ω.","0,00 –≥—Ä–Ω.",,
46,"–¢–∞—Ä—Ç —ñ–∑ –º—É—Å–æ–º –ì–æ—Ä–≥–æ–Ω–∑–æ–ª–∏, —ñ—Å–ø–∞–Ω—Å—å–∫–∏–º —Ö–∞–º–æ–Ω–æ–º —Ç–∞ –º–∞–Ω–≥–æ",80,,"111,00 –≥—Ä–Ω.","0,00 –≥—Ä–Ω.",,
47,"–¢–∞—Ä—Ç –∑ –∫–∞—á–∏–Ω–∏–º —Ñ—ñ–ª–µ, –º‚Äô—è—Ç–Ω–∏–º –≥–æ—Ä–æ—Ö–æ–≤–∏–º –º—É—Å–æ–º —Ç–∞ –∞–ø–µ–ª—å—Å–∏–Ω–æ–º",85,,"139,00 –≥—Ä–Ω.","0,00 –≥—Ä–Ω.",,
48,–ó–∞–∫—É—Å–∫–∞ –∑ –º–∞—Ä–∏–Ω–æ–≤–∞–Ω–∏—Ö –º—ñ–¥—ñ–π –∑ —Å–∞–ª–∞—Ç–æ–º –ß—É–∫–∞ —Ç–∞ –≥–æ—Ä—ñ—Ö–æ–≤–∏–º —Å–æ—É—Å–æ–º,40,,"54,00 –≥—Ä–Ω.","0,00 –≥—Ä–Ω.",,
49,–°–∏—Ä–Ω–∏–π —Ä–æ–ª –∑ –ß–µ–¥–¥–µ—Ä–∞ –∑ –º—É—Å–æ–º —ñ–∑ –∫—É—Ä–∞–≥–∏ —Ç–∞ –º–∞–ª–∏–Ω–æ–≤–∏–º —Å–æ—É—Å–æ–º,25,,"34,00 –≥—Ä–Ω.","0,00 –≥—Ä–Ω.",,
50,–†—É–ª–µ—Ç–∏–∫–∏ —ñ–∑ —Ü—É–∫—ñ–Ω—ñ –∑ –≤'—è–ª–µ–Ω–∏–º–∏ –ø–æ–º—ñ–¥–æ—Ä–∞–º–∏ ,40,,"83,00 –≥—Ä–Ω.","0,00 –≥—Ä–Ω.",,
,–ü–æ–∑–∏—Ü—ñ—ó –õ–ò–®–ï –ù–ê –î–û–°–¢–ê–í–ö–£ –í –ö–†–ê–§–¢–û–í–ò–• –ë–û–ö–°–ê–• (–ó –õ–ï–ë–ï–î–ò–ù–°–¨–ö–û–á),,,,,,
1,–§—ñ–ª–µ –ª–æ—Å–æ—Å—è –≤ —Ä–∏—Å–æ–≤–æ–º—É –ª–∏—Å—Ç—ñ –∑ –≤–µ—Ä—à–∫–æ–≤–æ-–∞–ø–µ–ª—å—Å–∏–Ω–æ–≤–∏–º –∫—Ä–µ–º–æ–º –Ω–∞ –ª–æ–∂—Ü—ñ,35,,"91,00 –≥—Ä–Ω.","0,00 –≥—Ä–Ω.",,
2,–ü—Ä—è–Ω–∏–π –ª–æ—Å–æ—Å—å –≤ –ª–∏—Å—Ç—ñ –∑ —Ä–∏—Å—É –∑ —Å–∞–ª–∞—Ç–æ–º –ß—É–∫–∞ –≤ –∫—É–Ω–∂—É—Ç–Ω–æ–º—É —Å–æ—É—Å—ñ –Ω–∞ –ª–æ–∂—Ü—ñ,35,,"60,00 –≥—Ä–Ω.","0,00 –≥—Ä–Ω.",,
3,"–†–æ–ª –∑ –º–ª–∏–Ω—Ü—è –∑ –ª–æ—Å–æ—Å–µ–º, —á–æ—Ä–Ω–∏–ª–∞–º–∏ –∫–∞—Ä–∞–∫–∞—Ç–∏—Ü—ñ, —Å–∞–ª–∞—Ç–æ–º –ß—É–∫–∞ —Ç–∞ —Å–æ—É—Å–æ–º –£–Ω–∞–≥—ñ –Ω–∞ –ª–æ–∂—Ü—ñ",25,,"128,00 –≥—Ä–Ω.","0,00 –≥—Ä–Ω.",,
4,"–ë—Ä—É—Å–∫–µ—Ç–∞ –∑ –ª–æ—Å–æ—Å–µ–º –≤ –Ω–æ—Ä—ñ, —Å–∞–ª–∞—Ç–æ–º –ß—É–∫–∞ —Ç–∞ —Å–æ—É—Å–æ–º –£–Ω–∞–≥—ñ",60,,"66,00 –≥—Ä–Ω.","0,00 –≥—Ä–Ω.",,
5,–ë—Ä—É—Å–∫–µ—Ç–∞ –∑ –≥–∞—Ä–±—É–∑–æ–º —Ç–∞ —Ö–∞–º–æ–Ω–æ–º,45,,"105,00 –≥—Ä–Ω.","0,00 –≥—Ä–Ω.",,
6,–†–æ–ª–∏ –∑—ñ —à–ø–∏–Ω–∞—Ç–Ω–æ–≥–æ –º–ª–∏–Ω—Ü—è –∑ –ª–æ—Å–æ—Å–µ–º,50,,"80,00 –≥—Ä–Ω.","0,00 –≥—Ä–Ω.",,
7,–†–æ–ª–∏ –∑ –º–ª–∏–Ω—Ü—ñ–≤ –∑ –º'—è—Å–æ–º —Å–Ω—ñ–∂–Ω–æ–≥–æ –∫—Ä–∞–±–∞,50,,"86,00 –≥—Ä–Ω.","0,00 –≥—Ä–Ω.",,
8,–†–æ–ª–∏ –∑ –º–ª–∏–Ω—Ü—ñ–≤ –∑ –∫–æ–Ω—Å–µ—Ä–≤–æ–≤–∞–Ω–∏–º —Ç—É–Ω—Ü–µ–º —Ç–∞ –ø–æ–º—ñ–¥–æ—Ä–æ–º –ß–µ—Ä—ñ,50,,"78,00 –≥—Ä–Ω.","0,00 –≥—Ä–Ω.",,
9,–†–æ–ª–∏ –∑ –º–ª–∏–Ω—Ü—ñ–≤ –∑ –∫–æ–Ω—Å–µ—Ä–≤–æ–≤–∞–Ω–∏–º —Ç—É–Ω—Ü–µ–º —Ç–∞ –∫–æ—Ä–Ω—ñ—à–æ–Ω–æ–º,50,,"78,00 –≥—Ä–Ω.","0,00 –≥—Ä–Ω.",,
10,–†–æ–ª–∏ –∑ –º–ª–∏–Ω—Ü—ñ–≤ –∑ –∫–æ–Ω—Å–µ—Ä–≤–æ–≤–∞–Ω–∏–º —Ç—É–Ω—Ü–µ–º —Ç–∞ —Å–≤—ñ–∂–∏–º –æ–≥—ñ—Ä–∫–æ–º,50,,"78,00 –≥—Ä–Ω.","0,00 –≥—Ä–Ω.",,
11,"–ü—Ä–æ—Ñ—ñ—Ç—Ä–æ–ª—å –∑ –∫—É–Ω–∂—É—Ç–Ω–∏–º –∫—Ä–µ–º–æ–º, —Ç—É–Ω—Ü–µ–º –≤ —Ö—Ä—É—Å—Ç–∫—ñ–π —Å–∫–æ—Ä–∏–Ω—Ü—ñ —Ç–∞ –ê—Å–ø–∞—Ä–∞–≥—É—Å–æ–º",40,,"125,00 –≥—Ä–Ω.","0,00 –≥—Ä–Ω.",,
12,"–ü—Ä–æ—Ñ—ñ—Ç—Ä–æ–ª—å –∑ –º–∞—Å–ª—è–Ω–æ—é —Ä–∏–±–æ—é,–∫—Ä–µ–º–æ–º –∑—ñ —Å–≤—ñ–∂–æ–≥–æ –æ–≥—ñ—Ä–∫–∞ —Ç–∞ –ê—Å–ø–∞—Ä–∞–≥—É—Å–æ–º",40,,"108,00 –≥—Ä–Ω.","0,00 –≥—Ä–Ω.",,
,–®–ø–∞–∂–∫–∏,,,,,,
1,"–®–ø–∞–∂–∫–∞ –∑ –∫–∞—á–∏–Ω–∏–º —Ñ—ñ–ª–µ, –º–∞–Ω–¥–∞—Ä–∏–Ω–æ–º —Ç–∞ –∫–∞–ø–µ—Ä—Å–∞–º–∏",50,,"104,00 –≥—Ä–Ω.","0,00 –≥—Ä–Ω.",,
2,"–®–ø–∞–∂–∫–∞ –∑ –ø–µ—Ä—Å–∏–∫–æ–º, —Ö–∞–º–æ–Ω–æ–º, –±–µ–±—ñ –º–æ—Ü–∞—Ä–µ–ª–æ—é —Ç–∞ –±–∞–∑–∏–ª—ñ–∫–æ–º",45,,"97,00 –≥—Ä–Ω.","0,00 –≥—Ä–Ω.",,
3,–®–ø–∞–∂–∫–∞ —Ñ—Ä—É–∫—Ç–æ–≤–∞,35,,"58,00 –≥—Ä–Ω.","0,00 –≥—Ä–Ω.",,
4,–®–ø–∞–∂–∫–∞ –∑ —Å–∏—Ä–æ–º –†–∞–¥–æ–º–µ—Ä —Ç–∞ –∫—Ä–µ–≤–µ—Ç–∫–æ—é,10/15/5,,"101,00 –≥—Ä–Ω.","0,00 –≥—Ä–Ω.",,
5,–®–ø–∞–∂–∫–∞ –∑ —Å–∏—Ä–æ–º –ï–º–µ–Ω—Ç–∞–ª—å —Ç–∞ –≤–∏–Ω–æ–≥—Ä–∞–¥–æ–º,20/20,,"66,00 –≥—Ä–Ω.","0,00 –≥—Ä–Ω.",,
6,"–®–ø–∞–∂–∫–∞ —ñ–∑ —Å–∏—Ä—É –ú–æ—Ü–∞—Ä–µ–ª–ª–∞, –ø–æ–º—ñ–¥–æ—Ä—ñ–≤ —á–µ—Ä—ñ —Ç–∞ –±–∞–∑–∏–ª—ñ–∫–∞",40,,"73,00 –≥—Ä–Ω.","0,00 –≥—Ä–Ω.",,
7,"–®–ø–∞–∂–∫–∞ –∑ –∑–∞–ø–µ—á–µ–Ω–∏–º –±—É—Ä—è–∫–æ–º, —Ñ–µ—Ç–æ—é —Ç–∞ –≤–æ–ª–æ—Å—å–∫–∏–º –≥–æ—Ä—ñ—Ö–æ–º –≤ –º–µ–¥–æ–≤–æ-–≥—ñ—Ä—á–∏—á–Ω–æ–º—É —Å–æ—É—Å—ñ –≤ —à–æ—Ç—ñ",50,,"92,00 –≥—Ä–Ω.","0,00 –≥—Ä–Ω.",,"ü•ú –ì–æ—Ä—ñ—Ö–∏, üçØ –ú–µ–¥ —Ç–∞ –ø—Ä–æ–¥—É–∫—Ç–∏ –∑ –Ω–∏—Ö"
8,"–®–ø–∞–∂–∫–∞ –∑ —Å–∏—Ä–æ–º –ì–∞—É–¥–∞, –∫–æ—Ä–Ω—ñ—à–æ–Ω–æ–º —Ç–∞ —à–∏–Ω–∫–æ—é –ø—ñ–¥ —Å–æ—É—Å–æ–º —Ç–∞—Ä-—Ç–∞—Ä —É —à–æ—Ç—ñ",45,,"98,00 –≥—Ä–Ω.","0,00 –≥—Ä–Ω.",,
9,"–®–ø–∞–∂–∫–∞ –∑ —Å–∏—Ä–æ–º –ë—Ä—ñ, –≤–∏–Ω–æ–≥—Ä–∞–¥–æ–º —Ç–∞ –º–∞—Ä–∏–Ω–æ–≤–∞–Ω–∏–º –ø–µ—Ä—Å–∏–∫–æ–º –ø—ñ–¥ –±—Ä—É—Å–Ω–∏—á–Ω–∏–º —Å–æ—É—Å–æ–º —É —à–æ—Ç—ñ",50,,"107,00 –≥—Ä–Ω.","0,00 –≥—Ä–Ω.",,üïì –ó–º—ñ–Ω—é—î –∑–æ–≤–Ω—ñ—à–Ω—ñ–π –≤–∏–≥–ª—è–¥
10,"–®–ø–∞–∂–∫–∞ –∑ —à–∏–Ω–∫–æ—é, —Å–∏—Ä–æ–º –ì–∞—É–¥–∞ —Ç–∞ –º–∞—Ä–∏–Ω–æ–≤–∞–Ω–∏–º–∏ –≥—Ä–∏–±–æ—á–∫–∞–º–∏ –ø—ñ–¥ —Å–æ—É—Å–æ–º —Ç–∞—Ä-—Ç–∞—Ä —É —à–æ—Ç—ñ",50,,"100,00 –≥—Ä–Ω.","0,00 –≥—Ä–Ω.",,
,–°–µ–Ω–¥–≤—ñ—á—ñ (–ú–Ü–ù–Ü–ú–ê–õ–¨–ù–û 2 –ü–û–†–¶–Ü–á !!!),,,,,,
1,"–°–µ–Ω–¥–≤—ñ—á –∑ —à–∏–Ω–∫–æ—é, —Ç–æ–º–∞—Ç–æ–º —ñ —Å–∏—Ä–æ–º",50,,"76,00 –≥—Ä–Ω.","0,00 –≥—Ä–Ω.",,
2,–°–µ–Ω–¥–≤—ñ—á –∑ —Ç–æ–º–∞—Ç–æ–º —ñ —Å–∏—Ä–æ–º –º–æ—Ü–∞—Ä–µ–ª–ª–∞,50,,"73,00 –≥—Ä–Ω.","0,00 –≥—Ä–Ω.",,
3,"–°–µ–Ω–¥–≤—ñ—á –∑ —Å–∞–ª—è–º—ñ, —Ç–æ–º–∞—Ç–∞–º–∏, —Å–∏—Ä–æ–º —Ç–∞ —Å–∞–ª–∞—Ç–æ–º",50,,"76,00 –≥—Ä–Ω.","0,00 –≥—Ä–Ω.",,
4,–°–µ–Ω–¥–≤—ñ—á –∑ —Ä–æ—Å—Ç–±—ñ—Ñ–æ–º —ñ —Ç–æ–º–∞—Ç–∞–º–∏,50,,"81,00 –≥—Ä–Ω.","0,00 –≥—Ä–Ω.",,
5,–°–µ–Ω–¥–≤—ñ—á –∑ –∑–∞–ø–µ—á–µ–Ω–∏–º–∏ –æ–≤–æ—á–∞–º–∏ —Ç–∞ –π–æ–≥—É—Ä—Ç–æ–≤–∏–º —Å–æ—É—Å–æ–º,50,,"73,00 –≥—Ä–Ω.","0,00 –≥—Ä–Ω.",,
6,"–°–µ–Ω–¥–≤—ñ—á: –∑–∞–ø–µ—á–µ–Ω–µ –∫—É—Ä—è—á–µ —Ñ—ñ–ª–µ, —Å–∏—Ä, —Å–ª–∞–π—Å –æ–≥—ñ—Ä–∫–∞ —Ç–∞ –ª–∏—Å—Ç —Å–∞–ª–∞—Ç—É",50,,"76,00 –≥—Ä–Ω.","0,00 –≥—Ä–Ω.",,
7,–°–µ–Ω–¥–≤—ñ—á –∑ –¥–≤–æ–º–∞ –≤–∏–¥–∞–º–∏ —Å–∏—Ä—ñ–≤ —Ç–∞ –∑–µ–ª–µ–Ω–Ω—é,50,,"77,00 –≥—Ä–Ω.","0,00 –≥—Ä–Ω.",,
8,–°–µ–Ω–¥–≤—ñ—á —ñ–∑ –∫—É—Ä—è—á–∏–º –ø–∞—à—Ç–µ—Ç–æ–º,50,,"44,00 –≥—Ä–Ω.","0,00 –≥—Ä–Ω.",,
9,–°–µ–Ω–¥–≤—ñ—á —ñ–∑ —Å–∏—Ä–æ–º —Ç–∞ –∞–Ω–∞–Ω–∞—Å–æ–º,50,,"55,00 –≥—Ä–Ω.","0,00 –≥—Ä–Ω.",,
10,–°–µ–Ω–¥–≤—ñ—á –∑ –±—É–∂–µ–Ω–∏–Ω–æ—é —Ç–∞ —Å–≤—ñ–∂–∏–º–∏ –æ–≥—ñ—Ä–∫–∞–º–∏,50,,"76,00 –≥—Ä–Ω.","0,00 –≥—Ä–Ω.",,
11,–°–µ–Ω–¥–≤—ñ—á –∑ –ª–æ—Å–æ—Å–µ–º —Å/—Å —Ç–∞ –æ–≥—ñ—Ä–∫–æ–º,50,,"107,00 –≥—Ä–Ω.","0,00 –≥—Ä–Ω.",,
,–°–æ–ª–æ–Ω—ñ –∫—Ä—É–∞—Å–∞–Ω–∏,,,,,,
1,"–ö—Ä—É–∞—Å–∞–Ω –∑ —à–∏–Ω–∫–æ—é, —Ç–æ–º–∞—Ç–æ–º —ñ —Å–∏—Ä–æ–º",120,,"168,00 –≥—Ä–Ω.","0,00 –≥—Ä–Ω.",,
2,–ö—Ä—É–∞—Å–∞–Ω –∑ —Ç–æ–º–∞—Ç–æ–º —ñ —Å–∏—Ä–æ–º –º–æ—Ü–∞—Ä–µ–ª–ª–∞,120,,"168,00 –≥—Ä–Ω.","0,00 –≥—Ä–Ω.",,
3,"–ö—Ä—É–∞—Å–∞–Ω –∑ —Å–∞–ª—è–º—ñ, —Ç–æ–º–∞—Ç–∞–º–∏, —Å–∏—Ä–æ–º —Ç–∞ —Å–∞–ª–∞—Ç–æ–º",120,,"168,00 –≥—Ä–Ω.","0,00 –≥—Ä–Ω.",,
4,–ö—Ä—É–∞—Å–∞–Ω –∑ —Ä–æ—Å—Ç–±—ñ—Ñ–æ–º —ñ —Ç–æ–º–∞—Ç–∞–º–∏,120,,"209,00 –≥—Ä–Ω.","0,00 –≥—Ä–Ω.",,
5,–ö—Ä—É–∞—Å–∞–Ω –∑ –∑–∞–ø–µ—á–µ–Ω–∏–º–∏ –æ–≤–æ—á–∞–º–∏ —Ç–∞ –π–æ–≥—É—Ä—Ç–æ–≤–∏–º —Å–æ—É—Å–æ–º,120,,"158,00 –≥—Ä–Ω.","0,00 –≥—Ä–Ω.",,
6,"–ö—Ä—É–∞—Å–∞–Ω: –∑–∞–ø–µ—á–µ–Ω–µ –∫—É—Ä—è—á–µ —Ñ—ñ–ª–µ, —Å–∏—Ä, —Å–ª–∞–π—Å –æ–≥—ñ—Ä–∫–∞ —Ç–∞ –ª–∏—Å—Ç —Å–∞–ª–∞—Ç—É",120,,"168,00 –≥—Ä–Ω.","0,00 –≥—Ä–Ω.",,
7,"–ö—Ä—É–∞—Å–∞–Ω —ñ–∑ –∑–∞–ø–µ—á–µ–Ω–æ—é –∫—É—Ä–∫–æ—é —Å—É-–≤—ñ–¥, —Ç–æ–º–∞—Ç–∞–º–∏, –ª–∏—Å—Ç —Å–∞–ª–∞—Ç—É, —Å–æ—É—Å",120,,"177,00 –≥—Ä–Ω.","0,00 –≥—Ä–Ω.",,
8,"–ö—Ä—É–∞—Å–∞–Ω –∑—ñ —Å–ª–∞–π—Å–æ–º —à–∏–Ω–∫–∏, —Å–∏—Ä–æ–º, —Å–≤—ñ–∂–∏–º–∏ –æ–≤–æ—á–∞–º–∏, –º—ñ–∫—Å —Å–∞–ª–∞—Ç—É, —Å–æ—É—Å",120,,"168,00 –≥—Ä–Ω.","0,00 –≥—Ä–Ω.",,
9,–ö—Ä—É–∞—Å–∞–Ω –∑—ñ —Å–ª–∞–±–æ—Å–æ–ª–µ–Ω–∏–º –ª–æ—Å–æ—Å–µ–º —ñ–∑ —Å–æ—É—Å–æ–º —Ç–∞—Ä-—Ç–∞—Ä —Ç–∞ –ª–∏—Å—Ç —Å–∞–ª–∞—Ç—É,120,,"192,00 –≥—Ä–Ω.","0,00 –≥—Ä–Ω.",,
,–°–æ–ª–æ–Ω—ñ –º—ñ–Ω—ñ-–∫—Ä—É–∞—Å–∞–Ω–∏,,,,,,
1,"–ú—ñ–Ω—ñ-–∫—Ä—É–∞—Å–∞–Ω: —Å–∞–ª—è–º—ñ, –∫–æ—Ä–Ω—ñ—à–æ–Ω, –∞–º–µ—Ä–∏–∫–∞–Ω—Å—å–∫–∞ –≥—ñ—Ä—á–∏—Ü—è, –ª–∏—Å—Ç —Å–∞–ª–∞—Ç—É",40,,"110,00 –≥—Ä–Ω.","0,00 –≥—Ä–Ω.",,
2,"–ú—ñ–Ω—ñ-–∫—Ä—É–∞—Å–∞–Ω: –∞–Ω–∞–Ω–∞—Å, —Ö–∞–º–æ–Ω, –º–µ–¥–æ–≤–æ-–≥—ñ—Ä—á–∏—á–Ω–∏–π —Å–æ—É—Å, –ª–∏—Å—Ç —Å–∞–ª–∞—Ç—É",45,,"110,00 –≥—Ä–Ω.","0,00 –≥—Ä–Ω.",,üçØ –ú–µ–¥ —Ç–∞ –ø—Ä–æ–¥—É–∫—Ç–∏ –∑ –Ω—å–æ–≥–æ
3,"–ú—ñ–Ω—ñ-–∫—Ä—É–∞—Å–∞–Ω: –∫–æ–ø—á–µ–Ω–∞ –∫—É—Ä–∫–∞, –æ–≥—ñ—Ä–æ–∫, —Å–æ—É—Å —Ç–∞—Ä-—Ç–∞—Ä, –ª–∏—Å—Ç —Å–∞–ª–∞—Ç—É",45,,"74,00 –≥—Ä–Ω.","0,00 –≥—Ä–Ω.",,
4,–ú—ñ–Ω—ñ-–∫—Ä—É–∞—Å–∞–Ω ¬´–ö–∞–ø—Ä–µ–∑–µ¬ª –∑ –ú–æ—Ü–∞—Ä–µ–ª–æ—é —Ç–∞ —Å–æ—É—Å–æ–º –ü–µ—Å—Ç–æ,45,,"78,00 –≥—Ä–Ω.","0,00 –≥—Ä–Ω.",,
5,"–ú—ñ–Ω—ñ-–∫—Ä—É–∞—Å–∞–Ω –∑ —Ç–µ–ª—è—Ç–∏–Ω–æ—é —Å—É-–≤—ñ–¥, –≤'—è–ª–µ–Ω–∏–º —Ç–æ–º–∞—Ç–æ–º —Ç–∞ –≤—ñ—Ç–µ–ª–æ —Ç–æ–Ω–Ω–∞—Ç–æ –Ω–∞ —Ç—Ä—é—Ñ–µ–ª—å–Ω—ñ–π –æ—Å–Ω–æ–≤—ñ",45,,"81,00 –≥—Ä–Ω.","0,00 –≥—Ä–Ω.",,
6,"–ú—ñ–Ω—ñ-–∫—Ä—É–∞—Å–∞–Ω –∑ –ª–æ—Å–æ—Å–µ–º, –æ–±–ø–∞–ª–µ–Ω–∏–º –∞–ø–µ–ª—å—Å–∏–Ω–æ–º —Ç–∞ —Å–æ—É—Å–æ–º –£–Ω–∞–≥—ñ ",45,,"71,00 –≥—Ä–Ω.","0,00 –≥—Ä–Ω.",,
,–ú—ñ–Ω—ñ-–±—É—Ä–≥–µ—Ä–∏,,,,,,
1,"–ú—ñ–Ω—ñ-–±—É—Ä–≥–µ—Ä: –ª–æ—Å–æ—Å—å, –æ–≥—ñ—Ä–æ–∫ —Å–≤—ñ–∂–∏–π, –ª–∏—Å—Ç —Å–∞–ª–∞—Ç—É, —Å–æ—É—Å –¢–∞—Ä-—Ç–∞—Ä",50,,"91,00 –≥—Ä–Ω.","0,00 –≥—Ä–Ω.",,
2,"–ú—ñ–Ω—ñ-–±—É—Ä–≥–µ—Ä: —Ç–µ–ª—è—Ç–∏–Ω–∞, —Å–∏—Ä –ß–µ–¥–¥–µ—Ä, –ª–∏—Å—Ç —Å–∞–ª–∞—Ç—É, —Å–æ–ª–æ–Ω–∏–π –æ–≥—ñ—Ä–æ–∫, –º–∞–π–æ–Ω–µ–∑, –∫–µ—Ç—á—É–ø",55,,"84,00 –≥—Ä–Ω.","0,00 –≥—Ä–Ω.",,
3,"–ú—ñ–Ω—ñ-–±—É—Ä–≥–µ—Ä: –∫—É—Ä–∫–∞, —Å–∏—Ä –ß–µ–¥–¥–µ—Ä, –ª–∏—Å—Ç —Å–∞–ª–∞—Ç—É, —Å–æ–ª–æ–Ω–∏–π –æ–≥—ñ—Ä–æ–∫, –º–∞–π–æ–Ω–µ–∑, –∫–µ—Ç—á—É–ø",55,,"79,00 –≥—Ä–Ω.","0,00 –≥—Ä–Ω.",,
4,"–ú—ñ–Ω—ñ-–±—É—Ä–≥–µ—Ä: –∑–∞–ø–µ—á–µ–Ω—ñ –æ–≤–æ—á—ñ, –ª–∏—Å—Ç —Å–∞–ª–∞—Ç—É, –π–æ–≥—É—Ä—Ç, —Å–æ—É—Å –ü–µ—Å—Ç–æ",50,,"73,00 –≥—Ä–Ω.","0,00 –≥—Ä–Ω.",,
,,,,,,,
1,"–ì–∞–º–±—É—Ä–≥–µ—Ä: –±—É–ª–æ—á–∫–∞, —Ñ–∞—Ä—à –∞—Å–æ—Ä—Ç—ñ, –ø–æ–º—ñ–¥–æ—Ä–∏, –≥—ñ—Ä—á–∏—Ü—è, –º–∞–π–æ–Ω–µ–∑, —Å–∏—Ä, —è–π—Ü–µ, —Ü–∏–±—É–ª—è",200,,"248,00 –≥—Ä–Ω.","0,00 –≥—Ä–Ω.",,
2,–ë—É—Ä–≥–µ—Ä –∑ —Ç–µ–ª—è—Ç–∏–Ω–æ—é –∑ –±–µ–∫–æ–Ω–æ–º,300,,"362,00 –≥—Ä–Ω.","0,00 –≥—Ä–Ω.",,
3,–ë—É—Ä–≥–µ—Ä –∫—É—Ä—è—á–∏–π –∑ –±–µ–∫–æ–Ω–æ–º,300,,"299,00 –≥—Ä–Ω.","0,00 –≥—Ä–Ω.",,
4,–§—ñ—Ä–º–æ–≤–∏–π –±—É—Ä–≥–µ—Ä,250,,"345,00 –≥—Ä–Ω.","0,00 –≥—Ä–Ω.",,
,–°–µ–∑–æ–Ω–Ω—ñ –ø–æ–∑–∏—Ü—ñ—ó,,,,,,
1,–®–æ—Ç –∑ –≥–∞—Ä–±—É–∑–æ–º —Ç–∞ —Ñ–µ—Ç–æ—é,50,,"65,00 –≥—Ä–Ω.","0,00 –≥—Ä–Ω.",,
2,–®–ø–∞–∂–∫–∞ —ñ–∑ —Å–∏—Ä—É –ö–∞–º–∞–º–±–µ—Ä —ñ–∑ –ø–æ–ª—É–Ω–∏—Ü–µ—é,35,,"108,00 –≥—Ä–Ω.","0,00 –≥—Ä–Ω.",,
3,"–®–ø–∞–∂–∫–∞ –∑ –º–∞—Ä–º—É—Ä–æ–≤–æ–≥–æ —Å–∏—Ä—É, –ø–æ–ª—É–Ω–∏—Ü—ñ, –∫—ñ–≤—ñ —Ç–∞ –≤–∏–Ω–æ–≥—Ä–∞–¥—É",50,,"92,00 –≥—Ä–Ω.","0,00 –≥—Ä–Ω.",,
4,–ú–∞—Ä–º—É—Ä–æ–≤–∏–π —Å–∏—Ä –Ω–∞ —à–ø–∞–∂—Ü—ñ –∑ –ø–µ—Ä—Å–∏–∫–æ–º —Ç–∞ –æ–∂–∏–Ω–æ—é,35,,"92,00 –≥—Ä–Ω.","0,00 –≥—Ä–Ω.",,
5,"–®–ø–∞–∂–∫–∞ –∑ –∑–∞–ø–µ—á–µ–Ω–∏–º –≥–∞—Ä–±—É–∑–æ–º, —Ö–∞–º–æ–Ω–æ–º —Ç–∞ –±–µ–±—ñ-–º–æ—Ü–∞—Ä–µ–ª–ª–æ—é –≤ —à–æ—Ç—ñ",50,,"114,00 –≥—Ä–Ω.","0,00 –≥—Ä–Ω.",,
,–û—Å—ñ–Ω–Ω—î –º–µ–Ω—é,,,,,,
1,–®–ø–∞–∂–∫–∞ –∑ –±–∞—Ç–∞—Ç—É —Ç–∞ —Ñ–µ—Ç–∏,35,,"77,00 –≥—Ä–Ω.","0,00 –≥—Ä–Ω.",,üçØ –ú–µ–¥ —Ç–∞ –ø—Ä–æ–¥—É–∫—Ç–∏ –∑ –Ω—å–æ–≥–æ
2,–®–ø–∞–∂–∫–∞ –∑ –≥–∞—Ä–±—É–∑–∞ —Ç–∞ –∫–∞—á–∫–∏,35,,"84,00 –≥—Ä–Ω.","0,00 –≥—Ä–Ω.",,üå∂Ô∏è –ü–µ—Ä–µ—Ü—å –≥–æ—Å—Ç—Ä–∏–π —Ç–∞ –ø—Ä–æ–¥—É–∫—Ç–∏ –∑ –Ω—å–æ–≥–æ
3,–®–ø–∞–∂–∫–∞ –∑ –∫–æ—Ä–µ–Ω—é —Å–µ–ª–µ—Ä–∏ —Ç–∞ –∫–æ–ø—á–µ–Ω–æ—ó –∫—É—Ä–∫–∏,35,,"63,00 –≥—Ä–Ω.","0,00 –≥—Ä–Ω.",,
4,–®–ø–∞–∂–∫–∞ –∑ –∫—É—Ä—è—á–æ—é –ø–µ—á—ñ–Ω–∫–æ—é —Ç–∞ —è–±–ª—É–∫–æ–º –∫–æ–Ω—Ñ—ñ —É –º–∞–ª–∏–Ω–æ–≤–æ–º—É —Å–æ—É—Å—ñ ,30,,"75,00 –≥—Ä–Ω.","0,00 –≥—Ä–Ω.",,
5,–ì—Ä–∏–±–Ω–∏–π –ø–∞—à—Ç–µ—Ç –∑ —á–∞—Ç–Ω—ñ ,100,,"138,00 –≥—Ä–Ω.","0,00 –≥—Ä–Ω.",,üå∂Ô∏è –ü–µ—Ä–µ—Ü—å –≥–æ—Å—Ç—Ä–∏–π —Ç–∞ –ø—Ä–æ–¥—É–∫—Ç–∏ –∑ –Ω—å–æ–≥–æ
6,–ó–∞–∫—É—Å–∫–∞ –∑ —Ç–µ–ª—è—Ç–∏–Ω–∏ —Ç–∞ –±—É—Ä—è–∫–∞ —É —Å–æ—É—Å—ñ –¥–æ—Ä –±–ª—é ,30,,"105,00 –≥—Ä–Ω.","0,00 –≥—Ä–Ω.",,
7,–ú—É—Å —ñ–∑ —Å–µ–ª–µ—Ä–∏ —ñ —Ç–∞—Ä—Ç–∞—Ä–æ–º –∑ —Ç—É–Ω—Ü—è,30,,"71,00 –≥—Ä–Ω.","0,00 –≥—Ä–Ω.",,
8,–ì–∞—Ä–±—É–∑–æ–≤—ñ –±–æ–ª–∏ ,35,,"62,00 –≥—Ä–Ω.","0,00 –≥—Ä–Ω.",,
9,–ñ–µ–ª–µ –∑ –±—É—Ä—è–∫–∞ ,35,,"41,00 –≥—Ä–Ω.","0,00 –≥—Ä–Ω.",,
10,"–ó–∞–∫—É—Å–∫–∞ –∑ –∫—É—Ä–∫–∏ —Å—É-–≤—ñ–¥, –≥–∞—Ä–±—É–∑–æ–≤–∏–º –ø—é—Ä–µ —Ç–∞ –∂—É—Ä–∞–≤–ª–∏–Ω–æ—é",35,,"59,00 –≥—Ä–Ω.","0,00 –≥—Ä–Ω.",,
11,–ö–∞—Ä–∞–º–µ–ª—ñ–∑–æ–≤–∞–Ω–∞ –º–æ—Ä–∫–≤–∞ –∑ –∫—Ä–µ–≤–µ—Ç–∫–æ—é –≤ —ñ–º–±–∏—Ä–Ω–æ–º—É –º—É—Å—ñ ,35,,"91,00 –≥—Ä–Ω.","0,00 –≥—Ä–Ω.",,
12,–¢–∞—Ä—Ç–∞–ª–µ—Ç–∫–∞ –∑ –º—É—Å–æ–º —ñ–∑ –±—É—Ä—è–∫–∞,50,,"49,00 –≥—Ä–Ω.","0,00 –≥—Ä–Ω.",,
13,–¢–∞—Ä—Ç–∞–ª–µ—Ç–∫–∞ –∑ –º—É—Å–æ–º —ñ–∑ –≥–∞—Ä–±—É–∑–∞,50,,"61,00 –≥—Ä–Ω.","0,00 –≥—Ä–Ω.",,
14,–°–≤–∏–Ω–Ω–∏–π —Ä—É–ª–µ—Ç–∏–∫ –∑ —á–æ—Ä–Ω–æ—Å–ª–∏–≤–æ–º,30,,"96,00 –≥—Ä–Ω.","0,00 –≥—Ä–Ω.",,
15,–ú—ñ–Ω—ñ-–≥–∞—Ä–±—É–∑ ,25,,"95,00 –≥—Ä–Ω.","0,00 –≥—Ä–Ω.",,
