,–î–∏—Ç—è—á–µ –º–µ–Ω—é,,,,,,
‚Ññ –ø/–ø,–ù–∞–∑–≤–∞,"–í–∏—Ö—ñ–¥ –Ω–∞ —Å—Ç—ñ–ª, –ø–æ—Ä—Ü—ñ—è/–≤–∞–≥–∞, –≥—Ä.",–ö—ñ–ª-—Å—Ç—å –ø–æ—Ä—Ü—ñ–π,"–¶—ñ–Ω–∞, –≥—Ä–Ω","–°—É–º–∞, –≥—Ä–Ω",,
,,,,,,üïì —à–≤–∏–¥–∫–æ –≤—Ç—Ä–∞—á–∞—î —Å–≤—ñ–π —Å–º–∞–∫/–≤–∏–≥–ª—è–¥ ,
,–•–æ–ª–æ–¥–Ω—ñ –∑–∞–∫—É—Å–∫–∏,,,,,,
1,"–†—ñ–∑–Ω–æ–∫–æ–ª—å–æ—Ä–æ–≤—ñ –º–ª–∏–Ω—Ü—ñ –∑ —ñ–Ω–¥–∏—á–∫–æ—é, –∑ –ª–æ—Å–æ—Å–µ–º —Ç–∞ —à–ø–∏–Ω–∞—Ç–æ–º, –∑ —à–∏–Ω–∫–æ—é —Ç–∞ –æ–≥—ñ—Ä–∫–æ–º —É –≤–µ—Ä—à–∫–æ–≤–æ–º—É —Å–æ—É—Å—ñ",300,,"256,00 –≥—Ä–Ω.","0,00 –≥—Ä–Ω.",,
2,"–®–ø–∞–∂–∫–∞ ""–º—É—Ö–æ–º–æ—Ä"" (–±–µ–±—ñ-–º–æ—Ü–∞—Ä–µ–ª–∞, —Ç–æ–º–∞—Ç —á–µ—Ä—ñ)  (–∫–∞–ø—Ä–µ–∑–µ)",35,,"71,00 –≥—Ä–Ω.","0,00 –≥—Ä–Ω.",,
3,–®–ø–∞–∂–∫–∞ –∑ –ø–µ—Ä–µ–ø–µ–ª–∏–Ω–∏–º —è–π—Ü–µ–º —Ç–∞ —à–∏–Ω–∫–æ—é,35,,"63,00 –≥—Ä–Ω.","0,00 –≥—Ä–Ω.",,
4,–®–ø–∞–∂–∫–∞ –∑ –∫—É—Ä—è—á–æ—é –≥—Ä—É–¥–∫–æ—é —Ç–∞ –∞–Ω–∞–Ω–∞—Å–æ–º,35,,"69,00 –≥—Ä–Ω.","0,00 –≥—Ä–Ω.",,üçØ –ú–µ–¥ —Ç–∞ –ø—Ä–æ–¥—É–∫—Ç–∏ –∑ –Ω—å–æ–≥–æ
5,–®–ø–∞–∂–∫–∞ —Ñ—Ä—É–∫—Ç–æ–≤–∞,40,,"60,00 –≥—Ä–Ω.","0,00 –≥—Ä–Ω.",,
6,–û–≤–æ—á–µ–≤—ñ –ª–æ–º—Ç–∏–∫–∏ –≤ –π–æ–≥—É—Ä—Ç–æ–≤–æ–º—É —Å–æ—É—Å—ñ,70,,"70,00 –≥—Ä–Ω.","0,00 –≥—Ä–Ω.",,
,–ì–∞—Ä–Ω—ñ—Ä–∏ —Ç–∞ –ø–µ—Ä—à—ñ —Å—Ç—Ä–∞–≤–∏,,,,,,
1,–ö–∞—Ä—Ç–æ–ø–ª—è–Ω–µ –ø—é—Ä–µ,100,,"74,00 –≥—Ä–Ω.","0,00 –≥—Ä–Ω.",,
2,–†–∏—Å –∑ –æ–≤–æ—á–∞–º–∏,100,,"77,00 –≥—Ä–Ω.","0,00 –≥—Ä–Ω.",,
3,–†—ñ–∑–Ω–æ–∫–æ–ª—å–æ—Ä–æ–≤—ñ —Å–ø–∞–≥–µ—Ç—ñ –∑ –∫—É—Ä–∫–æ—é –≤ —Å–æ—É—Å—ñ,150,,"143,00 –≥—Ä–Ω.","0,00 –≥—Ä–Ω.",,
4,–û–º–ª–µ—Ç –∑ –∫—É—Ä–∫–æ—é —Å—É-–≤—ñ–¥,150,,"151,00 –≥—Ä–Ω.","0,00 –≥—Ä–Ω.",,
5,–ö—É—Ä—è—á–∏–π —Å—É–ø—á–∏–∫ –∑ –ª–∞–ø—à–æ—é —Ç–∞ —è–π—Ü–µ–º,150,,"95,00 –≥—Ä–Ω.","0,00 –≥—Ä–Ω.",,
6,–ë—É–ª—å–π–æ–Ω —Å —Ñ—Ä–∏–∫–∞–¥–µ–ª—å–∫–∞–º–∏,150,,"96,00 –≥—Ä–Ω.","0,00 –≥—Ä–Ω.",,
7,–ö—Ä–µ–º-—Å—É–ø –∑ –±—Ä–æ–∫–æ–ª—ñ,150,,"86,00 –≥—Ä–Ω.","0,00 –≥—Ä–Ω.",,
8,–°—É–ø –∑ —Ñ—Ä–∏–∫–∞–¥–µ–ª—å–∫–∞–º–∏ —ñ –∫–æ–ª—å–æ—Ä–æ–≤–∏–º–∏ –º–∞–∫–∞—Ä–æ–Ω–∞–º–∏,150,,"97,00 –≥—Ä–Ω.","0,00 –≥—Ä–Ω.",,
,–°–æ–ª–æ–¥–∫—ñ —Å—Ç—Ä–∞–≤–∏,,,,,,
1,"–ú–ª–∏–Ω—Ü—ñ (–∑ —è–≥—ñ–¥–Ω–∏–º –∞–±–æ –∫–∞—Ä–∞–º–µ–ª—å–Ω–∏–º —Å–æ—É—Å–æ–º, –∑ —à–æ–∫–æ–ª–∞–¥–æ–º)",100,,"162,00 –≥—Ä–Ω.","0,00 –≥—Ä–Ω.",,
2,–í–∞—Ä–µ–Ω–∏–∫–∏ –∑ –≤–∏—à–Ω–µ—é,100,,"119,00 –≥—Ä–Ω.","0,00 –≥—Ä–Ω.",,
3,–°–∏—Ä–Ω–∏–∫–∏ –∑ –¥–∂–µ–º–æ–º,100,,"143,00 –≥—Ä–Ω.","0,00 –≥—Ä–Ω.",,
,–ì–∞—Ä—è—á—ñ –∑–∞–∫—É—Å–∫–∏,,,,,,
2,–ù–∞–≥–µ—Ç—Å–∏ –∑ —Å–æ—É—Å–æ–º –±–ª—é—á—ñ–∑,180/50,,"357,00 –≥—Ä–Ω.","0,00 –≥—Ä–Ω.",,üïì –ó–º—ñ–Ω—é—î –∑–æ–≤–Ω—ñ—à–Ω—ñ–π –≤–∏–≥–ª—è–¥
3,–ú–∞–ª–µ–Ω—å–∫—ñ –±—É—Ä–≥–µ—Ä–∏ –∑ –∫—É—Ä–∫–∏ –≤ –ø—ñ—Ç—ñ,150,,"177,00 –≥—Ä–Ω.","0,00 –≥—Ä–Ω.",,
4,"–õ–∞–≤–∞—à –∑ —à–∏–Ω–∫–æ—é, —Å–∏—Ä–æ–º —Ç–∞ —Å–æ—É—Å–æ–º",100,,"140,00 –≥—Ä–Ω.","0,00 –≥—Ä–Ω.",,
5,–ö—É—Ä—è—á–∏–π —à–∞—à–ª–∏—á–æ–∫ –∑ –±—Ä–æ–∫–∫–æ–ª—ñ,100,,"143,00 –≥—Ä–Ω.","0,00 –≥—Ä–Ω.",,
6,–í–∞—Ä–µ–Ω–∞ –∫—É–∫—É—Ä—É–¥–∑–∞,100,,"78,00 –≥—Ä–Ω.","0,00 –≥—Ä–Ω.",,
7,–ü–∞—Ä–æ–≤–∞ –∫–æ—Ç–ª–µ—Ç–∞ –∑ —ñ–Ω–¥–∏—á–∫–∏,100,,"141,00 –≥—Ä–Ω.","0,00 –≥—Ä–Ω.",,
8,–ë—É—Ä–≥–µ—Ä –∫—É—Ä—è—á–∏–π –∑ –∫–∞—Ä—Ç–æ–ø–ª–µ—é —Ñ—Ä—ñ,200/100,,"219,00 –≥—Ä–Ω.","0,00 –≥—Ä–Ω.",,
9,"–•–æ—Ç–¥–æ–≥ –∑ —Å–æ—Å–∏—Å–∫–æ—é, –º–æ—Ä–∫–≤–æ—é, –ø–æ–º—ñ–¥–æ—Ä–∞–º–∏ —Ç–∞ —Å–æ—É—Å–∞–º–∏",120,,"119,00 –≥—Ä–Ω.","0,00 –≥—Ä–Ω.",,
10,–°–∏—Ä–Ω—ñ –ø–∞–ª–æ—á–∫–∏ –∑ –º–æ—Ü–∞—Ä–µ–ª–∏ –≤ –ø–∞–Ω—ñ—Ä–æ–≤—Ü—ñ,100,,"161,00 –≥—Ä–Ω.","0,00 –≥—Ä–Ω.",,üïì –ó–º—ñ–Ω—é—î –∑–æ–≤–Ω—ñ—à–Ω—ñ–π –≤–∏–≥–ª—è–¥
,–°–µ–∑–æ–Ω–Ω—ñ –ø–æ–∑–∏—Ü—ñ—ó,,,,,,
1,–ë—Ä—É—Å–∫–µ—Ç–∞ –∑ –º–∞—Å–∫–∞—Ä–ø–æ–Ω–µ —Ç–∞ —Å–≤—ñ–∂–æ—é –ø–æ–ª—É–Ω–∏—Ü–µ—é,45,,"96,00 –≥—Ä–Ω.","0,00 –≥—Ä–Ω.",,
