,–ö–æ–º–ø–ª–µ–∫—Å–Ω—ñ –æ–±—ñ–¥–∏,,,,,,
,,,,,,*—à–≤–∏–¥–∫–æ –≤—Ç—Ä–∞—á–∞—î —Å–≤—ñ–π —Å–º–∞–∫/–≤–∏–≥–ª—è–¥ ,
‚Ññ –ø/–ø,–ö–æ–º–ø–ª–µ–∫—Å–Ω–∏–π –æ–±—ñ–¥ ‚Ññ1,"–í–∏—Ö—ñ–¥ –Ω–∞ —Å—Ç—ñ–ª, –ø–æ—Ä—Ü—ñ—è/–≤–∞–≥–∞, –≥—Ä.",–ö—ñ–ª-—Å—Ç—å –ø–æ—Ä—Ü—ñ–π,"–¶—ñ–Ω–∞, –≥—Ä–Ω","–°—É–º–∞, –≥—Ä–Ω",,
,–ú–µ–Ω—é —ñ–∑ —Ä–æ–∑—Ä–∞—Ö—É–Ω–∫—É –Ω–∞ * –æ—Å—ñ–±,,,,,,
,–ü–µ—Ä—à–∞ —Å—Ç—Ä–∞–≤–∞,,,,,,
1,–ì—Ä–∏–±–Ω–∏–π –∫—Ä–µ–º-—Å—É–ø,250,,"73,00 –≥—Ä–Ω.","0,00 –≥—Ä–Ω.",,
,–°–∞–ª–∞—Ç ,,,,,,
1,"–°–∞–ª–∞—Ç –ü–∞–Ω—Ü–∞–Ω–µ–ª–∞: —Ç–æ–º–∞—Ç —Ä–æ–∂–µ–≤–∏–π, —Ç–æ–º–∞—Ç –±—É—Ä–∏–π, —Ç–æ–º–∞—Ç –∂–æ–≤—Ç–∏–π, –±–∞–∑–∏–ª—ñ–∫, —á—ñ–∞–±–∞—Ç–∞, —Å—ñ–ª—å, –ø–µ—Ä–µ—Ü—å, –æ–ª–∏–≤–∫–æ–≤–∞ –æ–ª—ñ—è",150,,"73,00 –≥—Ä–Ω.","0,00 –≥—Ä–Ω.",,
,–û—Å–Ω–æ–≤–Ω–∞ —Å—Ç—Ä–∞–≤–∞,,,,,,
1,–ö–æ—Ç–ª–µ—Ç–∞ –ø–æ - –∫–∏—ó–≤—Å—å–∫–∏ —Ä—É–±–∞–Ω–∞,100,,"88,00 –≥—Ä–Ω.","0,00 –≥—Ä–Ω.",,
,–ì–∞—Ä–Ω—ñ—Ä,,,,,,
1,"–°–º–∞–∂–µ–Ω—ñ –∫–æ—Ä–µ–Ω–µ–ø–ª–æ–¥–∏ –∑ —Ü–µ–¥—Ä–æ—é –ª–∏–º–æ–Ω–∞, —á–∞—Å–Ω–∏–∫–æ–º —Ç–∞ –∞—Ä–æ–º–∞—Ç–Ω–∏–º–∏ —Ç—Ä–∞–≤–∞–º–∏",150,,"45,00 –≥—Ä–Ω.","0,00 –≥—Ä–Ω.",,üå∞ –ß–∞—Å–Ω–∏–∫ —Ç–∞ –ø—Ä–æ–¥—É–∫—Ç–∏ –∑ –Ω—å–æ–≥–æ
,–ù–∞–ø–æ—ó,,,,,,
1,"–õ–∏–º–æ–Ω–∞–¥ ""–¶–∏—Ç—Ä—É—Å–æ–≤–∏–π""",250,,"21,00 –≥—Ä–Ω.","0,00 –≥—Ä–Ω.",,
,,,,,,,
,,,,–í—Å—å–æ–≥–æ:,"0,00 –≥—Ä–Ω.",,
,,,,,,,
,,,,,,,
‚Ññ –ø/–ø,–ö–æ–º–ø–ª–µ–∫—Å–Ω–∏–π –æ–±—ñ–¥ ‚Ññ2,"–í–∏—Ö—ñ–¥ –Ω–∞ —Å—Ç—ñ–ª, –ø–æ—Ä—Ü—ñ—è/–≤–∞–≥–∞, –≥—Ä.",–ö—ñ–ª-—Å—Ç—å –ø–æ—Ä—Ü—ñ–π,"–¶—ñ–Ω–∞, –≥—Ä–Ω","–°—É–º–∞, –≥—Ä–Ω",,
,–ú–µ–Ω—é —ñ–∑ —Ä–æ–∑—Ä–∞—Ö—É–Ω–∫—É –Ω–∞ * –æ—Å—ñ–±,,,,,,
,–ü–µ—Ä—à–∞ —Å—Ç—Ä–∞–≤–∞,,,,,,
1,–û–≤–æ—á–µ–≤–∏–π –º—ñ–Ω–µ—Å—Ç—Ä–æ–Ω–µ,250,,"73,00 –≥—Ä–Ω.","0,00 –≥—Ä–Ω.",,
,–°–∞–ª–∞—Ç ,,,,,,
1,"–°–∞–ª–∞—Ç –ì—É—Ä–º–∞–Ω: –±–µ–∫–æ–Ω, —Å–∏—Ä –ü–∞—Ä–º–µ–∑–∞–Ω, –ª–∏—Å—Ç —Å–∞–ª–∞—Ç—É, –ø–æ–º—ñ–¥–æ—Ä, —è–π—Ü–µ, —Å—É—Ö–∞—Ä–∏–∫–∏, —Å–æ—É—Å",150,,"73,00 –≥—Ä–Ω.","0,00 –≥—Ä–Ω.",,
,–û—Å–Ω–æ–≤–Ω–∞ —Å—Ç—Ä–∞–≤–∞,,,,,,
1,–¢–µ—Ä—ñ—è–∫–∏ –∫—É—Ä–∫–∞ –∑ –∞–Ω–∞–Ω–∞—Å–æ–º ,100,,"88,00 –≥—Ä–Ω.","0,00 –≥—Ä–Ω.",,
,–ì–∞—Ä–Ω—ñ—Ä,,,,,,
1,–ö–∞—Ä—Ç–æ–ø–ª—è –ø–æ-–¥–æ–º–∞—à–Ω—å–æ–º—É,150,,"45,00 –≥—Ä–Ω.","0,00 –≥—Ä–Ω.",,üå∞ –ß–∞—Å–Ω–∏–∫ —Ç–∞ –ø—Ä–æ–¥—É–∫—Ç–∏ –∑ –Ω—å–æ–≥–æ
,–ù–∞–ø–æ—ó,,,,,,
1,"–õ–∏–º–æ–Ω–∞–¥ ""–û–≥—ñ—Ä–∫–æ–≤–∏–π""",250,,"21,00 –≥—Ä–Ω.","0,00 –≥—Ä–Ω.",,
,,,,,,,
,,,,–í—Å—å–æ–≥–æ:,"0,00 –≥—Ä–Ω.",,
,,,,,,,
,,,,,,,
‚Ññ –ø/–ø,–ö–æ–º–ø–ª–µ–∫—Å–Ω–∏–π –æ–±—ñ–¥ ‚Ññ3,"–í–∏—Ö—ñ–¥ –Ω–∞ —Å—Ç—ñ–ª, –ø–æ—Ä—Ü—ñ—è/–≤–∞–≥–∞, –≥—Ä.",–ö—ñ–ª-—Å—Ç—å –ø–æ—Ä—Ü—ñ–π,"–¶—ñ–Ω–∞, –≥—Ä–Ω","–°—É–º–∞, –≥—Ä–Ω",,
,–ú–µ–Ω—é —ñ–∑ —Ä–æ–∑—Ä–∞—Ö—É–Ω–∫—É –Ω–∞ * –æ—Å—ñ–±,,,,,,
,–ü–µ—Ä—à–∞ —Å—Ç—Ä–∞–≤–∞,,,,,,
1,–ü—à–æ–Ω—è–Ω–∏–π —Å—É–ø,250,,"73,00 –≥—Ä–Ω.","0,00 –≥—Ä–Ω.",,
,–°–∞–ª–∞—Ç ,,,,,,
1,–°–∞–ª–∞—Ç –∑ –±—É—Ä—è–∫–∞ —Ç–∞ –±—Ä–∏–Ω–∑–∏,150,,"73,00 –≥—Ä–Ω.","0,00 –≥—Ä–Ω.",,
,–û—Å–Ω–æ–≤–Ω–∞ —Å—Ç—Ä–∞–≤–∞,,,,,,
1,–§—ñ–ª–µ —Å–∫—É–º–±—Ä—ñ—ó —Ñ–∞—Ä—à–∏—Ä–æ–≤–∞–Ω–µ –ø–æ–º—ñ–¥–æ—Ä–∞–º–∏ —Ç–∞ –∑–µ–ª–µ–Ω–Ω—é,100,,"88,00 –≥—Ä–Ω.","0,00 –≥—Ä–Ω.",,
,–ì–∞—Ä–Ω—ñ—Ä,,,,,,
1,–ú–∞–∫–∞—Ä–æ–Ω–∏ –§—É–∑—ñ–ª–ª—ñ,150,,"45,00 –≥—Ä–Ω.","0,00 –≥—Ä–Ω.",,
,–ù–∞–ø–æ—ó,,,,,,
1,"–õ–∏–º–æ–Ω–∞–¥ ""–ú–æ—Ö—ñ—Ç–æ""",250,,"21,00 –≥—Ä–Ω.","0,00 –≥—Ä–Ω.",,
,,,,,,,
,,,,–í—Å—å–æ–≥–æ:,"0,00 –≥—Ä–Ω.",,
,,,,,,,
,,,,,,,
‚Ññ –ø/–ø,–ö–æ–º–ø–ª–µ–∫—Å–Ω–∏–π –æ–±—ñ–¥ ‚Ññ4,"–í–∏—Ö—ñ–¥ –Ω–∞ —Å—Ç—ñ–ª, –ø–æ—Ä—Ü—ñ—è/–≤–∞–≥–∞, –≥—Ä.",–ö—ñ–ª-—Å—Ç—å –ø–æ—Ä—Ü—ñ–π,"–¶—ñ–Ω–∞, –≥—Ä–Ω","–°—É–º–∞, –≥—Ä–Ω",,
,–ú–µ–Ω—é —ñ–∑ —Ä–æ–∑—Ä–∞—Ö—É–Ω–∫—É –Ω–∞ * –æ—Å—ñ–±,,,,,,
,–ü–µ—Ä—à–∞ —Å—Ç—Ä–∞–≤–∞,,,,,,
1,–°–∏—Ä–Ω–∏–π –∫—Ä–µ–º-—Å—É–ø –∑ —Å—É—Ö–∞—Ä–∏–∫–∞–º–∏,250,,"73,00 –≥—Ä–Ω.","0,00 –≥—Ä–Ω.",,
,–°–∞–ª–∞—Ç ,,,,,,
1,–°–∞–ª–∞—Ç –ì—Ä–µ—Ü—å–∫–∏–π –∑ —Å–∏—Ä–æ–º –§–µ—Ç–∞,150,,"73,00 –≥—Ä–Ω.","0,00 –≥—Ä–Ω.",,
,–û—Å–Ω–æ–≤–Ω–∞ —Å—Ç—Ä–∞–≤–∞,,,,,,
1,–§—ñ–ª–µ —Ç–∏–ª—è–ø—ñ—ó –≤ –∞–ø–µ—Ç–∏—Ç–Ω–æ–º—É –∫–ª—è—Ä—ñ,100,,"88,00 –≥—Ä–Ω.","0,00 –≥—Ä–Ω.",,
,–ì–∞—Ä–Ω—ñ—Ä,,,,,,
1,–í—ñ–¥–≤–∞—Ä–µ–Ω–∞ –∫–∞—Ä—Ç–æ–ø–ª—è –∑ –∑–µ–ª–µ–Ω–Ω—é,150,,"45,00 –≥—Ä–Ω.","0,00 –≥—Ä–Ω.",,
,–ù–∞–ø–æ—ó,,,,,,
1,"–ú–æ—Ä—Å ""–Ø–≥—ñ–¥–Ω–∏–π""",250,,"21,00 –≥—Ä–Ω.","0,00 –≥—Ä–Ω.",,
,,,,,,,
,,,,–í—Å—å–æ–≥–æ:,"0,00 –≥—Ä–Ω.",,
,,,,,,,
,,,,,,,
‚Ññ –ø/–ø,–ö–æ–º–ø–ª–µ–∫—Å–Ω–∏–π –æ–±—ñ–¥ ‚Ññ5,"–í–∏—Ö—ñ–¥ –Ω–∞ —Å—Ç—ñ–ª, –ø–æ—Ä—Ü—ñ—è/–≤–∞–≥–∞, –≥—Ä.",–ö—ñ–ª-—Å—Ç—å –ø–æ—Ä—Ü—ñ–π,"–¶—ñ–Ω–∞, –≥—Ä–Ω","–°—É–º–∞, –≥—Ä–Ω",,
,–ú–µ–Ω—é —ñ–∑ —Ä–æ–∑—Ä–∞—Ö—É–Ω–∫—É –Ω–∞ * –æ—Å—ñ–±,,,,,,
,–ü–µ—Ä—à–∞ —Å—Ç—Ä–∞–≤–∞,,,,,,
1,–ì–æ—Ä–æ—Ö–æ–≤–∏–π –∫—Ä–µ–º-—Å—É–ø —ñ–∑ —Å—É—Ö–∞—Ä–∏–∫–∞–º–∏,250,,"73,00 –≥—Ä–Ω.","0,00 –≥—Ä–Ω.",,üå∞ –ß–∞—Å–Ω–∏–∫ —Ç–∞ –ø—Ä–æ–¥—É–∫—Ç–∏ –∑ –Ω—å–æ–≥–æ
,–°–∞–ª–∞—Ç ,,,,,,
1,"–°–∞–ª–∞—Ç ""–®–æ–ø—Å—å–∫–∏–π"": –ø–æ–º—ñ–¥–æ—Ä, –æ–≥—ñ—Ä–æ–∫, —Ü–∏–±—É–ª—è –Ø–ª—Ç–∞, —Å–∏—Ä ""–ï–¥–µ–º"", –∑–µ–ª–µ–Ω—å",150,,"73,00 –≥—Ä–Ω.","0,00 –≥—Ä–Ω.",,
,–û—Å–Ω–æ–≤–Ω–∞ —Å—Ç—Ä–∞–≤–∞,,,,,,
1,–ë—Ä–æ—à–µ—Ç–∏ –∫—É—Ä—è—á—ñ –¢–µ—Ä—ñ—è–∫—ñ,100,,"88,00 –≥—Ä–Ω.","0,00 –≥—Ä–Ω.",,
,–ì–∞—Ä–Ω—ñ—Ä,,,,,,
1,–†—ñ–∑–æ—Ç—Ç–æ –∑ –≤–µ—Ä—à–∫–∞–º–∏,150,,"45,00 –≥—Ä–Ω.","0,00 –≥—Ä–Ω.",,
,–ù–∞–ø–æ—ó,,,,,,
1,"–ú–æ—Ä—Å ""–Ø–≥—ñ–¥–Ω–∏–π""",250,,"21,00 –≥—Ä–Ω.","0,00 –≥—Ä–Ω.",,
,,,,,,,
,,,,–í—Å—å–æ–≥–æ:,"0,00 –≥—Ä–Ω.",,
,,,,,,,
,,,,,,,
‚Ññ –ø/–ø,–ö–æ–º–ø–ª–µ–∫—Å–Ω–∏–π –æ–±—ñ–¥ ‚Ññ6,"–í–∏—Ö—ñ–¥ –Ω–∞ —Å—Ç—ñ–ª, –ø–æ—Ä—Ü—ñ—è/–≤–∞–≥–∞, –≥—Ä.",–ö—ñ–ª-—Å—Ç—å –ø–æ—Ä—Ü—ñ–π,"–¶—ñ–Ω–∞, –≥—Ä–Ω","–°—É–º–∞, –≥—Ä–Ω",,
,–ú–µ–Ω—é —ñ–∑ —Ä–æ–∑—Ä–∞—Ö—É–Ω–∫—É –Ω–∞ * –æ—Å—ñ–±,,,,,,
,–ü–µ—Ä—à–∞ —Å—Ç—Ä–∞–≤–∞,,,,,,
1,–°—É–ø –∑ –±—Ä–æ–∫–æ–ª—ñ —Ç–∞ —Å–µ–ª–µ—Ä–∏,250,,"73,00 –≥—Ä–Ω.","0,00 –≥—Ä–Ω.",,
,–°–∞–ª–∞—Ç ,,,,,,
1,"–°–∞–ª–∞—Ç ""–°–Ω—ñ–¥–∞–Ω–æ–∫ –ø–æ-–≥—Ä–µ—Ü—å–∫–∏"": –º–æ–ª–æ–¥–∞ –∫–æ—Ä—Ç–æ–ø–ª—è, —Å–∏—Ä –§–µ—Ç–∞, —Ü—É–∫—ñ–Ω—ñ, –º–∞—Å–ª–∏–Ω–∏, –ø—É—á–æ–∫ —á–µ–±—Ä–µ—Ü—é",150,,"73,00 –≥—Ä–Ω.","0,00 –≥—Ä–Ω.",,
,–û—Å–Ω–æ–≤–Ω–∞ —Å—Ç—Ä–∞–≤–∞,,,,,,
1,–ö–æ—Ç–ª–µ—Ç–∞ –∫—É—Ä—è—á–∞,100,,"88,00 –≥—Ä–Ω.","0,00 –≥—Ä–Ω.",,
,–ì–∞—Ä–Ω—ñ—Ä,,,,,,
1,–ö—É—Å-–∫—É—Å,150,,"45,00 –≥—Ä–Ω.","0,00 –≥—Ä–Ω.",,
,–ù–∞–ø–æ—ó,,,,,,
1,"–ú–æ—Ä—Å ""–Ø–≥—ñ–¥–Ω–∏–π""",250,,"21,00 –≥—Ä–Ω.","0,00 –≥—Ä–Ω.",,
,,,,,,,
,,,,–í—Å—å–æ–≥–æ:,"0,00 –≥—Ä–Ω.",,
,,,,,,,
,,,,,,,
‚Ññ –ø/–ø,–ö–æ–º–ø–ª–µ–∫—Å–Ω–∏–π –æ–±—ñ–¥ ‚Ññ7,"–í–∏—Ö—ñ–¥ –Ω–∞ —Å—Ç—ñ–ª, –ø–æ—Ä—Ü—ñ—è/–≤–∞–≥–∞, –≥—Ä.",–ö—ñ–ª-—Å—Ç—å –ø–æ—Ä—Ü—ñ–π,"–¶—ñ–Ω–∞, –≥—Ä–Ω","–°—É–º–∞, –≥—Ä–Ω",,
,–ú–µ–Ω—é —ñ–∑ —Ä–æ–∑—Ä–∞—Ö—É–Ω–∫—É –Ω–∞ * –æ—Å—ñ–±,,,,,,
,–ü–µ—Ä—à–∞ —Å—Ç—Ä–∞–≤–∞,,,,,,
1,–ì–æ—Ä–æ—Ö–æ–≤–∏–π —Å—É–ø,250,,"73,00 –≥—Ä–Ω.","0,00 –≥—Ä–Ω.",,
,–°–∞–ª–∞—Ç ,,,,,,
1,"–°–∞–ª–∞—Ç –∑ –±–µ–∫–æ–Ω–æ–º, –∫—É—Ä–∫–æ—é, —Å–≤—ñ–∂–∏–º –æ–≥—ñ—Ä–∫–æ–º, –≥—Ä—ñ–Ω–∫–∞–º–∏, —Å–æ—É—Å–æ–º ""–≥—Ä—ñ–Ω-—á—ñ–∑""",150,,"73,00 –≥—Ä–Ω.","0,00 –≥—Ä–Ω.",,
,–û—Å–Ω–æ–≤–Ω–∞ —Å—Ç—Ä–∞–≤–∞,,,,,,
1,–•—Ä—É—Å—Ç–∫—ñ –∫—É—Ä—è—á—ñ –∫—Ä–∏–ª–∞ –∑ —Å–æ—É—Å–æ–º –¢–∞—Ä-—Ç–∞—Ä,100,,"88,00 –≥—Ä–Ω.","0,00 –≥—Ä–Ω.",,üïì –ó–º—ñ–Ω—é—î –∑–æ–≤–Ω—ñ—à–Ω—ñ–π –≤–∏–≥–ª—è–¥
,–ì–∞—Ä–Ω—ñ—Ä,,,,,,
1,–í—ñ–¥–≤–∞—Ä–µ–Ω–∞ –∫–∞—Ä—Ç–æ–ø–ª—è –∑ –∑–µ–ª–µ–Ω–Ω—é,150,,"45,00 –≥—Ä–Ω.","0,00 –≥—Ä–Ω.",,
,–ù–∞–ø–æ—ó,,,,,,
1,"–õ–∏–º–æ–Ω–∞–¥ ""–¶–∏—Ç—Ä—É—Å–æ–≤–∏–π""",250,,"21,00 –≥—Ä–Ω.","0,00 –≥—Ä–Ω.",,
,,,,,,,
,,,,–í—Å—å–æ–≥–æ:,"0,00 –≥—Ä–Ω.",,
,,,,,,,
,,,,,,,
‚Ññ –ø/–ø,–ö–æ–º–ø–ª–µ–∫—Å–Ω–∏–π –æ–±—ñ–¥ ‚Ññ8,"–í–∏—Ö—ñ–¥ –Ω–∞ —Å—Ç—ñ–ª, –ø–æ—Ä—Ü—ñ—è/–≤–∞–≥–∞, –≥—Ä.",–ö—ñ–ª-—Å—Ç—å –ø–æ—Ä—Ü—ñ–π,"–¶—ñ–Ω–∞, –≥—Ä–Ω","–°—É–º–∞, –≥—Ä–Ω",,
,–ú–µ–Ω—é —ñ–∑ —Ä–æ–∑—Ä–∞—Ö—É–Ω–∫—É –Ω–∞ * –æ—Å—ñ–±,,,,,,
,–ü–µ—Ä—à–∞ —Å—Ç—Ä–∞–≤–∞,,,,,,
1,–°–æ—á–µ–≤–∏—á–Ω–∏–π —Å—É–ø,250,,"73,00 –≥—Ä–Ω.","0,00 –≥—Ä–Ω.",,üå∞ –ß–∞—Å–Ω–∏–∫ —Ç–∞ –ø—Ä–æ–¥—É–∫—Ç–∏ –∑ –Ω—å–æ–≥–æ
,–°–∞–ª–∞—Ç ,,,,,,
1,–û–≤–æ—á–µ–≤–∏–π —Å–∞–ª–∞—Ç,150,,"73,00 –≥—Ä–Ω.","0,00 –≥—Ä–Ω.",,
,–û—Å–Ω–æ–≤–Ω–∞ —Å—Ç—Ä–∞–≤–∞,,,,,,
1,–ö—É—Ä—è—á—ñ –º—ñ—Ç–±–æ–ª–∏ –≤ —Ç–æ–º–∞—Ç–Ω–æ–º—É —Å–æ—É—Å—ñ,100,,"88,00 –≥—Ä–Ω.","0,00 –≥—Ä–Ω.",,üå∞ –ß–∞—Å–Ω–∏–∫ —Ç–∞ –ø—Ä–æ–¥—É–∫—Ç–∏ –∑ –Ω—å–æ–≥–æ
,–ì–∞—Ä–Ω—ñ—Ä,,,,,,
1,–í—ñ–¥–≤–∞—Ä–µ–Ω–∞ –∫–∞—Ä—Ç–æ–ø–ª—è –∑ –∑–µ–ª–µ–Ω–Ω—é,150,,"45,00 –≥—Ä–Ω.","0,00 –≥—Ä–Ω.",,
,–ù–∞–ø–æ—ó,,,,,,
1,"""–•–æ–ª–æ–¥–Ω–∏–π —á–∞–π""",250,,"21,00 –≥—Ä–Ω.","0,00 –≥—Ä–Ω.",,
,,,,,,,
,,,,–í—Å—å–æ–≥–æ:,"0,00 –≥—Ä–Ω.",,
,,,,,,,
,,,,,,,
‚Ññ –ø/–ø,–ö–æ–º–ø–ª–µ–∫—Å–Ω–∏–π –æ–±—ñ–¥ ‚Ññ9,"–í–∏—Ö—ñ–¥ –Ω–∞ —Å—Ç—ñ–ª, –ø–æ—Ä—Ü—ñ—è/–≤–∞–≥–∞, –≥—Ä.",–ö—ñ–ª-—Å—Ç—å –ø–æ—Ä—Ü—ñ–π,"–¶—ñ–Ω–∞, –≥—Ä–Ω","–°—É–º–∞, –≥—Ä–Ω",,
,–ú–µ–Ω—é —ñ–∑ —Ä–æ–∑—Ä–∞—Ö—É–Ω–∫—É –Ω–∞ * –æ—Å—ñ–±,,,,,,
,–ü–µ—Ä—à–∞ —Å—Ç—Ä–∞–≤–∞,,,,,,
1,–†–∏–±–Ω–∞ —é—à–∫–∞,250,,"73,00 –≥—Ä–Ω.","0,00 –≥—Ä–Ω.",,
,–°–∞–ª–∞—Ç ,,,,,,
1,"–°–∞–ª–∞—Ç ""–®–æ–ø—Å—å–∫–∏–π"": –ø–æ–º—ñ–¥–æ—Ä, –æ–≥—ñ—Ä–æ–∫, —Ü–∏–±—É–ª—è –Ø–ª—Ç–∞, —Å–∏—Ä ""–ï–¥–µ–º"", –∑–µ–ª–µ–Ω—å",150,,"73,00 –≥—Ä–Ω.","0,00 –≥—Ä–Ω.",,
,–û—Å–Ω–æ–≤–Ω–∞ —Å—Ç—Ä–∞–≤–∞,,,,,,
1,–ö—É—Ä—è—á—ñ —Å—Ç–µ–≥–Ω–∞,100,,"88,00 –≥—Ä–Ω.","0,00 –≥—Ä–Ω.",,
,–ì–∞—Ä–Ω—ñ—Ä,,,,,,
1,–ö–∞—Ä—Ç–æ–ø–ª—è –ø–æ-–¥–æ–º–∞—à–Ω—å–æ–º—É,150,,"45,00 –≥—Ä–Ω.","0,00 –≥—Ä–Ω.",,üå∞ –ß–∞—Å–Ω–∏–∫ —Ç–∞ –ø—Ä–æ–¥—É–∫—Ç–∏ –∑ –Ω—å–æ–≥–æ
,–ù–∞–ø–æ—ó,,,,,,
1,"""–£–∑–≤–∞—Ä""",250,,"21,00 –≥—Ä–Ω.","0,00 –≥—Ä–Ω.",,
,,,,,,,
,,,,–í—Å—å–æ–≥–æ:,"0,00 –≥—Ä–Ω.",,
,,,,,,,
,,,,,,,
‚Ññ –ø/–ø,–ö–æ–º–ø–ª–µ–∫—Å–Ω–∏–π –æ–±—ñ–¥ ‚Ññ10,"–í–∏—Ö—ñ–¥ –Ω–∞ —Å—Ç—ñ–ª, –ø–æ—Ä—Ü—ñ—è/–≤–∞–≥–∞, –≥—Ä.",–ö—ñ–ª-—Å—Ç—å –ø–æ—Ä—Ü—ñ–π,"–¶—ñ–Ω–∞, –≥—Ä–Ω","–°—É–º–∞, –≥—Ä–Ω",,
,–ú–µ–Ω—é —ñ–∑ —Ä–æ–∑—Ä–∞—Ö—É–Ω–∫—É –Ω–∞ * –æ—Å—ñ–±,,,,,,
,–ü–µ—Ä—à–∞ —Å—Ç—Ä–∞–≤–∞,,,,,,
1,–ß–µ—Ä–≤–æ–Ω–∏–π –±–æ—Ä—â,250,,"73,00 –≥—Ä–Ω.","0,00 –≥—Ä–Ω.",,üå∞ –ß–∞—Å–Ω–∏–∫ —Ç–∞ –ø—Ä–æ–¥—É–∫—Ç–∏ –∑ –Ω—å–æ–≥–æ
,–°–∞–ª–∞—Ç ,,,,,,
1,"–°–∞–ª–∞—Ç ""–ö–æ–ª-–°–ª–æ—É"" –∑ —á–µ—Ä–≤–æ–Ω–æ—é –∫–∞–ø—É—Å—Ç–æ—é: —Å—Ç–µ–±–ª–æ —Å–µ–ª–µ—Ä–∏, –∫–∞–ø—É—Å—Ç–∞ –±—ñ–ª–æ–∫–∞—á–∞–Ω–Ω–∞ —Ç–∞ —á–µ—Ä–≤–æ–Ω–æ–∫–∞—á–∞–Ω–Ω–∞, –º–æ—Ä–∫–≤–∞, —Ü–∏–±—É–ª—è, –ø–µ—Ç—Ä—É—à–∫–∞, —è–π—Ü–µ, —Å–æ—É—Å",150,,"73,00 –≥—Ä–Ω.","0,00 –≥—Ä–Ω.",,
,–û—Å–Ω–æ–≤–Ω–∞ —Å—Ç—Ä–∞–≤–∞,,,,,,
1,–ö–æ—Ç–ª–µ—Ç–∞ –∫—É—Ä—è—á–∞,100,,"88,00 –≥—Ä–Ω.","0,00 –≥—Ä–Ω.",,
,–ì–∞—Ä–Ω—ñ—Ä,,,,,,
1,–í—ñ–¥–≤–∞—Ä–µ–Ω–∞ –∫–∞—Ä—Ç–æ–ø–ª—è –∑ –∑–µ–ª–µ–Ω–Ω—é,150,,"45,00 –≥—Ä–Ω.","0,00 –≥—Ä–Ω.",,
,–ù–∞–ø–æ—ó,,,,,,
1,"–õ–∏–º–æ–Ω–∞–¥ ""–ú–æ—Ö—ñ—Ç–æ""",250,,"21,00 –≥—Ä–Ω.","0,00 –≥—Ä–Ω.",,
,,,,,,,
,,,,–í—Å—å–æ–≥–æ:,"0,00 –≥—Ä–Ω.",,
,,,,,,,
,,,,,,,
‚Ññ –ø/–ø,–ö–æ–º–ø–ª–µ–∫—Å–Ω–∏–π –æ–±—ñ–¥ ‚Ññ11,"–í–∏—Ö—ñ–¥ –Ω–∞ —Å—Ç—ñ–ª, –ø–æ—Ä—Ü—ñ—è/–≤–∞–≥–∞, –≥—Ä.",–ö—ñ–ª-—Å—Ç—å –ø–æ—Ä—Ü—ñ–π,"–¶—ñ–Ω–∞, –≥—Ä–Ω","–°—É–º–∞, –≥—Ä–Ω",,
,–ú–µ–Ω—é —ñ–∑ —Ä–æ–∑—Ä–∞—Ö—É–Ω–∫—É –Ω–∞ * –æ—Å—ñ–±,,,,,,
,–ü–µ—Ä—à–∞ —Å—Ç—Ä–∞–≤–∞,,,,,,
1,–°—É–ø —ñ–∑ —Ñ—Ä–∏–∫–∞–¥–µ–ª—å–∫–∞–º–∏ —Ç–∞ —Ä–∏—Å–æ–º,250,,"73,00 –≥—Ä–Ω.","0,00 –≥—Ä–Ω.",,
,–°–∞–ª–∞—Ç ,,,,,,
1,"–°–∞–ª–∞—Ç –ì—É—Ä–º–∞–Ω: –±–µ–∫–æ–Ω, —Å–∏—Ä –ü–∞—Ä–º–µ–∑–∞–Ω, –ª–∏—Å—Ç —Å–∞–ª–∞—Ç—É, –ø–æ–º—ñ–¥–æ—Ä, —è–π—Ü–µ, —Å—É—Ö–∞—Ä–∏–∫–∏, —Å–æ—É—Å",150,,"73,00 –≥—Ä–Ω.","0,00 –≥—Ä–Ω.",,
,–û—Å–Ω–æ–≤–Ω–∞ —Å—Ç—Ä–∞–≤–∞,,,,,,
1,–§—ñ–ª–µ —Å–∫—É–º–±—Ä—ñ—ó —Ñ–∞—Ä—à–∏—Ä–æ–≤–∞–Ω–µ –ø–æ–º—ñ–¥–æ—Ä–∞–º–∏ —Ç–∞ –∑–µ–ª–µ–Ω–Ω—é,100,,"88,00 –≥—Ä–Ω.","0,00 –≥—Ä–Ω.",,
,–ì–∞—Ä–Ω—ñ—Ä,,,,,,
1,–¢–æ–º–∞—Ç–Ω–∏–π —Ä–∏—Å —ñ–∑ —Å–∏—Ä–æ–º,150,,"45,00 –≥—Ä–Ω.","0,00 –≥—Ä–Ω.",,
,–ù–∞–ø–æ—ó,,,,,,
1,"–ú–æ—Ä—Å ""–ñ—É—Ä–∞–≤–ª–∏–Ω–Ω–∏–π""",250,,"21,00 –≥—Ä–Ω.","0,00 –≥—Ä–Ω.",,
,,,,,,,
,,,,–í—Å—å–æ–≥–æ:,"0,00 –≥—Ä–Ω.",,
,,,,,,,
,,,,,,,
‚Ññ –ø/–ø,–ö–æ–º–ø–ª–µ–∫—Å–Ω–∏–π –æ–±—ñ–¥ ‚Ññ12,"–í–∏—Ö—ñ–¥ –Ω–∞ —Å—Ç—ñ–ª, –ø–æ—Ä—Ü—ñ—è/–≤–∞–≥–∞, –≥—Ä.",–ö—ñ–ª-—Å—Ç—å –ø–æ—Ä—Ü—ñ–π,"–¶—ñ–Ω–∞, –≥—Ä–Ω","–°—É–º–∞, –≥—Ä–Ω",,
,–ú–µ–Ω—é —ñ–∑ —Ä–æ–∑—Ä–∞—Ö—É–Ω–∫—É –Ω–∞ * –æ—Å—ñ–±,,,,,,
,–ü–µ—Ä—à–∞ —Å—Ç—Ä–∞–≤–∞,,,,,,
1,–û–∫—Ä–æ—à–∫–∞,250,,"73,00 –≥—Ä–Ω.","0,00 –≥—Ä–Ω.",,
,–°–∞–ª–∞—Ç ,,,,,,
1,"–°–∞–ª–∞—Ç ""–Ü–Ω—Ç—Ä–∏–≥–∞"": —Å–∏—Ä, –ø–æ–º—ñ–¥–æ—Ä–∏, –∫—É—Ä—è—á–∞ –≥—Ä—É–¥–∫–∞, —è–π—Ü–µ, –º–∞–π–æ–Ω–µ–∑",150,,"73,00 –≥—Ä–Ω.","0,00 –≥—Ä–Ω.",,
,–û—Å–Ω–æ–≤–Ω–∞ —Å—Ç—Ä–∞–≤–∞,,,,,,
1,–í—ñ–¥–±–∏–≤–Ω–∞ —Å–≤–∏–Ω—è—á–∞ –∑ –≥—Ä–∏–±–∞–º–∏ —Ç–∞ —Å–∏—Ä–æ–º,100,,"88,00 –≥—Ä–Ω.","0,00 –≥—Ä–Ω.",,
,–ì–∞—Ä–Ω—ñ—Ä,,,,,,
1,–ö–∞—Ä—Ç–æ–ø–ª—è –ø–æ-–¥–æ–º–∞—à–Ω—å–æ–º—É,150,,"45,00 –≥—Ä–Ω.","0,00 –≥—Ä–Ω.",,üå∞ –ß–∞—Å–Ω–∏–∫ —Ç–∞ –ø—Ä–æ–¥—É–∫—Ç–∏ –∑ –Ω—å–æ–≥–æ
,–ù–∞–ø–æ—ó,,,,,,
1,"–õ–∏–º–æ–Ω–∞–¥ ""–¶–∏—Ç—Ä—É—Å–æ–≤–∏–π""",250,,"21,00 –≥—Ä–Ω.","0,00 –≥—Ä–Ω.",,
,,,,,,,
,,,,–í—Å—å–æ–≥–æ:,"0,00 –≥—Ä–Ω.",,
,,,,,,,
,,,,,,,
‚Ññ –ø/–ø,–ö–æ–º–ø–ª–µ–∫—Å–Ω–∏–π –æ–±—ñ–¥ ‚Ññ13,"–í–∏—Ö—ñ–¥ –Ω–∞ —Å—Ç—ñ–ª, –ø–æ—Ä—Ü—ñ—è/–≤–∞–≥–∞, –≥—Ä.",–ö—ñ–ª-—Å—Ç—å –ø–æ—Ä—Ü—ñ–π,"–¶—ñ–Ω–∞, –≥—Ä–Ω","–°—É–º–∞, –≥—Ä–Ω",,
,–ú–µ–Ω—é —ñ–∑ —Ä–æ–∑—Ä–∞—Ö—É–Ω–∫—É –Ω–∞ * –æ—Å—ñ–±,,,,,,
,–ü–µ—Ä—à–∞ —Å—Ç—Ä–∞–≤–∞,,,,,,
1,–ö—É—Ä—è—á–∏–π –±—É–ª—å–π–æ–Ω –∑ –æ–≤–æ—á–∞–º–∏,250,,"73,00 –≥—Ä–Ω.","0,00 –≥—Ä–Ω.",,
,–°–∞–ª–∞—Ç ,,,,,,
1,–û–≤–æ—á–µ–≤–∏–π —Å–∞–ª–∞—Ç,150,,"73,00 –≥—Ä–Ω.","0,00 –≥—Ä–Ω.",,üçØ –ú–µ–¥ —Ç–∞ –ø—Ä–æ–¥—É–∫—Ç–∏ –∑ –Ω—å–æ–≥–æ
,–û—Å–Ω–æ–≤–Ω–∞ —Å—Ç—Ä–∞–≤–∞,,,,,,
1,–ú—ñ–Ω—ñ-—à–∞—à–ª–∏—á–æ–∫ –∑ –∫—É—Ä–∫–∏ –∑ –±–∞–∑–∏–ª—ñ–∫–æ–º —Ç–∞ –ª–∞–π–º–æ–º,100,,"88,00 –≥—Ä–Ω.","0,00 –≥—Ä–Ω.",,
,–ì–∞—Ä–Ω—ñ—Ä,,,,,,
1,–ö—É—Å-–∫—É—Å,150,,"45,00 –≥—Ä–Ω.","0,00 –≥—Ä–Ω.",,
,–ù–∞–ø–æ—ó,,,,,,
1,"""–•–æ–ª–æ–¥–Ω–∏–π —á–∞–π""",250,,"21,00 –≥—Ä–Ω.","0,00 –≥—Ä–Ω.",,
,,,,,,,
,,,,–í—Å—å–æ–≥–æ:,"0,00 –≥—Ä–Ω.",,
,,,,,,,
,,,,,,,
‚Ññ –ø/–ø,–ö–æ–º–ø–ª–µ–∫—Å–Ω–∏–π –æ–±—ñ–¥ ‚Ññ14,"–í–∏—Ö—ñ–¥ –Ω–∞ —Å—Ç—ñ–ª, –ø–æ—Ä—Ü—ñ—è/–≤–∞–≥–∞, –≥—Ä.",–ö—ñ–ª-—Å—Ç—å –ø–æ—Ä—Ü—ñ–π,"–¶—ñ–Ω–∞, –≥—Ä–Ω","–°—É–º–∞, –≥—Ä–Ω",,
,–ú–µ–Ω—é —ñ–∑ —Ä–æ–∑—Ä–∞—Ö—É–Ω–∫—É –Ω–∞ * –æ—Å—ñ–±,,,,,,
,–ü–µ—Ä—à–∞ —Å—Ç—Ä–∞–≤–∞,,,,,,
1,–ì–æ—Ä–æ—Ö–æ–≤–∏–π —Å—É–ø,250,,"73,00 –≥—Ä–Ω.","0,00 –≥—Ä–Ω.",,
,–°–∞–ª–∞—Ç ,,,,,,
1,"–°–∞–ª–∞—Ç ""–ö–æ–ª-–°–ª–æ—É"" –∑ —á–µ—Ä–≤–æ–Ω–æ—é –∫–∞–ø—É—Å—Ç–æ—é: —Å—Ç–µ–±–ª–æ —Å–µ–ª–µ—Ä–∏, –∫–∞–ø—É—Å—Ç–∞ –±—ñ–ª–æ–∫–∞—á–∞–Ω–Ω–∞ —Ç–∞ —á–µ—Ä–≤–æ–Ω–æ–∫–∞—á–∞–Ω–Ω–∞, –º–æ—Ä–∫–≤–∞, —Ü–∏–±—É–ª—è, –ø–µ—Ç—Ä—É—à–∫–∞, —è–π—Ü–µ, —Å–æ—É—Å",150,,"73,00 –≥—Ä–Ω.","0,00 –≥—Ä–Ω.",,
,–û—Å–Ω–æ–≤–Ω–∞ —Å—Ç—Ä–∞–≤–∞,,,,,,
1,–†–∏–±–Ω–∞ –∫–æ—Ç–ª–µ—Ç–∞,100,,"88,00 –≥—Ä–Ω.","0,00 –≥—Ä–Ω.",,
,–ì–∞—Ä–Ω—ñ—Ä,,,,,,
1,–í—ñ–¥–≤–∞—Ä–µ–Ω–∞ –∫–∞—Ä—Ç–æ–ø–ª—è –∑ –∑–µ–ª–µ–Ω–Ω—é,150,,"45,00 –≥—Ä–Ω.","0,00 –≥—Ä–Ω.",,
,–ù–∞–ø–æ—ó,,,,,,
1,"""–£–∑–≤–∞—Ä""",250,,"21,00 –≥—Ä–Ω.","0,00 –≥—Ä–Ω.",,
,,,,,,,
,,,,–í—Å—å–æ–≥–æ:,"0,00 –≥—Ä–Ω.",,
,,,,,,,
,,,,,,,
‚Ññ –ø/–ø,–ö–æ–º–ø–ª–µ–∫—Å–Ω–∏–π –æ–±—ñ–¥ ‚Ññ15,"–í–∏—Ö—ñ–¥ –Ω–∞ —Å—Ç—ñ–ª, –ø–æ—Ä—Ü—ñ—è/–≤–∞–≥–∞, –≥—Ä.",–ö—ñ–ª-—Å—Ç—å –ø–æ—Ä—Ü—ñ–π,"–¶—ñ–Ω–∞, –≥—Ä–Ω","–°—É–º–∞, –≥—Ä–Ω",,
,–ú–µ–Ω—é —ñ–∑ —Ä–æ–∑—Ä–∞—Ö—É–Ω–∫—É –Ω–∞ * –æ—Å—ñ–±,,,,,,
,–ü–µ—Ä—à–∞ —Å—Ç—Ä–∞–≤–∞,,,,,,
1,–ö–∏—Ç–∞–π—Å—å–∫–∏–π —Å—É–ø –∑ –ª–æ–∫—à–∏–Ω–æ—é,250,,"73,00 –≥—Ä–Ω.","0,00 –≥—Ä–Ω.",,üå∞ –ß–∞—Å–Ω–∏–∫ —Ç–∞ –ø—Ä–æ–¥—É–∫—Ç–∏ –∑ –Ω—å–æ–≥–æ
,–°–∞–ª–∞—Ç ,,,,,,
1,"–°–∞–ª–∞—Ç –∑ –æ–≥—ñ—Ä–∫–æ–º, —Ç–æ–º–∞—Ç–∞–º–∏, –º—ñ–∫—Å–æ–º —Å–∞–ª–∞—Ç—É, —Å–æ—É—Å–æ–º, –∫—É–Ω–∂—É—Ç–æ–º, –≥–æ—Ä—ñ—Ö–∞–º–∏",150,,"73,00 –≥—Ä–Ω.","0,00 –≥—Ä–Ω.",,"üçØ –ú–µ–¥, ü•ú –ì–æ—Ä—ñ—Ö–∏ —Ç–∞ –ø—Ä–æ–¥—É–∫—Ç–∏ –∑ –Ω–∏—Ö"
,–û—Å–Ω–æ–≤–Ω–∞ —Å—Ç—Ä–∞–≤–∞,,,,,,
1,–ö–æ—Ç–ª–µ—Ç–∞ –∫—É—Ä—è—á–∞,100,,"88,00 –≥—Ä–Ω.","0,00 –≥—Ä–Ω.",,
,–ì–∞—Ä–Ω—ñ—Ä,,,,,,
1,–ö–∞—Ä—Ç–æ–ø–ª—è –ø–æ-–¥–æ–º–∞—à–Ω—å–æ–º—É,150,,"45,00 –≥—Ä–Ω.","0,00 –≥—Ä–Ω.",,üå∞ –ß–∞—Å–Ω–∏–∫ —Ç–∞ –ø—Ä–æ–¥—É–∫—Ç–∏ –∑ –Ω—å–æ–≥–æ
,–ù–∞–ø–æ—ó,,,,,,
1,"""–•–æ–ª–æ–¥–Ω–∏–π —á–∞–π""",250,,"21,00 –≥—Ä–Ω.","0,00 –≥—Ä–Ω.",,
,,,,,,,
,,,,–í—Å—å–æ–≥–æ:,"0,00 –≥—Ä–Ω.",,
,,,,,,,
,–ö–æ–º–ø–ª–µ–∫—Å–Ω—ñ –æ–±—ñ–¥–∏ –í–ï–ì–ê–ù,,,,,,
‚Ññ –ø/–ø,–ö–æ–º–ø–ª–µ–∫—Å–Ω–∏–π –æ–±—ñ–¥ ‚Ññ1 (–≤–µ–≥–∞–Ω),"–í–∏—Ö—ñ–¥ –Ω–∞ —Å—Ç—ñ–ª, –ø–æ—Ä—Ü—ñ—è/–≤–∞–≥–∞, –≥—Ä.",–ö—ñ–ª-—Å—Ç—å –ø–æ—Ä—Ü—ñ–π,"–¶—ñ–Ω–∞, –≥—Ä–Ω","–°—É–º–∞, –≥—Ä–Ω",,
,–ú–µ–Ω—é —ñ–∑ —Ä–æ–∑—Ä–∞—Ö—É–Ω–∫—É –Ω–∞ * –æ—Å—ñ–±,,,,,,
,–ü–µ—Ä—à–∞ —Å—Ç—Ä–∞–≤–∞,,,,,,
1,–ë–æ—Ä—â —á–µ—Ä–≤–æ–Ω–∏–π –∑ –∫–≤–∞—Å–æ–ª–µ—é,250,,"68,00 –≥—Ä–Ω.","0,00 –≥—Ä–Ω.",,
,–°–∞–ª–∞—Ç ,,,,,,
2,"–°–∞–ª–∞—Ç –ê—Ñ—ñ–Ω—Å—å–∫–∏–π (–º—ñ–∫—Å —Å–∞–ª–∞—Ç—ñ–≤, –ø–æ–º—ñ–¥–æ—Ä, –æ–≥—ñ—Ä–æ–∫, —Å—Ç–µ–±–ª–æ —Å–µ–ª–µ—Ä–∏, –ø–µ—Ä–µ—Ü—å –±–æ–ª–≥–∞—Ä—Å—å–∫–∏–π, —Å–∏—Ä –¢–æ—Ñ—É, —Å–æ—É—Å)",150,,"143,00 –≥—Ä–Ω.","0,00 –≥—Ä–Ω.",,
,–û—Å–Ω–æ–≤–Ω–∞ —Å—Ç—Ä–∞–≤–∞,,,,,,
3,–ó–∞–ø–µ—á–µ–Ω—ñ –æ–≤–æ—á—ñ,150,,"80,00 –≥—Ä–Ω.","0,00 –≥—Ä–Ω.",,
,–ì–∞—Ä–Ω—ñ—Ä,,,,,,
4,–í—ñ–¥–≤–∞—Ä–µ–Ω–∞ –∫–∞—Ä—Ç–æ–ø–ª—è,150,,"15,00 –≥—Ä–Ω.","0,00 –≥—Ä–Ω.",,
,–ù–∞–ø–æ—ó,,,,,,
5,"–ú–æ—Ä—Å ""–Ø–≥—ñ–¥–Ω–∏–π""",250,,"58,00 –≥—Ä–Ω.","0,00 –≥—Ä–Ω.",,
,,,,,,,
,,,,–í—Å—å–æ–≥–æ:,"0,00 –≥—Ä–Ω.",,
,,,,,,,
,,,,,,,
‚Ññ –ø/–ø,–ö–æ–º–ø–ª–µ–∫—Å–Ω–∏–π –æ–±—ñ–¥ ‚Ññ2 (–≤–µ–≥–∞–Ω),"–í–∏—Ö—ñ–¥ –Ω–∞ —Å—Ç—ñ–ª, –ø–æ—Ä—Ü—ñ—è/–≤–∞–≥–∞, –≥—Ä.",–ö—ñ–ª-—Å—Ç—å –ø–æ—Ä—Ü—ñ–π,"–¶—ñ–Ω–∞, –≥—Ä–Ω","–°—É–º–∞, –≥—Ä–Ω",,
,–ú–µ–Ω—é —ñ–∑ —Ä–æ–∑—Ä–∞—Ö—É–Ω–∫—É –Ω–∞ * –æ—Å—ñ–±,,,,,,
,–ü–µ—Ä—à–∞ —Å—Ç—Ä–∞–≤–∞,,,,,,
1,–û–≤–æ—á–µ–≤–∏–π –º—ñ–Ω–µ—Å—Ç—Ä–æ–Ω–µ ,250,,"80,00 –≥—Ä–Ω.","0,00 –≥—Ä–Ω.",,
,–°–∞–ª–∞—Ç ,,,,,,
2,–°–∞–ª–∞—Ç –ì—Ä–µ—Ü—å–∫–∏–π –∑ —Å–∏—Ä–æ–º –¢–æ—Ñ—É,150,,"110,00 –≥—Ä–Ω.","0,00 –≥—Ä–Ω.",,
,–û—Å–Ω–æ–≤–Ω–∞ —Å—Ç—Ä–∞–≤–∞,,,,,,
3,–ö–∞–ø—É—Å—Ç–∞ —Ç—É—à–∫–æ–≤–∞–Ω–∞ –∑ –ø–µ—á–µ—Ä–∏—Ü—è–º–∏,100,,"83,00 –≥—Ä–Ω.","0,00 –≥—Ä–Ω.",,
,–ì–∞—Ä–Ω—ñ—Ä,,,,,,
4,–ë—É–ª–≥—É—Ä –∑ –æ–≤–æ—á–∞–º–∏ —Ç–∞ –æ–ª–∏–≤–∫–æ–≤–æ—é –æ–ª—ñ—î—é,150,,"43,00 –≥—Ä–Ω.","0,00 –≥—Ä–Ω.",,
,–ù–∞–ø–æ—ó,,,,,,
1,"–õ–∏–º–æ–Ω–∞–¥ ""–¶–∏—Ç—Ä—É—Å–æ–≤–∏–π""",250,,"68,00 –≥—Ä–Ω.","0,00 –≥—Ä–Ω.",,
,,,,,,,
,,,,–í—Å—å–æ–≥–æ:,"0,00 –≥—Ä–Ω.",,
,,,,,,,
‚Ññ –ø/–ø,–ö–æ–º–ø–ª–µ–∫—Å–Ω–∏–π –æ–±—ñ–¥ ‚Ññ3 (–≤–µ–≥–∞–Ω),"–í–∏—Ö—ñ–¥ –Ω–∞ —Å—Ç—ñ–ª, –ø–æ—Ä—Ü—ñ—è/–≤–∞–≥–∞, –≥—Ä.",–ö—ñ–ª-—Å—Ç—å –ø–æ—Ä—Ü—ñ–π,"–¶—ñ–Ω–∞, –≥—Ä–Ω","–°—É–º–∞, –≥—Ä–Ω",,
,–ú–µ–Ω—é —ñ–∑ —Ä–æ–∑—Ä–∞—Ö—É–Ω–∫—É –Ω–∞ * –æ—Å—ñ–±,,,,,,
,–ü–µ—Ä—à–∞ —Å—Ç—Ä–∞–≤–∞,,,,,,
1,–ì—Ä–∏–±–Ω–∞ —é—à–∫–∞,250,,"68,00 –≥—Ä–Ω.","0,00 –≥—Ä–Ω.",,
,–°–∞–ª–∞—Ç ,,,,,,
1,–û–≤–æ—á–µ–≤–∏–π —Å–∞–ª–∞—Ç,150,,"88,00 –≥—Ä–Ω.","0,00 –≥—Ä–Ω.",,
,–û—Å–Ω–æ–≤–Ω–∞ —Å—Ç—Ä–∞–≤–∞,,,,,,
1,–ó–∞–ø–µ—á–µ–Ω–∞ –∫–∞–ø—É—Å—Ç–∞ –∑ –±–µ–π–±—ñ –º–æ—Ä–∫–≤–æ—é,300,,"245,00 –≥—Ä–Ω.","0,00 –≥—Ä–Ω.",,
,–ù–∞–ø–æ—ó,,,,,,
1,"""–•–æ–ª–æ–¥–Ω–∏–π —á–∞–π""",250,,"38,00 –≥—Ä–Ω.","0,00 –≥—Ä–Ω.",,
,,,,,,,
,,,,–í—Å—å–æ–≥–æ:,"0,00 –≥—Ä–Ω.",,
