,–°–∞–ª–∞—Ç–∏,,,,,,
‚Ññ –ø/–ø,–ù–∞–∑–≤–∞,"–í–∏—Ö—ñ–¥ –Ω–∞ —Å—Ç—ñ–ª, –ø–æ—Ä—Ü—ñ—è/–≤–∞–≥–∞, –≥—Ä.",–ö—ñ–ª-—Å—Ç—å –ø–æ—Ä—Ü—ñ–π,"–¶—ñ–Ω–∞, –≥—Ä–Ω","–°—É–º–∞, –≥—Ä–Ω",,
,–°–∞–ª–∞—Ç–∏,,,,,,
1,"–°–∞–ª–∞—Ç —ñ–∑ –∑–∞–ø–µ—á–µ–Ω–∏–º –±—É—Ä—è–∫–æ–º —Ç–∞ —Ç–µ–ª—è—Ç–∏–Ω–æ—é (–º—ñ–∫—Å —Å–∞–ª–∞—Ç—É, —Ç–µ–ª—è—Ç–∏–Ω–∞, —Å–æ—É—Å –º–∞–Ω–≥–æ —á–∏–ª—ñ, —è–±–ª—É–∫–æ)",75,,"144,00 –≥—Ä–Ω.","0,00 –≥—Ä–Ω.",,
2,"–°–∞–ª–∞—Ç —ñ–∑ –∑–∞–ø–µ—á–µ–Ω–∏–º –≥–∞—Ä–±—É–∑–æ–º —Ç–∞ –∫—É—Ä–∫–æ—é (–º—ñ–∫—Å —Å–∞–ª–∞—Ç—É, —Å–æ—É—Å –ø–µ—Å—Ç—Ä, —Å–∏—Ä –±–µ–±—ñ –º–æ—Ü–∞—Ä–µ–ª–ª–∞, –∫—É—Ä–∫–∞ –Ω–∞–ø—ñ–≤–∫–æ–ø—á–µ–Ω–∞, –æ–ª–∏–≤–∫–∏)",75,,"138,00 –≥—Ä–Ω.","0,00 –≥—Ä–Ω.",,
3,"–°–∞–ª–∞—Ç —ñ–∑ –∑–∞–ø–µ—á–µ–Ω–æ—é —Å–µ–ª–µ—Ä–æ—é —Ç–∞ –∫–∞—á–∏–Ω–∏–º —Ñ—ñ–ª–µ (–º—ñ–∫—Å —Å–∞–ª–∞—Ç—É, —Å–æ—É—Å –±—Ä—É—Å–Ω–∏—á–Ω–∏–π, –∫–∞—á–∏–Ω–µ —Ñ—ñ–ª–µ, –≤–∏–Ω–æ–≥—Ä–∞–¥, —è–±–ª—É–∫–æ)",75,,"163,00 –≥—Ä–Ω.","0,00 –≥—Ä–Ω.",,
4,–°–∞–ª–∞—Ç —ñ–∑ –∑–∞–ø–µ—á–µ–Ω–∏–º –±—É—Ä—è–∫–æ–º —Ç–∞ —Å–∏—Ä–æ–º –ì–æ—Ä–≥–æ–Ω–∑–æ–ª–∞,75,,"155,00 –≥—Ä–Ω.","0,00 –≥—Ä–Ω.",,"üçØ –ú–µ–¥, üå∞ –ß–∞—Å–Ω–∏–∫ —Ç–∞ –ø—Ä–æ–¥—É–∫—Ç–∏ –∑ –Ω–∏—Ö"
5,–°–∞–ª–∞—Ç —ñ–∑ –∑–∞–ø–µ—á–µ–Ω–∏–º –≥–∞—Ä–±—É–∑–æ–º —Ç–∞ —Å–∏—Ä–æ–º –§–µ—Ç–∞,75,,"145,00 –≥—Ä–Ω.","0,00 –≥—Ä–Ω.",,
6,"–°–∞–ª–∞—Ç –®–∞—É—Ä–º–∞ (–º—ñ–∫—Å —Å–∞–ª–∞—Ç—É, –∫—É—Ä—è—á–µ —Ñ—ñ–ª–µ, –æ–≥—ñ—Ä–æ–∫, –ø–æ–º—ñ–¥–æ—Ä, –º–æ—Ä–∫–≤–∞ –ø–æ-–∫–æ—Ä–µ–π—Å—å–∫—ñ, —Å–æ—É—Å —à–∞—É—Ä–º–∞, –Ω–∞—á–æ—Å)",75,,"88,00 –≥—Ä–Ω.","0,00 –≥—Ä–Ω.",,üå∞ –ß–∞—Å–Ω–∏–∫ —Ç–∞ –ø—Ä–æ–¥—É–∫—Ç–∏ –∑ –Ω—å–æ–≥–æ
7,"–°–∞–ª–∞—Ç –∑ —Ç–µ–ª—è—Ç–∏–Ω–æ—é (–º—ñ–∫—Å —Å–∞–ª–∞—Ç—É, —Å–æ–ª–µ–Ω–∏–π –æ–≥—ñ—Ä–æ–∫, —Ü–∏–±—É–ª—è –∫—Ä–∏–º—Å—å–∫–∞, —á–µ—Ä—ñ, —Ç–µ–ª—è—Ç–∏–Ω–∞, —Å–æ—É—Å –≤—ñ—Ç–µ–ª–æ —Ç–æ–º–∞—Ç–æ)",75,,"117,00 –≥—Ä–Ω.","0,00 –≥—Ä–Ω.",,
8,"–°–∞–ª–∞—Ç –ü–∞–Ω—Ü–∞–Ω–µ–ª–∞ (—Ç–æ–º–∞—Ç —Ä–æ–∂–µ–≤–∏–π, —Ç–æ–º–∞—Ç –±—É—Ä–∏–π, —Ç–æ–º–∞—Ç –∂–æ–≤—Ç–∏–π, –±–∞–∑–∏–ª—ñ–∫, —á—ñ–∞–±–∞—Ç–∞, —Å—ñ–ª—å, –ø–µ—Ä–µ—Ü—å, –æ–ª–∏–≤–∫–æ–≤–∞ –æ–ª—ñ—è)",75,,"88,00 –≥—Ä–Ω.","0,00 –≥—Ä–Ω.",,
9,"–°–∞–ª–∞—Ç ""–ö–æ–ª-–°–ª–æ—É"" –∑ —á–µ—Ä–≤–æ–Ω–æ—é –∫–∞–ø—É—Å—Ç–æ—é: —Å—Ç–µ–±–ª–æ —Å–µ–ª–µ—Ä–∏, –∫–∞–ø—É—Å—Ç–∞ –±—ñ–ª–æ–∫–∞—á–∞–Ω–Ω–∞ —ñ —á–µ—Ä–≤–æ–Ω–æ–∫–∞—á–∞–Ω–Ω–∞, –º–æ—Ä–∫–≤–∞, —Ü–∏–±—É–ª—è, –ø–µ—Ç—Ä—É—à–∫–∞, —è–π—Ü–µ, –∑–∞–ø—Ä–∞–≤–∫–∞",75,,"57,00 –≥—Ä–Ω.","0,00 –≥—Ä–Ω.",,
10,"–°–∞–ª–∞—Ç ""–Ü–Ω—Ç—Ä–∏–≥–∞"": —Å–∏—Ä, –ø–æ–º—ñ–¥–æ—Ä–∏, –∫—É—Ä—è—á–∞ –≥—Ä—É–¥–∫–∞, —è–π—Ü–µ, –º–∞–π–æ–Ω–µ–∑",75,,"84,00 –≥—Ä–Ω.","0,00 –≥—Ä–Ω.",,
11,"–°–∞–ª–∞—Ç ""–°–Ω—ñ–¥–∞–Ω–æ–∫ –ø–æ-–≥—Ä–µ—Ü—å–∫–∏"": –º–æ–ª–æ–¥–∞ –∫–∞—Ä—Ç–æ–ø–ª—è, —Å–∏—Ä –§–µ—Ç–∞, —Ü—É–∫—ñ–Ω—ñ, –º–∞—Å–ª–∏–Ω–∏, –ø—É—á–æ–∫ —á–µ–±—Ä–µ—Ü—é",75,,"93,00 –≥—Ä–Ω.","0,00 –≥—Ä–Ω.",,
12,"–°–∞–ª–∞—Ç ""–ü–∞–Ω—Ü–∞–Ω–µ–ª–ª–∞"": —Ö–ª—ñ–± –ß—ñ–∞–±–∞—Ç—Ç–∞, –ø–æ–º—ñ–¥–æ—Ä, —Ü–∏–±—É–ª—è –Ø–ª—Ç–∞, –±–∞–∑–∏–ª—ñ–∫, –±–∞–ª—å–∑–∞–º—ñ—á–Ω–∏–π –æ—Ü–µ—Ç",75,,"97,00 –≥—Ä–Ω.","0,00 –≥—Ä–Ω.",,
13,"–°–∞–ª–∞—Ç ""–í–µ–≥–∞–Ω"": –ø–æ–º—ñ–¥–æ—Ä —Ä–æ–∂–µ–≤–∏–π, –ø–æ–º—ñ–¥–æ—Ä –∂–æ–≤—Ç–∏–π, –∫–≤–∞—Å–æ–ª—è —Å—Ç—Ä—É—á–∫–æ–≤–∞, —Å–∞–ª–∞—Ç –ê–π–∑–±–µ—Ä–≥, –ø–µ—Ç—Ä—É—à–∫–∞ —Å–≤—ñ–∂–∞, –∫—ñ–Ω–æ–∞, –æ–ª—ñ—è –æ–ª–∏–≤–∫–æ–≤–∞, —Å–æ—É—Å —Å–æ—î–≤–∏–π",75,,"115,00 –≥—Ä–Ω.","0,00 –≥—Ä–Ω.",,
14,"–°–∞–ª–∞—Ç –∑ –±–µ–∫–æ–Ω–æ–º —Ç–∞ –∫—É—Ä–∫–æ—é: —Ö—Ä—É–º–∫–∏–π –±–µ–∫–æ–Ω, —Å–≤—ñ–∂–∏–π –æ–≥—ñ—Ä–æ–∫, –º–∞—Ä–∏–Ω–æ–≤–∞–Ω–µ —Ç–∞ –æ–±—Å–º–∞–∂–µ–Ω–µ –∫—É—Ä—è—á–µ —Ñ—ñ–ª–µ, –≥—Ä—ñ–Ω–∫–∏, —Å–æ—É—Å ""–≥—Ä—ñ–Ω-—á—ñ–∑""",75,,"116,00 –≥—Ä–Ω.","0,00 –≥—Ä–Ω.",,
15,"–°–∞–ª–∞—Ç ""–ü–∞—Ä–º–∞"": –ª–∏—Å—Ç —Å–∞–ª–∞—Ç—É –ê–π—Å–±–µ—Ä–≥, —Ä–æ—Å—Ç–±—ñ—Ñ, –≥—Ä—ñ–Ω–∫–∏, –ü–∞—Ä–º—Å—å–∫–∏–π –æ–∫—ñ—Å—Ç, –∑–∞–ø—Ä–∞–≤–∫–∞ –≤—ñ–Ω–µ–≥—Ä–µ—Ç",75,,"162,00 –≥—Ä–Ω.","0,00 –≥—Ä–Ω.",,
16,"–°–∞–ª–∞—Ç ""–ì—Ä–µ—Ü—å–∫–∏–π"": –ø–æ–º—ñ–¥–æ—Ä, –æ–≥—ñ—Ä–æ–∫, —Å–∏—Ä –§–µ—Ç–∞, –æ–ª–∏–≤–∫–∏, –º–∞—Å–ª–∏–Ω–∏, –æ–ª–∏–≤–∫–æ–≤–∞ –æ–ª—ñ—è",75,,"95,00 –≥—Ä–Ω.","0,00 –≥—Ä–Ω.",,
17,"–°–∞–ª–∞—Ç ""–õ—ñ—Å–æ—Ä—É–±"": —è–ª–æ–≤–∏—á–∏–Ω–∞, –±–µ–∫–æ–Ω, –≥—ñ–ª–æ—á–∫–∞ –æ—Ä–µ–≥–∞–Ω–æ, –ø–µ—Ç—Ä—É—à–∫–∞, –ø–µ—Ä–µ—Ü—å –±–æ–ª–≥–∞—Ä—Å—å–∫–∏–π, —Å–∞–ª–∞—Ç —Ä–æ–º–µ–Ω",75,,"159,00 –≥—Ä–Ω.","0,00 –≥—Ä–Ω.",,
18,"–°–∞–ª–∞—Ç –∑ —Ñ–æ—Ä–µ–ª—ñ –∑—ñ —Å–ø–∞—Ä–∂–µ—é: —Ä–∞–π–¥—É–∂–Ω–∞ —Ñ–æ—Ä–µ–ª—å, –∑–µ–ª–µ–Ω–∞ —Å–ø–∞—Ä–∂–∞, —Å—Ç–µ–±–ª–æ —Å–µ–ª–µ—Ä–∏, –ª–∏—Å—Ç —Å–∞–ª–∞—Ç—É –§—Ä—ñ–∑–µ, —Ü–∏–±—É–ª—è –®–Ω—ñ—Ç, –æ–ª–∏–≤–∫–æ–≤–∞ –æ–ª—ñ—è, –≥—ñ—Ä—á–∏—Ü—è, –º–∞–Ω–≥–æ, –π–æ–≥—É—Ä—Ç",75,,"153,00 –≥—Ä–Ω.","0,00 –≥—Ä–Ω.",,
19,"–°–∞–ª–∞—Ç –∑ –∫—Ä–µ–≤–µ—Ç–æ–∫ –∑ –º–∞–Ω–≥–æ —ñ –ø–∞—Ä–æ—Å—Ç–∫–∞–º–∏ –±–æ–±–æ–≤–∏—Ö: –∫—Ä–µ–≤–µ—Ç–∫–∏ —Ç–∏–≥—Ä–æ–≤—ñ, –º–∞–Ω–≥–æ, –ø–∞—Ä–æ—Å—Ç–∫–∏ –±–æ–±–æ–≤–∏—Ö, –∫—ñ–Ω–∑–∞, –∞—Ä–∞—Ö—ñ—Å",75,,"323,00 –≥—Ä–Ω.","0,00 –≥—Ä–Ω.",,
20,"–°–∞–ª–∞—Ç ""–ö–∞–ø—Ä–µ–∑–µ"": —Å–≤—ñ–∂—ñ –ø–æ–º—ñ–¥–æ—Ä–∏, —Å–∏—Ä –ú–æ—Ü–∞—Ä–µ–ª–ª–∞, –ª–∏—Å—Ç –±–∞–∑–∏–ª—ñ–∫–∞, –æ–ª–∏–≤–∫–æ–≤–∞ –æ–ª—ñ—è, —Å–æ—É—Å –ø–µ—Å—Ç–æ",75,,"175,00 –≥—Ä–Ω.","0,00 –≥—Ä–Ω.",,
21,"–°–∞–ª–∞—Ç ""–¶–µ–∑–∞—Ä"": —Å–∞–ª–∞—Ç –∞–π—Å–±–µ—Ä–≥, –±–µ–∫–æ–Ω –∫–æ–ø—á–µ–Ω–∏–π, —Å—É—Ö–∞—Ä—ñ, –∫—É—Ä—è—á–µ —Ñ—ñ–ª–µ, —Å–∏—Ä ""–ü–∞—Ä–º–µ–∑–∞–Ω"", –ø–æ–º—ñ–¥–æ—Ä–∏ –ß–µ—Ä—ñ, –∞–Ω—á–æ—É—Å–∏, –∫–∞–ø–µ—Ä—Å–∏, —è–π—Ü–µ –∫—É—Ä—è—á–µ,  —Å–æ—É—Å —Å–æ—î–≤–∏–π, –º–∞–π–æ–Ω–µ–∑",75,,"150,00 –≥—Ä–Ω.","0,00 –≥—Ä–Ω.",,
22,"–°–∞–ª–∞—Ç ""–ü—ñ–∫–Ω—ñ–∫"": –ª–∏—Å—Ç —Å–∞–ª–∞—Ç—É –§—Ä—ñ–∑–µ, –õ–æ–ª–ª–æ —Ä–æ—Å—Å–∞, –î—É–±–æ–∫, –∑–µ–ª–µ–Ω–∞ —Ü–∏–±—É–ª—è, –∫—Ä—ñ–ø, –±–∞–∑–∏–ª—ñ–∫, –∫–µ–¥—Ä–æ–≤–∏–π –≥–æ—Ä—ñ—Ö, –∑–∞–ø—Ä–∞–≤–∫–∞ –≤—ñ–Ω–µ–≥—Ä–µ—Ç",75,,"135,00 –≥—Ä–Ω.","0,00 –≥—Ä–Ω.",,
23,"–°–∞–ª–∞—Ç ""–Ø–ø–æ–Ω—Å—å–∫–∏–π"": –º–æ—Ä–µ–ø—Ä–æ–¥—É–∫—Ç–∏, —Å—å–æ–º–≥–∞, —ñ–∫—Ä–∞ —á–µ—Ä–≤–æ–Ω–∞, –∫–µ–¥—Ä–æ–≤–∏–π –≥–æ—Ä—ñ—Ö, –∑–µ–ª–µ–Ω—å, –ª–∏–º–æ–Ω, —Å–æ—É—Å–æ–º ""–¶–µ–∑–∞—Ä""",75,,"290,00 –≥—Ä–Ω.","0,00 –≥—Ä–Ω.",,ü•ú –ì–æ—Ä—ñ—Ö–∏ —Ç–∞ –ø—Ä–æ–¥—É–∫—Ç–∏ –∑ –Ω–∏—Ö
24,"–°–∞–ª–∞—Ç ""Tiger shrimps"": —Ç–∏–≥—Ä–æ–≤—ñ –∫—Ä–µ–≤–µ—Ç–∫–∏, —á–∞—Å–Ω–∏–∫, –ø–æ–º—ñ–¥–æ—Ä–∏ —á–µ—Ä—ñ, –º–µ–¥, –∫—ñ–Ω–∑–∞ —Ç–∞ –∞–≤–æ–∫–∞–¥–æ",75,,"131,00 –≥—Ä–Ω.","0,00 –≥—Ä–Ω.",,"üå∞ –ß–∞—Å–Ω–∏–∫, üçØ –ú–µ–¥ —Ç–∞ –ø—Ä–æ–¥—É–∫—Ç–∏ –∑ –Ω–∏—Ö"
25,"–°–∞–ª–∞—Ç —ñ–∑ –∫–æ—Ä–æ–ª—ñ–≤—Å—å–∫–∏—Ö –∫—Ä–µ–≤–µ—Ç–æ–∫: –∫—Ä–µ–≤–µ—Ç–∫–∏, –ª–æ–∫—à–∏–Ω–∞ —Ä–∏—Å–æ–≤–∞, –º–∞–Ω–≥–æ, –ø–∞–ø–∞–π—è, —è–±–ª—É–∫–æ –∑–µ–ª–µ–Ω–µ, –ª–∞–π–º, –∑–µ–ª–µ–Ω—å",75,,"145,00 –≥—Ä–Ω.","0,00 –≥—Ä–Ω.",,
26,"–°–∞–ª–∞—Ç ""–®–æ–ø—Å—å–∫–∏–π"": –ø–æ–º—ñ–¥–æ—Ä, –æ–≥—ñ—Ä–æ–∫, —Ü–∏–±—É–ª—è –Ø–ª—Ç–∞, —Å–∏—Ä ""–ï–¥–∞–º"", –∑–µ–ª–µ–Ω—å",75,,"81,00 –≥—Ä–Ω.","0,00 –≥—Ä–Ω.",,
27,"–°–∞–ª–∞—Ç ""–ù—ñ–∂–Ω–∏–π"": —Ñ—ñ–ª–µ –ª–æ—Å–æ—Å—è, —Å–∏—Ä –ö–∞–º–∞–º–±–µ—Ä, —Ü–∏–±—É–ª—è –ø–æ—Ä–µ–π, —Ä—É–∫–æ–ª–∞, –≥—ñ—Ä—á–∏—Ü—è –≤ –∑–µ—Ä–Ω–∞—Ö, –ª–∏–º–æ–Ω–Ω–∏–π —Ñ—Ä–µ—à, –º–µ–¥, —Å–æ—î–≤–∏–π —Å–æ—É—Å, –∑–µ–ª–µ–Ω—å",75,,"187,00 –≥—Ä–Ω.","0,00 –≥—Ä–Ω.",,üçØ –ú–µ–¥ —Ç–∞ –ø—Ä–æ–¥—É–∫—Ç–∏ –∑ –Ω—å–æ–≥–æ
28,"–°–∞–ª–∞—Ç ""–¢–∞—Ä—Ç–∞—Ä"" –∑ –∞–≤–æ–∫–∞–¥–æ –∑ –∑–µ–ª–µ–Ω–∏–º —è–±–ª—É–∫–æ–º —Ç–∞ –ø–æ–º—ñ–¥–æ—Ä–æ–º: –∞–≤–æ–∫–∞–¥–æ, —è–±–ª—É–∫–æ, –ø–æ–º—ñ–¥–æ—Ä, —Ü–∏–±—É–ª—è –∑–µ–ª–µ–Ω–∞, –∫–æ—Ä—ñ–Ω—å —Å–µ–ª–µ—Ä–∏, –º–∞–π–æ–Ω–µ–∑, –æ–ª—ñ—è —Ä–æ—Å–ª–∏–Ω–Ω–∞, —Ä—É–∫–æ–ª–∞, –ª–∏–º–æ–Ω, –∑–µ–ª–µ–Ω—å",75,,"109,00 –≥—Ä–Ω.","0,00 –≥—Ä–Ω.",,
29,–ú—ñ–∫—Å —Å–∞–ª–∞—Ç—ñ–≤ —ñ–∑ —Å–ª–∞–±–æ—Å–æ–ª–µ–Ω–∏–º –ª–æ—Å–æ—Å–µ–º –ø—ñ–¥ —Å–æ—É—Å–æ–º –ø–∞—Ä–º–µ–∑–∞–Ω,75,,"241,00 –≥—Ä–Ω.","0,00 –≥—Ä–Ω.",,
30,"–°–∞–ª–∞—Ç –∑—ñ —Å–º–∞–∂–µ–Ω–∏–º–∏ –±–∞–∫–ª–∞–∂–∞–Ω–∞–º–∏, –º–∞—Ä–∏–Ω–æ–≤–∞–Ω–∏–º–∏ –≥—Ä–∏–±–æ—á–∫–∞–º–∏ —Ç–∞ –±–æ–ª–≥–∞—Ä—Å—å–∫–∏–º –ø–µ—Ä—Ü–µ–º",75,,"155,00 –≥—Ä–Ω.","0,00 –≥—Ä–Ω.",,üå∞ –ß–∞—Å–Ω–∏–∫ —Ç–∞ –ø—Ä–æ–¥—É–∫—Ç–∏ –∑ –Ω—å–æ–≥–æ
31,–ú—ñ–∫—Å —Å–∞–ª–∞—Ç—ñ–≤ –∑ –∫–∞—Ä–∞–º–µ–ª—ñ–∑–æ–≤–∞–Ω–æ—é –∫—É—Ä—è—á–æ—é –ø–µ—á—ñ–Ω–∫–æ—é —Ç–∞ —è–±–ª—É–∫–∞–º–∏ –∑ –∫–µ–¥—Ä–æ–≤–∏–º–∏ –≥–æ—Ä—ñ—à–∫–∞–º–∏,75,,"161,00 –≥—Ä–Ω.","0,00 –≥—Ä–Ω.",,ü•ú –ì–æ—Ä—ñ—Ö–∏ —Ç–∞ –ø—Ä–æ–¥—É–∫—Ç–∏ –∑ –Ω–∏—Ö
32,"–°–∞–ª–∞—Ç –∑ —Ä—É–∫–æ–ª–∏, –º–∞—Ä–∏–Ω–æ–≤–∞–Ω–æ—ó –≥—Ä—É—à—ñ, –≥—Ä–µ–π–ø—Ñ—Ä—É—Ç–∞ –∑ –∫–∞—á–∏–Ω–æ—é –≥—Ä—É–¥–∫–æ—é",75,,"167,00 –≥—Ä–Ω.","0,00 –≥—Ä–Ω.",,
33,–°–∞–ª–∞—Ç –∑ —ñ—Ç–∞–ª—ñ–π—Å—å–∫–∏—Ö —Å–∏—Ä—ñ–≤ —Ç–∞ –ø–æ–º—ñ–¥–æ—Ä—ñ–≤ —á–µ—Ä—ñ,75,,"179,00 –≥—Ä–Ω.","0,00 –≥—Ä–Ω.",,
34,"–°–∞–ª–∞—Ç ""–ù—ñ—Å—É–∞–∑"": —Ç—É–Ω–µ—Ü—å, —Å–∞–ª–∞—Ç ""–∞–π—Å–±–µ—Ä–≥"", –ø–æ–º—ñ–¥–æ—Ä–∏, –∞–Ω—á–æ—É—Å–∏, –∫–∞—Ä—Ç–æ–ø–ª—è, —Å–ø–∞—Ä–∂–∞, –º–∞—Å–ª–∏–Ω–∏",75,,"164,00 –≥—Ä–Ω.","0,00 –≥—Ä–Ω.",,
35,–°–∞–ª–∞—Ç –∑ –∫—É—Ä—è—á–æ–≥–æ –º'—è—Å–∞ —Ç–∞ –≤–∏–Ω–æ–≥—Ä–∞–¥—É,75,,"138,00 –≥—Ä–Ω.","0,00 –≥—Ä–Ω.",,üçØ –ú–µ–¥ —Ç–∞ –ø—Ä–æ–¥—É–∫—Ç–∏ –∑ –Ω—å–æ–≥–æ
36,–°–∞–ª–∞—Ç —ñ–∑ –ø'—è–Ω–æ—ó –≥—Ä—É—à—ñ —Ç–∞ —Å–∏—Ä—É –î–æ—Ä–ë–ª—é,75,,"98,00 –≥—Ä–Ω.","0,00 –≥—Ä–Ω.",,
37,"–°–∞–ª–∞—Ç –∑ —Ç–µ–ª—è—Ç–∏–Ω–∏ ""–°—É-–í–∏–¥"" –∑ –æ–≥—ñ—Ä–∫–æ–º —Ç–∞ –º–æ—Ä–∫–≤–æ—é",75,,"104,00 –≥—Ä–Ω.","0,00 –≥—Ä–Ω.",,üçØ –ú–µ–¥ —Ç–∞ –ø—Ä–æ–¥—É–∫—Ç–∏ –∑ –Ω—å–æ–≥–æ
38,"–°–∞–ª–∞—Ç –∑ –ª–æ—Å–æ—Å—è ""–°—É-–í–∏–¥"", —Ä—É–∫–æ–ª–∏ –∑ –≥–æ—Ä—ñ—Ö–æ–≤–∏–º —Å–æ—É—Å–æ–º",75,,"227,00 –≥—Ä–Ω.","0,00 –≥—Ä–Ω.",,ü•ú –ì–æ—Ä—ñ—Ö–∏ —Ç–∞ –ø—Ä–æ–¥—É–∫—Ç–∏ –∑ –Ω–∏—Ö
39,"–°–∞–ª–∞—Ç –∑ –∫—É—Ä–∫–æ—é –∫–∞—Ä—Ä—ñ —Ç–∞ —Ä—É–∫–æ–ª–æ—é (–∫—É—Ä–∫–∞ —Å—Ç–µ–≥–Ω–æ, —Ä—É–∫–æ–ª–∞, –∞–π—Å–±–µ—Ä–≥, —Ç–æ–º–∞—Ç–∏ —á–µ—Ä—ñ, –≥—Ä–∏–±–∏ –ø–µ—á–µ—Ä–∏—Ü—ñ, –ø–∞—Ä–º–µ–∑–∞–Ω)",75,,"104,00 –≥—Ä–Ω.","0,00 –≥—Ä–Ω.",,üçØ –ú–µ–¥ —Ç–∞ –ø—Ä–æ–¥—É–∫—Ç–∏ –∑ –Ω—å–æ–≥–æ
40,"–õ–æ–º—ñ —Å–µ–º–æ–Ω (–õ–æ—Å–æ—Å—å —Å/—Å, –ø–æ–º—ñ–¥–æ—Ä —á–µ—Ä–≤–æ–Ω–∏–π, –ø–æ–º—ñ–¥–æ—Ä –∂–æ–≤—Ç–∏–π, —Ü–∏–±—É–ª—è —á–µ—Ä–≤–æ–Ω–∞, —Ü–∏–±—É–ª—è –∑–µ–ª–µ–Ω–∞, –ø–µ—Ä–µ—Ü—å —á–∏–ª—ñ, –ª–∞–π–º)",75,,"118,00 –≥—Ä–Ω.","0,00 –≥—Ä–Ω.",,üå∂Ô∏è –ü–µ—Ä–µ—Ü—å –≥–æ—Å—Ç—Ä–∏–π —Ç–∞ –ø—Ä–æ–¥—É–∫—Ç–∏ –∑ –Ω—å–æ–≥–æ
41,–ú—ñ–Ω—ñ —à—É–±–∞,120,,"110,00 –≥—Ä–Ω.","0,00 –≥—Ä–Ω.",,
42,–ú—ñ–Ω—ñ –æ–ª—ñ–≤'—î –∑ –∫—É—Ä–∫–æ—é,120,,"120,00 –≥—Ä–Ω.","0,00 –≥—Ä–Ω.",,
43,–ú—ñ–Ω—ñ –æ–ª—ñ–≤'—î –∑ –∫—Ä–µ–≤–µ—Ç–∫–æ—é,120,,"154,00 –≥—Ä–Ω.","0,00 –≥—Ä–Ω.",,
44,"–°–∞–ª–∞—Ç –∑ —Ä–æ—Å—Ç–±—ñ—Ñ–æ–º, —Ö—É—Ä–º–æ—é, –≤'—è–ª–µ–Ω–∏–º —Ç–æ–º–∞—Ç–æ–º, –ø–∞—Ä–º–µ–∑–∞–Ω–æ–º —ñ —Å–æ—É—Å–æ–º –ë–∞—Ç–µ",75,,"240,00 –≥—Ä–Ω.","0,00 –≥—Ä–Ω.",,üçØ –ú–µ–¥ —Ç–∞ –ø—Ä–æ–¥—É–∫—Ç–∏ –∑ –Ω—å–æ–≥–æ
45,"–ó–µ–ª–µ–Ω–∏–π —Å–∞–ª–∞—Ç –∑ –∞–≤–æ–∫–∞–¥–æ ( –º—ñ–∫—Å —Å–∞–ª–∞—Ç—É, –∞–≤–æ–∫–∞–¥–æ, –±–æ–±–∏ —Å–æ—î–≤—ñ, –æ–≥—ñ—Ä–æ–∫, –∫—É–Ω–∂—É—Ç–Ω–æ-—ñ–º–±–∏—Ä–Ω–∏–π —Å–æ—É—Å) ",75,,"182,00 –≥—Ä–Ω.","0,00 –≥—Ä–Ω.",,"üçØ –ú–µ–¥, üå∞ –ß–∞—Å–Ω–∏–∫ —Ç–∞ –ø—Ä–æ–¥—É–∫—Ç–∏ –∑ –Ω–∏—Ö"
46,"–°–∞–ª–∞—Ç –∑ –±—É—Ä—Ä–∞—Ç–æ—é, –æ–≥—ñ—Ä–∫–æ–º —Ç–∞ —Ä–µ–¥—å–∫–∞ (–±–µ–±—ñ —à–ø–∏–Ω–∞—Ç, –±—É—Ä—Ä–∞—Ç–∞, –æ–≥—ñ—Ä–æ–∫, —Ä–µ–¥—å–∫–∞, –ø–æ–º—ñ–¥–æ—Ä —á–µ—Ä—ñ, —Å–æ—É—Å –ø–µ—Å—Ç–æ)",75,,"192,00 –≥—Ä–Ω.","0,00 –≥—Ä–Ω.",–¢–Ü–õ–¨–ö–ò –ë–ê–ù–ö–ï–¢,
47,"–°–∞–ª–∞—Ç –∑ –±—É—Ä—è–∫–æ–º, –§–µ—Ç–æ—é —Ç–∞ –º–∞–Ω–≥–æ ( –º—ñ–∫—Å —Å–∞–ª–∞—Ç—É, –±—É—Ä—è–∫, —Ñ–µ—Ç–∞, –º–∞–Ω–≥–æ, –ø–æ–º—ñ–¥–æ—Ä —á–µ—Ä—ñ, —Å–æ—É—Å –º–∞–Ω–≥–æ)",75,,"149,00 –≥—Ä–Ω.","0,00 –≥—Ä–Ω.",,üçØ –ú–µ–¥ —Ç–∞ –ø—Ä–æ–¥—É–∫—Ç–∏ –∑ –Ω—å–æ–≥–æ
48,"–°–∞–ª–∞—Ç –∑ –∫—Ä–µ–≤–µ—Ç–∫–æ—é —Ç–∞ –ø–æ–º—ñ–¥–æ—Ä —á–µ—Ä—ñ –ö—ñ–º-–ß—ñ ( –±–µ–±—ñ —à–ø–∏–Ω–∞—Ç, –∫—Ä–µ–≤–µ—Ç–∫–∞, –±–æ–±–∏ —Å–æ—î–≤—ñ, —á–µ—Ä—ñ –ö—ñ–º-–ß—ñ, –∫–∏—Å–ª–æ-—Å–æ–ª–æ–¥–∫–∏–π —Å–æ—É—Å)",75,,"138,00 –≥—Ä–Ω.","0,00 –≥—Ä–Ω.",,"üçØ –ú–µ–¥, üå∞ –ß–∞—Å–Ω–∏–∫, üå∂Ô∏è –ü–µ—Ä–µ—Ü—å –≥–æ—Å—Ç—Ä–∏–π —Ç–∞ –ø—Ä–æ–¥—É–∫—Ç–∏ –∑ –Ω–∏—Ö"
49,"–°–∞–ª–∞—Ç –¶–µ–∑–∞—Ä ( –±–µ–±—ñ –†–æ–º–µ–Ω, –∫—É—Ä—è—á–µ —Ñ—ñ–ª–µ —Å—É-–≤—ñ–¥, –∂–æ–≤—Ç–∏–π –ø–æ–º—ñ–¥–æ—Ä, —Å—É—Ö–∞—Ä—ñ, –ø–µ—Ä–µ–ø–µ–ª–∏–Ω—ñ —è–π—Ü—è, —Å–æ—É—Å —Ü–µ–∑–∞—Ä)",75,,"174,00 –≥—Ä–Ω.","0,00 –≥—Ä–Ω.",,üå∞ –ß–∞—Å–Ω–∏–∫ —Ç–∞ –ø—Ä–æ–¥—É–∫—Ç–∏ –∑ –Ω—å–æ–≥–æ
50,–°–∞–ª–∞—Ç –∑ –±—É—Ä—è–∫–∞ —Ç–∞ –±—Ä–∏–Ω–∑–∏,75,,"55,00 –≥—Ä–Ω.","0,00 –≥—Ä–Ω.",,
51,"–°–∞–ª–∞—Ç –ì—É—Ä–º–∞–Ω (–±–µ–∫–æ–Ω, —Å–∏—Ä –ü–∞—Ä–º–µ–∑–∞–Ω, –ª–∏—Å—Ç —Å–∞–ª–∞—Ç—É, –ø–æ–º—ñ–¥–æ—Ä, —è–π—Ü–µ, —Å—É—Ö–∞—Ä–∏–∫–∏, —Å–æ—É—Å)",75,,"69,00 –≥—Ä–Ω.","0,00 –≥—Ä–Ω.",,
52,"–°–∞–ª–∞—Ç –ê—Ñ—ñ–Ω—Å—å–∫–∏–π (–º—ñ–∫—Å —Å–∞–ª–∞—Ç—ñ–≤, –ø–æ–º—ñ–¥–æ—Ä, –æ–≥—ñ—Ä–æ–∫, —Å—Ç–µ–±–ª–æ —Å–µ–ª–µ—Ä–∏, –ø–µ—Ä–µ—Ü—å –±–æ–ª–≥–∞—Ä—Å—å–∫–∏–π, —Å–∏—Ä –§–µ—Ç–∞, —Å–æ—É—Å)",75,,"77,00 –≥—Ä–Ω.","0,00 –≥—Ä–Ω.",,
53,"–í—ñ–Ω–µ–≥—Ä–µ—Ç –∫–ª–∞—Å–∏—á–Ω–∏–π (–∫–∞—Ä—Ç–æ–ø–ª—è, –±—É—Ä—è–∫, –º–æ—Ä–∫–≤–∞, —Ü–∏–±—É–ª—è, –æ–≥—ñ—Ä–æ–∫ —Å–æ–ª–æ–Ω–∏–π, –≥–æ—Ä–æ—à–æ–∫, –æ–ª—ñ—è —Å–æ–Ω—è—à–Ω–∏–∫–æ–≤–∞, —Å—ñ–ª—å, –ø–µ—Ä–µ—Ü—å)",120,,"74,00 –≥—Ä–Ω.","0,00 –≥—Ä–Ω.",,
,–°–µ–∑–æ–Ω–Ω—ñ —Å–∞–ª–∞—Ç–∏,,,,,,
1,"–°–∞–ª–∞—Ç –∑ –∫—ñ–Ω–æ–∞, –∫—É—Ä—è—á–æ–≥–æ —Ñ—ñ–ª–µ —Ç–∞ –º–∞–Ω–¥–∞—Ä–∏–Ω–æ–º",75,,"138,00 –≥—Ä–Ω.","0,00 –≥—Ä–Ω.",,
2,"–°–∞–ª–∞—Ç –∑ —Ö–∞–º–æ–Ω–æ–º —Ç–∞ –ø–æ–ª—É–Ω–∏—Ü–µ—é (–º—ñ–∫—Å —Å–∞–ª–∞—Ç—ñ–≤, —Å–∏—Ä –ë—Ä–∏–Ω–∑–∞, —Ö–∞–º–æ–Ω —ñ—Å–ø–∞–Ω—Å—å–∫–∏–π, –ø–æ–ª—É–Ω–∏—Ü—è, –≥–æ—Ä—ñ—Ö –∫–µ–¥—Ä–æ–≤–∏–π, —Å–æ—É—Å –º–µ–¥–æ–≤–æ-–≥—ñ—Ä—á–∏—á–Ω–∏–π, –∫—Ä–µ–º-–±–∞–ª—å–∑–∞–º—ñ–∫)",75,,"124,00 –≥—Ä–Ω.","0,00 –≥—Ä–Ω.",,"üçØ –ú–µ–¥, ü•ú –ì–æ—Ä—ñ—Ö–∏  —Ç–∞ –ø—Ä–æ–¥—É–∫—Ç–∏ –∑ –Ω–∏—Ö"
3,"–°–∞–ª–∞—Ç –∑ –≥–∞—Ä–±—É–∑–∞ (–≥–∞—Ä–±—É–∑ –ø–µ—á–µ–Ω–∏–π, –º—ñ–∫—Å —Å–∞–ª–∞—Ç—É, –Ω–∞—Å—ñ–Ω–Ω—è –≥–∞—Ä–±—É–∑–∞, —Å–æ—É—Å –º–µ–¥–æ–≤–æ-–≥—ñ—Ä—á–∏—á–Ω–∏–π)",75,,"94,00 –≥—Ä–Ω.","0,00 –≥—Ä–Ω.",,
4,"–°–∞–ª–∞—Ç –∑ —Ö–∞–º–æ–Ω–æ–º —Ç–∞ –≥–∞—Ä–±—É–∑–æ–º (–º—ñ–∫—Å —Å–∞–ª–∞—Ç—É, –≥–∞—Ä–±—É–∑ –ø–µ—á–µ–Ω–∏–π, —Ö–∞–º–æ–Ω, —Ç–æ–º–∞—Ç —á–µ—Ä—ñ, –Ω–∞—Å—ñ–Ω–Ω—è –≥–∞—Ä–±—É–∑–∞, —Å–æ—É—Å –º–µ–¥–æ–≤–æ-–≥—ñ—Ä—á–∏—á–Ω–∏–π)",75,,"110,00 –≥—Ä–Ω.","0,00 –≥—Ä–Ω.",,üçØ –ú–µ–¥ —Ç–∞ –ø—Ä–æ–¥—É–∫—Ç–∏ –∑ –Ω—å–æ–≥–æ
,–û—Å—ñ–Ω–Ω—î –º–µ–Ω—é,,,,,,
1,"–°–∞–ª–∞—Ç –∑ –∫–æ–ø—á–µ–Ω–æ—é –∫—É—Ä–∫–æ—é —Ç–∞ –±–∞—Ç–∞—Ç–æ–º (—Ñ—ñ–ª–µ –∫—É—Ä—è—á–µ –∫–æ–ø—á–µ–Ω–µ, –±–∞—Ç–∞—Ç, —è–±–ª—É–∫–æ, —Å–∞–ª–∞—Ç –ê–π—Å–±–µ—Ä–≥, —Å–æ—É—Å —Ç–∞—Ä-—Ç–∞—Ä)",75,,"64,00 –≥—Ä–Ω.","0,00 –≥—Ä–Ω.",,
2,"–°–∞–ª–∞—Ç –∑ –∫—É—Ä–∫–æ—é —Å—É-–≤—ñ–¥ —Ç–∞ –ø–µ—á–µ–Ω–∏–º –ø–µ—Ä—Ü–µ–º (—Ñ—ñ–ª–µ –∫—É—Ä—è—á–µ –∫–æ–ø—á–µ–Ω–µ, –ø–µ—Ä–µ—Ü—å –±–æ–ª–≥–∞—Ä—Å—å–∫–∏–π, —Å–∏—Ä –§–µ–ª–∞—Ç–∞, —Å–∞–ª–∞—Ç –õ–æ–ª–ª–æ –†–æ—Å—Å–∞, –æ–ª—ñ—è —Å–æ–Ω—è—à–Ω–∏–∫–æ–≤–∞)",75,,"76,00 –≥—Ä–Ω.","0,00 –≥—Ä–Ω.",,
3,"–°–∞–ª–∞—Ç –∑—ñ —Å–≤–∏–Ω–Ω–æ—é –≤–∏—Ä—ñ–∑–∫–æ—é —Ç–∞ –±–µ–±—ñ –º–æ—Ä–∫–≤–æ—é (—Å–≤–∏–Ω–Ω–∞ –≤–∏—Ä—ñ–∑–∫–∞, –º–æ—Ä–∫–≤–∞ –±–µ–±—ñ, –∂—É—Ä–∞–≤–ª–∏–Ω–∞, —Ä—É–∫–æ–ª–∞, —Å–æ—É—Å –º–∞–Ω–≥–æ-—á–∏–ª—ñ)",75,,"108,00 –≥—Ä–Ω.","0,00 –≥—Ä–Ω.",,
4,"–°–∞–ª–∞—Ç –∑ –≥–∞–±—É–∑–æ–º, –∞–ø–µ–ª—å—Å–∏–Ω–æ–º —Ç–∞ –∂—É—Ä–∞–≤–ª–∏–Ω–æ—é (–≥–∞—Ä–±—É–∑, –∞–ø–µ–ª—å—Å–∏–Ω, –∂—É—Ä–∞–≤–ª–∏–Ω–∞, —Ä—É–∫–æ–ª–∞, –º–µ–¥, –≥—ñ—Ä—á–∏—Ü—è, –æ–ª—ñ—è —Å–æ–Ω—è—à–Ω–∏–∫–æ–≤–∞, —Å–æ—É—Å –±–∞–ª—å–∑–∞–º—ñ–∫–æ)",75,,"72,00 –≥—Ä–Ω.","0,00 –≥—Ä–Ω.",,üçØ –ú–µ–¥ —Ç–∞ –ø—Ä–æ–¥—É–∫—Ç–∏ –∑ –Ω—å–æ–≥–æ
5,"–ë—É—Ä—è–∫–æ–≤–∏–π —Å–∞–ª–∞—Ç (–±—É—Ä—è–∫ –ø–æ-–∫–æ—Ä–µ–π—Å—å–∫–∏, —á–æ—Ä–Ω–æ—Å–ª–∏–≤, —Å–∞–ª–∞—Ç –õ–æ–ª–ª–æ –†–æ—Å—Å–∞, —Å–º–µ—Ç–∞–Ω–∞, —á–∞—Å–Ω–∏–∫)",75,,"50,00 –≥—Ä–Ω.","0,00 –≥—Ä–Ω.",,üå∞ –ß–∞—Å–Ω–∏–∫ —Ç–∞ –ø—Ä–æ–¥—É–∫—Ç–∏ –∑ –Ω—å–æ–≥–æ
,–¢–µ–º–∞—Ç–∏—á–Ω—ñ –∑–∞–∫—É—Å–∫–∏ : –ì–∞–≤–∞–π—Å—å–∫–∏–π —Å—Ç–∏–ª—å,,,,,,
1,"–°–∞–ª–∞—Ç –æ–∞—Ö—É. –õ–µ–≥–∫–∏–π —Ç–∞ —Å–º–∞—á–Ω–∏–π –º—ñ–∫—Å –¥–∏–∫–æ–≥–æ —Ç—É–Ω—Ü—è, —Ç–æ–º–∞—Ç—ñ–≤ —á–µ—Ä—Ä—ñ, –≤–µ—Ä—à–∫–æ–≤–æ–≥–æ —Å–∏—Ä—É, –≥–æ—Ä—ñ—Ö—ñ–≤ —Ç–∞ —Ö—Ä—É—Å—Ç–∫–æ–≥–æ —Å–∞–ª–∞—Ç—É. –ó–∞–ø—Ä–∞–≤–∏–º–æ –Ω–∞ –í–∞—à —Å–º–∞–∫.",75,,"105,00 –≥—Ä–Ω.","0,00 –≥—Ä–Ω.",,
2,"–°–∞–ª–∞—Ç –∑ –∫—Ä–µ–≤–µ—Ç–∫–∞–º–∏. –•—Ä—É—Å—Ç–∫–∏–π –∞–π—Å–±–µ—Ä–≥ —Ç–∞ –º—ñ–∫—Å —Å–∞–ª–∞—Ç—ñ–≤ –≤ –ø–æ—î–¥–Ω–∞–Ω–Ω—ñ –∑ —Ç–∏–≥—Ä–æ–≤–∏–º–∏ –∫—Ä–µ–≤–µ—Ç–∫–∞–º–∏, —Å–æ–∫–æ–≤–∏—Ç–∏–º –º–∞–Ω–≥–æ, —Ç–æ–º–∞—Ç–∞–º–∏ —á–µ—Ä—Ä—ñ, –≤–µ—Ä—à–∫–æ–≤–∏–º —Å–∏—Ä–æ–º —Ç–∞ –º—ñ–∫—Ä–æ–≥—Ä—ñ–Ω–æ–º. –ó–∞–ø—Ä–∞–≤–ª—è—î—Ç—å—Å—è –æ–ª—ñ–≤–∫–æ–≤–æ—é –æ–ª—ñ—î—é.",75,,"163,00 –≥—Ä–Ω.","0,00 –≥—Ä–Ω.",,
