,–°—É-–≤—ñ–¥,,,,,,
‚Ññ –ø/–ø,–ù–∞–∑–≤–∞,"–í–∏—Ö—ñ–¥ –Ω–∞ —Å—Ç—ñ–ª, –ø–æ—Ä—Ü—ñ—è/–≤–∞–≥–∞, –≥—Ä.",–ö—ñ–ª-—Å—Ç—å –ø–æ—Ä—Ü—ñ–π,"–¶—ñ–Ω–∞, –≥—Ä–Ω","–°—É–º–∞, –≥—Ä–Ω",,
,–ö—É—Ä–∫–∞ –°—É-–≤—ñ–¥,,,,,,
1,"–°—Ç–µ–≥–Ω–æ –∫—É—Ä—è—á–µ –∫–ª–∞—Å–∏—á–Ω–µ (—Å—ñ–ª—å, –º—ñ–∫—Å –ø–µ—Ä—Ü—ñ–≤, –æ–ª–∏–≤–∫–æ–≤–∞ –æ–ª—ñ—è, —á–µ–±—Ä–µ—Ü—å, —Ä–æ–∑–º–∞—Ä–∏–Ω, —Å—É—Ö–∏–π –±–∞–∑–∏–ª—ñ–∫)",600,,"439,00 –≥—Ä–Ω.","0,00 –≥—Ä–Ω.",,üå∞ –ß–∞—Å–Ω–∏–∫ —Ç–∞ –ø—Ä–æ–¥—É–∫—Ç–∏ –∑ –Ω—å–æ–≥–æ
2,"–§—ñ—Ç–Ω–µ—Å –∫—É—Ä—è—á–µ —Ñ—ñ–ª–µ (—á–µ–±—Ä–µ—Ü—å, –ø–µ—Ä–µ—Ü—å, —Å—ñ–ª—å –º–æ—Ä—Å—å–∫–∞, –æ–ª–∏–≤–∫–æ–≤–∞ –æ–ª—ñ—è)",600,,"495,00 –≥—Ä–Ω.","0,00 –≥—Ä–Ω.",,
3,"–°—Ç–µ–≥–Ω–æ –∫—É—Ä—è—á–µ —Ç–µ—Ä—ñ—è–∫–∏ ( —Å–æ—É—Å –¢–µ—Ä—ñ—è–∫–∏, —á–µ–±—Ä–µ—Ü—å, –ø–µ—Ä–µ—Ü—å, —Å—ñ–ª—å –º–æ—Ä—Å—å–∫–∞, –æ–ª–∏–≤–∫–æ–≤–∞ –æ–ª—ñ—è, —á–µ—Å–Ω–æ–∫, —ñ–º–±–∏—Ä)",600,,"439,00 –≥—Ä–Ω.","0,00 –≥—Ä–Ω.",,
4,"–¢–æ–º–∞—Ç–æ –∫—É—Ä—è—á–µ —Ñ—ñ–ª–µ (–±–∞–∑–∏–ª–∏–∫, –≤'—è–ª–µ–Ω–∏–π —Ç–æ–º–∞—Ç, —á–∞—Å–Ω–∏–∫, —Å—ñ–ª—å, –æ–ª–∏–≤–∫–æ–≤–∞ –æ–ª—ñ—è, —á–µ–±—Ä–µ—Ü—å, —Ç–æ–º–∞—Ç–∏ –ü–µ–ª–∞—Ç—ñ)",600,,"495,00 –≥—Ä–Ω.","0,00 –≥—Ä–Ω.",,üå∞ –ß–∞—Å–Ω–∏–∫ —Ç–∞ –ø—Ä–æ–¥—É–∫—Ç–∏ –∑ –Ω—å–æ–≥–æ
5,"–¶–∏—Ç—Ä—É—Å –∫—É—Ä—è—á–µ —Ñ—ñ–ª–µ (–∞–ø–µ–ª—å—Å–∏–Ω, —á–µ–±—Ä–µ—Ü—å, –ø–µ—Ä–µ—Ü—å, –æ–ª–∏–≤–∫–æ–≤–∞ –æ–ª—ñ—è, —Ñ—Ä–µ—à –∞–ø–µ–ª—å—Å–∏–Ω–∞)",600,,"495,00 –≥—Ä–Ω.","0,00 –≥—Ä–Ω.",,
6,"–ß–∏–ª—ñ –∫—É—Ä—è—á–µ —Å—Ç–µ–≥–Ω–æ (–ø–µ—Ä–µ—Ü—å –ß–∏–ª—ñ, —á–∞—Å–Ω–∏–∫, –º—ñ–∫—Å –ø–µ—Ä—Ü—ñ–≤, –æ–ª–∏–≤–∫–æ–≤–∞ –æ–ª—ñ—è, —á–µ–±—Ä–µ—Ü—å)",600,,"439,00 –≥—Ä–Ω.","0,00 –≥—Ä–Ω.",,"üå∞ –ß–∞—Å–Ω–∏–∫, üå∂Ô∏è –ü–µ—Ä–µ—Ü—å –≥–æ—Å—Ç—Ä–∏–π —Ç–∞ –ø—Ä–æ–¥—É–∫—Ç–∏ –∑ –Ω–∏—Ö"
7,"–ü—Ä—è–Ω–µ –∫—É—Ä—è—á–µ —Ñ—ñ–ª–µ (—Å—ñ–ª—å –°–≤–∞–Ω—Å—å–∫–∞, –º—ñ–∫—Å –ø–µ—Ä—Ü—ñ–≤, –æ–ª–∏–≤–∫–æ–≤–∞ –æ–ª—ñ—è, —á–µ–±—Ä–µ—Ü—å, —Ä–æ–∑–º–∞—Ä–∏–Ω, —Å—É—Ö–∏–π –±–∞–∑–∏–ª—ñ–∫)",600,,"495,00 –≥—Ä–Ω.","0,00 –≥—Ä–Ω.",,
,–°–≤–∏–Ω–∏–Ω–∞ –°—É-–≤—ñ–¥,,,,,,
1,"–°—Ç–µ–π–∫ —Å–≤–∏–Ω—è—á–∏–π –∫–ª–∞—Å–∏—á–Ω–∏–π (—á–µ–±—Ä–µ—Ü—å, —Ä–æ–∑–º–∞—Ä–∏–Ω, –º—ñ–∫—Å –ø–µ—Ä—Ü—ñ–≤, —Å—ñ–ª—å, –æ–ª–∏–≤–∫–æ–≤–∞ –æ–ª—ñ—è)",600,,"566,00 –≥—Ä–Ω.","0,00 –≥—Ä–Ω.",,üå∞ –ß–∞—Å–Ω–∏–∫ —Ç–∞ –ø—Ä–æ–¥—É–∫—Ç–∏ –∑ –Ω—å–æ–≥–æ
2,"–®–∞—à–ª–∏–∫ —Å–≤–∏–Ω—è—á–∏–π –∫–ª–∞—Å–∏—á–Ω–∏–π (–°–≤–∞–Ω—Å—å–∫–∞ —Å—ñ–ª—å, –ø–µ—Ä–µ—Ü—å, —Ü–∏–±—É–ª—è, –æ–ª–∏–≤–∫–æ–≤–∞ –æ–ª—ñ—è, –ø–∞–ø—Ä–∏–∫–∞, —Ä–æ–∑–º–∞—Ä–∏–Ω, —á–µ–±—Ä–µ—Ü—å)",600,,"579,00 –≥—Ä–Ω.","0,00 –≥—Ä–Ω.",,
3,"–°–≤–∏–Ω—è—á—ñ —Ä–µ–±—Ä–∞ (—á–µ–±—Ä–µ—Ü—å, —Ä–æ–∑–º–∞—Ä–∏–Ω, –º—ñ–∫—Å –ø–µ—Ä—Ü—ñ–≤, —Å—ñ–ª—å, –æ–ª–∏–≤–∫–æ–≤–∞ –æ–ª—ñ—è)",600,,"495,00 –≥—Ä–Ω.","0,00 –≥—Ä–Ω.",,
4,"–°—Ç–µ–π–∫ —Å–≤–∏–Ω—è—á–∏–π —É –ø–∏–≤—ñ (–ø–∏–≤–æ —Ç–µ–º–Ω–µ, —Å—ñ–ª—å, –ø–µ—Ä–µ—Ü—å, —Ä–æ–∑–º–∞—Ä–∏–Ω, —á–µ–±—Ä–µ—Ü—å, –≤–µ—Ä—à–∫–æ–≤–µ –º–∞—Å–ª–æ)",600,,"566,00 –≥—Ä–Ω.","0,00 –≥—Ä–Ω.",,
5,"–†–µ–±—Ä–∞ —Å–≤–∏–Ω—è—á—ñ –≤ –ø–∏–≤—ñ (–ø–∏–≤–æ —Ç–µ–º–Ω–µ, —Å—ñ–ª—å, –ø–µ—Ä–µ—Ü—å, —Ä–æ–∑–º–∞—Ä–∏–Ω, —á–µ–±—Ä–µ—Ü—å, –≤–µ—Ä—à–∫–æ–≤–µ –º–∞—Å–ª–æ)",600,,"495,00 –≥—Ä–Ω.","0,00 –≥—Ä–Ω.",,
,–Ü–Ω–¥–∏—á–∫–∞ –°—É-–≤—ñ–¥,,,,,,
1,"–§—ñ–ª–µ —ñ–Ω–¥–∏—á–∫–∏ –¢–µ—Ä—ñ—è–∫—ñ (—Å–æ—î–≤–∏–π —Å–æ—É—Å, —Å–æ—É—Å –¢–µ—Ä—ñ—è–∫—ñ, —á–µ–±—Ä–µ—Ü—å, –º—ñ–∫—Å –ø–µ—Ä—Ü—ñ–≤, –æ–ª–∏–≤–∫–æ–≤–∞ –æ–ª—ñ—è, —Ä–æ–∑–º–∞—Ä–∏–Ω)",600,,"599,00 –≥—Ä–Ω.","0,00 –≥—Ä–Ω.",,
2,"–§—ñ–ª–µ —ñ–Ω–¥–∏—á–∫–∏ –§—ñ—Ç–Ω–µ—Å (—á–µ–±—Ä–µ—Ü—å, –ø–µ—Ä–µ—Ü—å, —Å—ñ–ª—å –º–æ—Ä—Å—å–∫–∞, –æ–ª–∏–≤–∫–æ–≤–∞ –æ–ª—ñ—è)",600,,"599,00 –≥—Ä–Ω.","0,00 –≥—Ä–Ω.",,
3,"–§—ñ–ª–µ —ñ–Ω–¥–∏—á–∫–∏ –ö–∞—Ä—Ä—ñ (–ø–∞—Å—Ç–∞ –ö–∞—Ä—Ä—ñ, —ñ–º–±–∏—Ä, –æ–ª–∏–≤–∫–æ–≤–∞ –æ–ª—ñ—è, —Å—ñ–ª—å, –ø–µ—Ä–µ—Ü—å, —Å–æ—î–≤–∏–π —Å–æ—É—Å)",600,,"599,00 –≥—Ä–Ω.","0,00 –≥—Ä–Ω.",,
,–¢–µ–ª—è—Ç–∏–Ω–∞ –°—É-–≤—ñ–¥,,,,,,
1,"–ö–ª–∞—Å–∏—á–Ω–∞ —Ç–µ–ª—è—Ç–∏–Ω–∞ (–û–ª–∏–≤–∫–æ–≤–∞ –æ–ª—ñ—è, —Å—ñ–ª—å, –ø–µ—Ä–µ—Ü—å, —Ä–æ–∑–º–∞—Ä–∏–Ω)",600,,"742,00 –≥—Ä–Ω.","0,00 –≥—Ä–Ω.",,
2,"–°—Ç–µ–π–∫ —ñ–∑ —Ç–µ–ª—è—Ç–∏–Ω–∏ –∫–ª–∞—Å–∏—á–Ω–∏–π (—á–µ–±—Ä–µ—Ü—å, —Ä–æ–∑–º–∞—Ä–∏–Ω, —Å—ñ–ª—å, –ø–µ—Ä–µ—Ü—å, –æ–ª–∏–≤–∫–æ–≤–∞ –æ–ª—ñ—è)",600,,"742,00 –≥—Ä–Ω.","0,00 –≥—Ä–Ω.",,
3,"–¢–µ–ª—è—Ç–∏–Ω–∞ –≥–ª—ñ–Ω—Ç–≤–µ–π–Ω (–≤–∏–Ω–æ, –∫–æ—Ä–∏—Ü—è, –±–∞–¥—å—è–Ω, –∞–ø–µ–ª—å—Å–∏–Ω, —Å—ñ–ª—å, –ø–µ—Ä–µ—Ü—å, –æ–ª–∏–≤–∫–æ–≤–∞ –æ–ª—ñ—è)",600,,"742,00 –≥—Ä–Ω.","0,00 –≥—Ä–Ω.",,
4,"–¢–µ–ª—è—Ç–∏–Ω–∞ –∑ –≥—Ä–µ–π–ø—Ñ—Ä—É—Ç–æ–º (–≥—Ä–µ–π–ø—Ñ—Ä—É—Ç, —Ä–æ–∑–º–∞—Ä–∏–Ω, –º–æ—Ä—Å—å–∫–∞ —Å—ñ–ª—å, –º—ñ–∫—Å –ø–µ—Ä—Ü—é, –æ–ª–∏–≤–∫–æ–≤–∞ –æ–ª—ñ—è)",600,,"742,00 –≥—Ä–Ω.","0,00 –≥—Ä–Ω.",,
,–†–∏–±–∞ –°—É-–≤—ñ–¥,,,,,,
1,"–§—ñ–ª–µ –ª–æ—Å–æ—Å—è —Å—Ç–∞–Ω–¥–∞—Ä—Ç (—Å—ñ–ª—å –º–æ—Ä—Å—å–∫–∞, –ø–µ—Ä–µ—Ü—å, –æ–ª–∏–≤–∫–æ–≤–∞ –æ–ª—ñ—è, —á–µ–±—Ä–µ—Ü—å, –ª–∏–º–æ–Ω",400,,"1¬†169,00 –≥—Ä–Ω.","0,00 –≥—Ä–Ω.",,
2,"–ß–∏–ª—ñ –ª–æ—Å–æ—Å—å (–ø–ª–∞—Å—Ç—ñ–≤—Ü—ñ –ß–∏–ª—ñ, –ø–µ—Ä–µ—Ü—å –ß–∏–ª—ñ, —ñ–º–±–∏—Ä, —Ü—É–∫–æ—Ä, –±—ñ–ª–∏–π –ø–µ—Ä–µ—Ü—å, –æ–ª–∏–≤–∫–æ–≤–∞ –æ–ª—ñ—è, —á–µ–±—Ä–µ—Ü—å)",400,,"1¬†169,00 –≥—Ä–Ω.","0,00 –≥—Ä–Ω.",,üå∂Ô∏è –ü–µ—Ä–µ—Ü—å –≥–æ—Å—Ç—Ä–∏–π  —Ç–∞ –ø—Ä–æ–¥—É–∫—Ç–∏ –∑ –Ω—å–æ–≥–æ
3,"–õ–æ—Å–æ—Å—å –ø–æ-–∞–∑—ñ–∞—Ç—Å—å–∫–∏ (—Å–æ—î–≤–∏–π —Å–æ—É—Å, —á–∞—Å–Ω–∏–∫, —ñ–º–±–∏—Ä, —Ü—É–∫–æ—Ä, –ø–µ—Ä–µ—Ü—å –ß–∏–ª—ñ, –±—ñ–ª–∏–π –ø–µ—Ä–µ—Ü—å —Å—ñ–ª—å, —á–µ–±—Ä–µ—Ü—å)",400,,"1¬†169,00 –≥—Ä–Ω.","0,00 –≥—Ä–Ω.",,"üå∞ –ß–∞—Å–Ω–∏–∫, üå∂Ô∏è –ü–µ—Ä–µ—Ü—å –≥–æ—Å—Ç—Ä–∏–π —Ç–∞ –ø—Ä–æ–¥—É–∫—Ç–∏ –∑ –Ω–∏—Ö"
4,"–ë—ñ–ª–∞ —Ä–∏–±–∞ (—Å—ñ–ª—å, –ª–∏–º–æ–Ω, –æ–ª–∏–≤–∫–æ–≤–∞ –æ–ª—ñ—è, —á–µ–±—Ä–µ—Ü—å, –ø–µ—Ä–µ—Ü—å)",400,,"532,00 –≥—Ä–Ω.","0,00 –≥—Ä–Ω.",,
,–û–≤–æ—á—ñ –°—É-–≤—ñ–¥,,,,,,
1,"–ë—É—Ä—è–∫ (—á–µ–±—Ä–µ—Ü—å, —Å—ñ–ª—å, –ø–µ—Ä–µ—Ü—å, –æ–ª–∏–≤–∫–æ–≤–∞ –æ–ª—ñ—è)",1000,,"432,00 –≥—Ä–Ω.","0,00 –≥—Ä–Ω.",,
2,"–ú–æ—Ä–∫–≤–∞ (—á–µ–±—Ä–µ—Ü—å, —Å—ñ–ª—å, –ø–µ—Ä–µ—Ü—å, –æ–ª–∏–≤–∫–æ–≤–∞ –æ–ª—ñ—è)",1000,,"432,00 –≥—Ä–Ω.","0,00 –≥—Ä–Ω.",,
,–°—É-–≤—ñ–¥ –Ω–∞–±–æ—Ä–∏,,,,,,
1,"–ù–∞–±—ñ—Ä –ø—Ä–æ–¥—É–∫—Ç—ñ–≤ —Å—É-–≤—ñ–¥ –ì—É—Ä–º–∞–Ω: –∫—É—Ä—è—á–µ —Ñ—ñ–ª–µ —á–∏–ª—ñ, —Å–≤–∏–Ω—è—á—ñ —Ä–µ–±—Ä–∞ –≤ –ø–∏–≤—ñ, –¢–æ–º–∞—Ç–æ –∫—É—Ä—è—á–µ —Ñ—ñ–ª–µ, –±—É—Ä—è–∫, –º–æ—Ä–∫–≤–∞",1700,,"1¬†917,00 –≥—Ä–Ω.","0,00 –≥—Ä–Ω.",,"üå∞ –ß–∞—Å–Ω–∏–∫, üå∂Ô∏è –ü–µ—Ä–µ—Ü—å –≥–æ—Å—Ç—Ä–∏–π —Ç–∞ –ø—Ä–æ–¥—É–∫—Ç–∏ –∑ –Ω–∏—Ö"
2,"–ù–∞–±—ñ—Ä –ø—Ä–æ–¥—É–∫—Ç—ñ–≤ —Å—É-–≤—ñ–¥ –í–∏—à—É–∫–∞–Ω–∏–π: –ß–∏–ª—ñ –ª–æ—Å–æ—Å—å, —Å–≤–∏–Ω—è—á—ñ —Ä–µ–±—Ä–∞ –≤ –ø–∏–≤—ñ, –∫—É—Ä—è—á–µ —Å—Ç–µ–≥–Ω–æ —Ç–µ—Ä—ñ—è–∫–∏, –±—É—Ä—è–∫",1700,,"2¬†307,00 –≥—Ä–Ω.","0,00 –≥—Ä–Ω.",,"üå∞ –ß–∞—Å–Ω–∏–∫, üå∂Ô∏è –ü–µ—Ä–µ—Ü—å –≥–æ—Å—Ç—Ä–∏–π —Ç–∞ –ø—Ä–æ–¥—É–∫—Ç–∏ –∑ –Ω–∏—Ö"
3,"–ù–∞–±—ñ—Ä –ø—Ä–æ–¥—É–∫—Ç—ñ–≤ —Å—É-–≤—ñ–¥ –ì—É—Ä–º–∞–Ω-—Ñ—ñ—à: —Ñ—ñ–ª–µ –ª–æ—Å–æ—Å—å —Å—Ç–∞–Ω–¥–∞—Ä—Ç, —á–∏–ª—ñ –ª–æ—Å–æ—Å—å, –±—ñ–ª–∞ —Ä–∏–±–∞, –±—É—Ä—è–∫",1500,,"3¬†089,00 –≥—Ä–Ω.","0,00 –≥—Ä–Ω.",,üå∂Ô∏è –ü–µ—Ä–µ—Ü—å –≥–æ—Å—Ç—Ä–∏–π  —Ç–∞ –ø—Ä–æ–¥—É–∫—Ç–∏ –∑ –Ω—å–æ–≥–æ
,–°—É-–≤—ñ–¥ –ü–û–î–ê–†–£–ù–ö–û–í–Ü –Ω–∞–±–æ—Ä–∏,,,,,,
,–ü–æ–¥–∞—Ä—É–Ω–∫–æ–≤–∏–π –°—É-–í—ñ–¥ –≤–µ–ª–∏–∫–∏–π –≤—ñ–¥ DZYGA-gourmet,,,,,,
1,"–§—ñ—Ç–Ω–µ—Å –∫—É—Ä—è—á–µ —Ñ—ñ–ª–µ (—á–µ–±—Ä–µ—Ü—å, –ø–µ—Ä–µ—Ü—å, —Å—ñ–ª—å –º–æ—Ä—Å—å–∫–∞, –æ–ª–∏–≤–∫–æ–≤–∞ –æ–ª—ñ—è)",300,1,,,,
2,"–°—Ç–µ–≥–Ω–æ –∫—É—Ä—è—á–µ —Ç–µ—Ä—ñ—è–∫–∏ ( —Å–æ—É—Å –¢–µ—Ä—ñ—è–∫–∏, —á–µ–±—Ä–µ—Ü—å, –ø–µ—Ä–µ—Ü—å, —Å—ñ–ª—å –º–æ—Ä—Å—å–∫–∞, –æ–ª–∏–≤–∫–æ–≤–∞ –æ–ª—ñ—è, —á–µ—Å–Ω–æ–∫, —ñ–º–±–∏—Ä)",300,1,,üå∞ –ß–∞—Å–Ω–∏–∫ —Ç–∞ –ø—Ä–æ–¥—É–∫—Ç–∏ –∑ –Ω—å–æ–≥–æ,,
3,"–ö–ª–∞—Å–∏—á–Ω–∞ —Ç–µ–ª—è—Ç–∏–Ω–∞ (–û–ª–∏–≤–∫–æ–≤–∞ –æ–ª—ñ—è, —Å—ñ–ª—å, –ø–µ—Ä–µ—Ü—å, —Ä–æ–∑–º–∞—Ä–∏–Ω)",300,1,,,,
4,"–ë—É—Ä—è–∫ (—á–µ–±—Ä–µ—Ü—å, —Å—ñ–ª—å, –ø–µ—Ä–µ—Ü—å, –æ–ª–∏–≤–∫–æ–≤–∞ –æ–ª—ñ—è)",300,1,,,,
5,"–ú–æ—Ä–∫–≤–∞ (—á–µ–±—Ä–µ—Ü—å, —Å—ñ–ª—å, –ø–µ—Ä–µ—Ü—å, –æ–ª–∏–≤–∫–æ–≤–∞ –æ–ª—ñ—è)",300,1,,,,
,,,,,,,
,–ü–æ–¥–∞—Ä—É–Ω–∫–æ–≤–∏–π –°—É-–í—ñ–¥ –º–∞–ª–∏–π –≤—ñ–¥ DZYGA-gourmet,,,,,,
1,"–§—ñ—Ç–Ω–µ—Å –∫—É—Ä—è—á–µ —Ñ—ñ–ª–µ (—á–µ–±—Ä–µ—Ü—å, –ø–µ—Ä–µ—Ü—å, —Å—ñ–ª—å –º–æ—Ä—Å—å–∫–∞, –æ–ª–∏–≤–∫–æ–≤–∞ –æ–ª—ñ—è)",300,1,,,,
2,"–°—Ç–µ–≥–Ω–æ –∫—É—Ä—è—á–µ —Ç–µ—Ä—ñ—è–∫–∏ ( —Å–æ—É—Å –¢–µ—Ä—ñ—è–∫–∏, —á–µ–±—Ä–µ—Ü—å, –ø–µ—Ä–µ—Ü—å, —Å—ñ–ª—å –º–æ—Ä—Å—å–∫–∞, –æ–ª–∏–≤–∫–æ–≤–∞ –æ–ª—ñ—è, —á–µ—Å–Ω–æ–∫, —ñ–º–±–∏—Ä)",300,1,,üå∞ –ß–∞—Å–Ω–∏–∫ —Ç–∞ –ø—Ä–æ–¥—É–∫—Ç–∏ –∑ –Ω—å–æ–≥–æ,,
3,"–ú–æ—Ä–∫–≤–∞ (—á–µ–±—Ä–µ—Ü—å, —Å—ñ–ª—å, –ø–µ—Ä–µ—Ü—å, –æ–ª–∏–≤–∫–æ–≤–∞ –æ–ª—ñ—è)",300,1,,,,
