,Dzyga-vegan,,,,,,
‚Ññ –ø/–ø,–ù–∞–∑–≤–∞,"–í–∏—Ö—ñ–¥ –Ω–∞ —Å—Ç—ñ–ª, –ø–æ—Ä—Ü—ñ—è/–≤–∞–≥–∞, –≥—Ä.",–ö—ñ–ª-—Å—Ç—å –ø–æ—Ä—Ü—ñ–π,"–¶—ñ–Ω–∞, –≥—Ä–Ω","–°—É–º–∞, –≥—Ä–Ω",,
,–í–µ–≥–µ—Ç–∞—Ä—ñ–∞–Ω—Å—å–∫—ñ —Ö–æ–ª–æ–¥–Ω—ñ –∑–∞–∫—É—Å–∫–∏,,,,,,
1,"–ì—Ä–∏–±–Ω–∏–π –ø–∞—à—Ç–µ—Ç (–ª—ñ—Å–æ–≤—ñ –≥—Ä–∏–±–∏, —Ü–∏–±—É–ª—è —à–∞–ª–æ—Ç, —Ü–∏–±—É–ª—è –ø–æ—Ä–µ–π, –æ–ª–∏–≤–∫–æ–≤–∞ –æ–ª—ñ—è, –≤–µ—Ä—à–∫–æ–≤–µ –º–∞—Å–ª–æ, —Ç–∏–º'—è–Ω, —Ö–µ—Ä–µ—Å)",100,,"231,00 –≥—Ä–Ω.","0,00 –≥—Ä–Ω.",,üå∞ –ß–∞—Å–Ω–∏–∫ —Ç–∞ –ø—Ä–æ–¥—É–∫—Ç–∏ –∑ –Ω—å–æ–≥–æ
2,"–†—É–ª–µ—Ç–∏–∫ –∑ –±–∞–∫–ª–∞–∂–∞–Ω—É –∑ –≥–æ—Ä—ñ—Ö–æ–≤–æ–π –ø–∞—Å—Ç–∏, –∞–¥–∂–∏–∫–∏ —Ç–∞ –∑–µ—Ä–µ–Ω –≥—Ä–∞–Ω–∞—Ç—É  (–õ–∏—Å—Ç—è –∫—ñ–Ω–∑–∏, –±–∞–∫–ª–∞–∂–∞–Ω–∏, –≤–æ–ª–æ—Å—å–∫–∏–π –≥–æ—Ä—ñ—Ö, —á–∞—Å–Ω–∏–∫, –ø–µ—Ç—Ä—É—à–∫–∞, –∞–¥–∂–∏–∫–∞, –≤–µ—Ä—à–∫–æ–≤–µ –º–∞—Å–ª–æ, —Å—ñ–ª—å, –ø–µ—Ä–µ—Ü—å, –∑–µ—Ä–Ω–∞ –≥—Ä–∞–Ω–∞—Ç—É) ",120,,"260,00 –≥—Ä–Ω.","0,00 –≥—Ä–Ω.",,"üå∞ –ß–∞—Å–Ω–∏–∫, ü•ú –ì–æ—Ä—ñ—Ö–∏ —Ç–∞ –ø—Ä–æ–¥—É–∫—Ç–∏ –∑ –Ω–∏—Ö"
3,"–ì—É–∞–∫–∞–º–æ–ª–µ –∑ –ø–æ–º—ñ–¥–æ—Ä–æ–º —Ç–∞ –∫—É–∫—É—Ä—É–¥–∑–æ—é (–ø–æ–º—ñ–¥–æ—Ä, —Ü–∏–±—É–ª—è, –ø–µ—Ä–µ—Ü—å —á—ñ–ª—ñ, –∫—ñ–Ω–∑–∞, –∞–≤–æ–∫–∞–¥–æ, –ª–∞–π–º, —Å—ñ–ª—å,–∫–æ–Ω—Å–µ—Ä–≤–æ–≤–∞–Ω–∞ –∫—É–∫—É—Ä—É–¥–∑–∞, –æ–ª–∏–≤–∫–æ–≤–∞ –æ–ª—ñ—è",100,,"333,00 –≥—Ä–Ω.","0,00 –≥—Ä–Ω.",,"ü•ú –ì–æ—Ä—ñ—Ö–∏, üå∂Ô∏è –ü–µ—Ä–µ—Ü—å –≥–æ—Å—Ç—Ä–∏–π —Ç–∞ –ø—Ä–æ–¥—É–∫—Ç–∏ –∑ –Ω–∏—Ö"
4,"–û–Ω—ñ–≥—ñ—Ä–∞–¥–∑—É ‚Äì —Ä–æ–ª-—Å–µ–Ω–¥–≤—ñ—á (—Ä–∏—Å, –∫–æ–ø—á–µ–Ω–∏–π —Ç–æ—Ñ—É, —Å—ñ–ª—å, —Ä–∏—Å–æ–≤–∏–π –æ—Ü–µ—Ç, –±–æ–ª–≥–∞—Ä—Å—å–∫–∏–π –ø–µ—Ä–µ—Ü—å, –æ–≥—ñ—Ä–æ–∫, —à–ø–∏–Ω–∞—Ç, –ª–∏—Å—Ç –Ω–æ—Ä—ñ)",100,,"138,00 –≥—Ä–Ω.","0,00 –≥—Ä–Ω.",,ü•ú –ì–æ—Ä—ñ—Ö–∏ —Ç–∞ –ø—Ä–æ–¥—É–∫—Ç–∏ –∑ –Ω–∏—Ö
5,"–û–≤–æ—á–µ–≤—ñ —Ä–æ–ª–∏ (—Ä–∏—Å, –æ–≥—ñ—Ä–æ–∫, –ø–æ–º—ñ–¥–æ—Ä, –±–æ–ª–≥–∞—Ä—Å—å–∫–∏–π –ø–µ—Ä–µ—Ü—å, –∫—É–Ω–∂—É—Ç –±—ñ–ª–∏–π,  –Ω–æ—Ä—ñ)",100,,"157,00 –≥—Ä–Ω.","0,00 –≥—Ä–Ω.",,
,–í–µ–≥–∞–Ω—Å—å–∫—ñ —Ö–æ–ª–æ–¥–Ω—ñ –∑–∞–∫—É—Å–∫–∏,,,,,,
1,–í–µ–≥–∞–Ω—Å—å–∫–∏–π —Ä–æ–ª –∑ –Ω–æ—Ä—ñ —Ç–∞ –æ–≤–æ—á–∞–º–∏,220,,"159,00 –≥—Ä–Ω.","0,00 –≥—Ä–Ω.",,
2,–ë–∞–∫–±–æ–ª–∏ –∑ –ø–µ—Ä—Ü–µ–º,130,,"139,00 –≥—Ä–Ω.","0,00 –≥—Ä–Ω.",,"üå∞ –ß–∞—Å–Ω–∏–∫, ü•ú –ì–æ—Ä—ñ—Ö–∏ —Ç–∞ –ø—Ä–æ–¥—É–∫—Ç–∏ –∑ –Ω–∏—Ö"
,–°–∞–ª–∞—Ç–∏,,,,,,
1,"–°–∞–ª–∞—Ç –∑ —Ç–æ–º–∞—Ç—ñ–≤ —Ç–∞ –∞–≤–æ–∫–∞–¥–æ (–∞–≤–æ–∫–∞–¥–æ, –ø–æ–º—ñ–¥–æ—Ä —á–µ—Ä—ñ, —Ü–∏–±—É–ª—è, –ª–∏–º–æ–Ω–Ω–∏–π —Å—ñ–∫, –æ–ª–∏–≤–∫–æ–≤–∞ –æ–ª—ñ—è, –ª–∏—Å—Ç–∫–∏ —Å–∞–ª–∞—Ç—É)",200,,"333,00 –≥—Ä–Ω.","0,00 –≥—Ä–Ω.",,
2,–°–∞–ª–∞—Ç –∑ –º–æ–ª–æ–¥–æ—ó –∫–∞–ø—É—Å—Ç–∏ —Ç–∞ –æ–≥—ñ—Ä–∫–∞,150,,"101,00 –≥—Ä–Ω.","0,00 –≥—Ä–Ω.",,
3,"–ë–æ—É–ª –∑ –∫—ñ–Ω–æ–∞ (–∫—ñ–Ω–æ–∞, –æ–≥—ñ—Ä–∫–∏, —Ç–æ–º–∞—Ç–∏ —á–µ—Ä—Ä—ñ, —Ü–≤—ñ—Ç–Ω–∞ –∫–∞–ø—É—Å—Ç–∞, —á–µ—Ä–≤–æ–Ω–∞ –∫–≤–∞—Å–æ–ª—è, –∫—É–∫—É—Ä—É–¥–∑–∞, –º–æ—Ä–∫–≤–∞, –∞–≤–æ–∫–∞–¥–æ, –∫—É—Ä–∫—É–º–∞, –æ–ª–∏–≤–∫–æ–≤–∞ –æ–ª—ñ—è, —Å—ñ–∫ –ª–∏–º–æ–Ω—É, –∫—ñ–Ω–∑–∞)",200,,"402,00 –≥—Ä–Ω.","0,00 –≥—Ä–Ω.",,
4,–°–∞–ª–∞—Ç —ñ–∑ –∑–∞–ø–µ—á–µ–Ω–æ—é —Å–µ–ª–µ—Ä–æ—é —Ç–∞ —è–±–ª—É–∫–æ–º,80,,"153,00 –≥—Ä–Ω.","0,00 –≥—Ä–Ω.",,
5,"–°–∞–ª–∞—Ç ""–í–µ–≥–∞–Ω"": –ø–æ–º—ñ–¥–æ—Ä —Ä–æ–∂–µ–≤–∏–π, –ø–æ–º—ñ–¥–æ—Ä –∂–æ–≤—Ç–∏–π, –∫–≤–∞—Å–æ–ª—è —Å—Ç—Ä—É—á–∫–æ–≤–∞, —Å–∞–ª–∞—Ç –ê–π–∑–±–µ—Ä–≥, –ø–µ—Ç—Ä—É—à–∫–∞ —Å–≤—ñ–∂–∞, –∫—ñ–Ω–æ–∞, –æ–ª—ñ—è –æ–ª–∏–≤–∫–æ–≤–∞, —Å–æ—É—Å —Å–æ—î–≤–∏–π",75,,"109,00 –≥—Ä–Ω.","0,00 –≥—Ä–Ω.",,
,–ü–µ—Ä—à—ñ —Å—Ç—Ä–∞–≤–∏,,,,,,
1,"–ì—Ä–∏–±–Ω–∏–π —Å—É–ø-–ø—é—Ä–µ (–ø–µ—á–µ—Ä–∏—Ü—ñ, –∫–∞—Ä—Ç–æ–ø–ª—è, —Ü–∏–±—É–ª—è, –º–æ—Ä–∫–≤–∞, –≤–µ–≥–∞–Ω –≤–µ—Ä—à–∫–∏, —Å—ñ–ª—å/–ø–µ—Ä–µ—Ü—å, –æ–ª—ñ—è)",250,,"146,00 –≥—Ä–Ω.","0,00 –≥—Ä–Ω.",,
2,"–ë–æ—Ä—â –∑ –∫–≤–∞—Å–æ–ª–µ—é –º–∞—à (–º–∞—à, –∫–∞—Ä—Ç–æ–ø–ª—è, –∫–∞–ø—É—Å—Ç–∞, –±—É—Ä—è–∫, –º–æ—Ä–∫–≤–∞, –ø–∞—Å—Ç–∞ —Ç–æ–º–∞—Ç–Ω–∞, –º–∞—Å–ª–æ –≥—ñ—Ä—á–∏—á–Ω–µ, –∫—É—Ä–∫—É–º–∞, –ø–∞–ø—Ä–∏–∫–∞, –∫–æ—Ä—ñ–Ω—å —ñ–º–±–∏—Ä—É –º–µ–ª–µ–Ω–∏–π, —Ö–º–µ–ª—ñ-—Å—É–Ω–µ–ª—ñ, —Å—ñ–ª—å, –ø–µ—Ä–µ—Ü—å)",250,,"185,00 –≥—Ä–Ω.","0,00 –≥—Ä–Ω.",,
3,"–∫—Ä–µ–º-—Å—É–ø —ñ–∑ –±—Ä–æ–∫–æ–ª—ñ (–±—Ä–æ–∫–æ–ª—ñ, —Ü–∏–±—É–ª—è, –∫–∞—Ä—Ç–æ–ø–ª—è, —á–∞—Å–Ω–∏–∫, —Å—ñ–ª—å, –ø–µ—Ä–µ—Ü—å, –≤–µ–≥–∞–Ω –≤–µ—Ä—à–∫–∏)",250,,"168,00 –≥—Ä–Ω.","0,00 –≥—Ä–Ω.",,üå∞ –ß–∞—Å–Ω–∏–∫ —Ç–∞ –ø—Ä–æ–¥—É–∫—Ç–∏ –∑ –Ω—å–æ–≥–æ
4,"–æ–≤–æ—á–µ–≤–∏–π –∫—Ä–µ–º-—Å—É–ø (–±—Ä–æ–∫–æ–ª—ñ, –≥–æ—Ä–æ—à–æ–∫, –ø–µ—á–µ—Ä–∏—Ü—ñ, —Ü–∏–±—É–ª—è –ø–æ—Ä–µ–π, –º–æ—Ä–∫–≤–∞, –∫–∞—Ä—Ç–æ–ø–ª—è, —Å—ñ–ª—å, –ø–µ—Ä–µ—Ü—å, –∑–µ–ª–µ–Ω—å, –≤–µ–≥–∞–Ω –≤–µ—Ä—à–∫–∏)",250,,"168,00 –≥—Ä–Ω.","0,00 –≥—Ä–Ω.",,
5,"–°—É–ø —ñ–∑ –∑–µ–ª–µ–Ω–æ—é —Å–æ—á–µ–≤–∏—Ü–µ—é (–∑–µ–ª–µ–Ω–∞ —á–µ—á–µ–≤–∏—Ü—è, —Ü–∏–±—É–ª—è, –±–æ–ª–≥–∞—Ä—Å—å–∫–∏–π –ø–µ—Ä–µ—Ü—å, —Ç–æ–º–∞—Ç–Ω–∞ –ø–∞—Å—Ç–∞, —á–∞—Å–Ω–∏–∫, –∫–æ—Ä—ñ–Ω—å —Å–µ–ª–µ—Ä–∏, –ø–µ—Ç—Ä—É—à–∫–∞, –æ—Ä–µ–≥–∞–Ω–æ, –∫—É—Ä–∫—É–º–∞, –ª–∞–≤—Ä–æ–≤–∏–π –ª–∏—Å—Ç, –ø–µ—Ä–µ—Ü—å, —Å—ñ–ª—å, –º–∞—Å–ª–æ)",250,,"139,00 –≥—Ä–Ω.","0,00 –≥—Ä–Ω.",,üå∞ –ß–∞—Å–Ω–∏–∫ —Ç–∞ –ø—Ä–æ–¥—É–∫—Ç–∏ –∑ –Ω—å–æ–≥–æ
6,"–°—É–ø-–ø—é—Ä–µ –∑ –∫–æ—Ä–µ–Ω—è —Å–µ–ª–µ—Ä–∏ –∑ —ñ–º–±–∏—Ä–æ–º (–∫–æ—Ä—ñ–Ω—å —Å–µ–ª–µ—Ä–∏, —Ü–≤—ñ—Ç–Ω–∞ –∫–∞–ø—É—Å—Ç–∞, —Ü–∏–±—É–ª—è, —ñ–º–±–∏—Ä, –ª–∞–≤—Ä–æ–≤–∏–π –ª–∏—Å—Ç, –º–æ–ª–æ–∫–æ —Ä–æ—Å–ª–∏–Ω–Ω–µ, —Å—ñ–ª—å)",250,,"202,00 –≥—Ä–Ω.","0,00 –≥—Ä–Ω.",,
,–ì–∞—Ä–Ω—ñ—Ä–∏,,,,,,
1,–ù—É—Ç–æ–≤–µ –ø—é—Ä–µ,150,,"166,00 –≥—Ä–Ω.","0,00 –≥—Ä–Ω.",,
2,–ü–∞–∫–æ—Ä–∞ –∑ —Ü–≤—ñ—Ç–Ω–æ—ó –∫–∞–ø—É—Å—Ç–∏,150,,"220,00 –≥—Ä–Ω.","0,00 –≥—Ä–Ω.",,
3,–ó–∞–ø–µ—á–µ–Ω–∞ –∫–∞—Ä—Ç–æ–ø–ª—è –∑ –≥—Ä–∏–±–∞–º–∏,150,,"147,00 –≥—Ä–Ω.","0,00 –≥—Ä–Ω.",,üå∞ –ß–∞—Å–Ω–∏–∫ —Ç–∞ –ø—Ä–æ–¥—É–∫—Ç–∏ –∑ –Ω—å–æ–≥–æ
4,–†–∞—Ç–∞—Ç—É–π,200,,"241,00 –≥—Ä–Ω.","0,00 –≥—Ä–Ω.",,üå∞ –ß–∞—Å–Ω–∏–∫ —Ç–∞ –ø—Ä–æ–¥—É–∫—Ç–∏ –∑ –Ω—å–æ–≥–æ
5,–ö—É—Å–∫—É—Å —ñ–∑ –≥—Ä–∏–±–∞–º–∏,150,,"131,00 –≥—Ä–Ω.","0,00 –≥—Ä–Ω.",,üå∞ –ß–∞—Å–Ω–∏–∫ —Ç–∞ –ø—Ä–æ–¥—É–∫—Ç–∏ –∑ –Ω—å–æ–≥–æ
,–ì–∞—Ä—è—á—ñ —Å—Ç—Ä–∞–≤–∏,,,,,,
1,–¶–∏–±—É–ª–µ–≤—ñ –∫—ñ–ª—å—Ü—è,100,,"146,00 –≥—Ä–Ω.","0,00 –≥—Ä–Ω.",,
