,–í–∏–ø—ñ—á–∫–∞ —Ç–∞ –¥–æ–ø–æ–≤–Ω–µ–Ω–Ω—è,,,,,,
‚Ññ –ø/–ø,–ù–∞–∑–≤–∞,"–í–∏—Ö—ñ–¥ –Ω–∞ —Å—Ç—ñ–ª, –ø–æ—Ä—Ü—ñ—è/–≤–∞–≥–∞, –≥—Ä.",–ö—ñ–ª-—Å—Ç—å –ø–æ—Ä—Ü—ñ–π,"–¶—ñ–Ω–∞, –≥—Ä–Ω","–°—É–º–∞, –≥—Ä–Ω",,
,,,,,,üïì —à–≤–∏–¥–∫–æ –≤—Ç—Ä–∞—á–∞—î —Å–≤—ñ–π —Å–º–∞–∫/–≤–∏–≥–ª—è–¥ ,
,"–í–∏–ø—ñ—á–∫–∞, –ø–æ–∑–∏—Ü—ñ—ó –∑ –±–æ—Ä–æ—à–Ω–∞",,,,,,
1,–ú—ñ–Ω—ñ –ø–∏—Ä—ñ–∂–∫–∏ –∑ –º'—è—Å–æ–º,50,,"60,00 –≥—Ä–Ω.","0,00 –≥—Ä–Ω.",,
2,–ú—ñ–Ω—ñ –ø–∏—Ä—ñ–∂–∫–∏ –∑ –∫–∞–ø—É—Å—Ç–æ—é,50,,"55,00 –≥—Ä–Ω.","0,00 –≥—Ä–Ω.",,
3,–ú—ñ–Ω—ñ –ø–∏—Ä—ñ–∂–∫–∏ –∑ –≥—Ä–∏–±–∞–º–∏,50,,"55,00 –≥—Ä–Ω.","0,00 –≥—Ä–Ω.",,
4,–ú—ñ–Ω—ñ –ø–∏—Ä—ñ–∂–∫–∏ —Å–æ–ª–æ–¥–∫—ñ –∞—Å–æ—Ä—Ç—ñ,50,,"55,00 –≥—Ä–Ω.","0,00 –≥—Ä–Ω.",,
5,–°–ª–æ–π–æ–Ω—ñ —Ä–æ–≥–∞–ª–∏–∫–∏ –∑ –Ω–∞—á–∏–Ω–∫–æ—é –∑ —Å–∏—Ä—É —Ç–∞ —à–∏–Ω–∫–∏.,40,,"48,00 –≥—Ä–Ω.","0,00 –≥—Ä–Ω.",,
6,–°–ª–æ–π–∫–∞ –∑ —è–±–ª—É–∫–∞–º–∏ —Ç–∞ –∫–æ—Ä–∏—Ü–µ—é,75,,"45,00 –≥—Ä–Ω.","0,00 –≥—Ä–Ω.",,
7,–°–ª–æ–π–∫–∞ –∑ —è–≥—ñ–¥–Ω–∏–º –¥–∂–µ–º–æ–º,90,,"56,00 –≥—Ä–Ω.","0,00 –≥—Ä–Ω.",,
8,–ó–∞–ø—ñ–∫–∞–Ω–∫–∞ —Å–∏—Ä–Ω–∞ –∑ —Ä–æ–¥–∑–∏–Ω–∫–∞–º–∏ —Ç–∞ —Å–º–µ—Ç–∞–Ω–æ—é,150/50,,"105,00 –≥—Ä–Ω.","0,00 –≥—Ä–Ω.",,
8,–°–∏—Ä–Ω–∏–∫–∏ –∑—ñ —Å–º–µ—Ç–∞–Ω–æ—é,150/50,,"105,00 –≥—Ä–Ω.","0,00 –≥—Ä–Ω.",,
,–ú–ª–∏–Ω—Ü—ñ,,,,,,
1,–ú–ª–∏–Ω–µ—Ü—å –∑ —Ç–≤–æ—Ä–æ–≥–æ–º —Ç–∞ —ñ–∑—é–º–æ–º,40/30,,"33,00 –≥—Ä–Ω.","0,00 –≥—Ä–Ω.",,
2,–ú–ª–∏–Ω–µ—Ü—å –∑ –∫—É—Ä–∫–æ—é —Ç–∞ –≥—Ä–∏–±–∞–º–∏,40/30,,"39,00 –≥—Ä–Ω.","0,00 –≥—Ä–Ω.",,
3,–ú–ª–∏–Ω—Ü—ñ –∑ —è–±–ª—É–∫–∞–º–∏,150,,"41,00 –≥—Ä–Ω.","0,00 –≥—Ä–Ω.",,
,–ü–æ—Ä—Ü—ñ–π–Ω—ñ –¥–µ—Å–µ—Ä—Ç–∏,,,,,,
1,–ü–∞–Ω–∞ –ö–æ—Ç–∞ –∑ —Ç–æ–ø—ñ–Ω–≥–æ–º (—à–æ–∫–æ–ª–∞–¥–Ω–∏–π),100,,"70,00 –≥—Ä–Ω.","0,00 –≥—Ä–Ω.",,üïì –ó–º—ñ–Ω—é—î –∑–æ–≤–Ω—ñ—à–Ω—ñ–π –≤–∏–≥–ª—è–¥
2,–ü–∞–Ω–∞ –ö–æ—Ç–∞ –∑ —Ç–æ–ø—ñ–Ω–≥–æ–º (–∫–∞—Ä–∞–º–µ–ª—å–Ω–∏–π),100,,"70,00 –≥—Ä–Ω.","0,00 –≥—Ä–Ω.",,üïì –ó–º—ñ–Ω—é—î –∑–æ–≤–Ω—ñ—à–Ω—ñ–π –≤–∏–≥–ª—è–¥
3,–ü–∞–Ω–∞ –ö–æ—Ç–∞ –∑ —Ç–æ–ø—ñ–Ω–≥–æ–º (—è–≥—ñ–¥–Ω–∏–π),100,,"70,00 –≥—Ä–Ω.","0,00 –≥—Ä–Ω.",,üïì –ó–º—ñ–Ω—é—î –∑–æ–≤–Ω—ñ—à–Ω—ñ–π –≤–∏–≥–ª—è–¥
4,–ß—ñ–∞ –ø—É–¥–∏–Ω–≥ –∑ –≥—Ä–∞–Ω–æ–ª–æ—é —Ç–∞ —è–≥—ñ–¥–Ω–∏–º –¥–∂–µ–º–æ–º,100,,"87,00 –≥—Ä–Ω.","0,00 –≥—Ä–Ω.",,üçØ –ú–µ–¥ —Ç–∞ –ø—Ä–æ–¥—É–∫—Ç–∏ –∑ –Ω—å–æ–≥–æ
5,–ü–∞–Ω–∞-–∫–æ—Ç–∞ —ñ–∑ –∂–µ–ª–µ –∑ –º–∞–Ω–≥–æ,100,,"74,00 –≥—Ä–Ω.","0,00 –≥—Ä–Ω.",,üïì –ó–º—ñ–Ω—é—î –∑–æ–≤–Ω—ñ—à–Ω—ñ–π –≤–∏–≥–ª—è–¥
6,–®–æ–∫–æ–ª–∞–¥–Ω–æ-–±–∞–Ω–∞–Ω–æ–≤–∏–π —á—ñ–∑–∫–µ–π–∫ —ñ–∑ –º–∏–≥–¥–∞–ª—å–Ω–∏–º–∏ –ø–ª–∞—Å—Ç—ñ–≤—Ü—è–º–∏,100,,"95,00 –≥—Ä–Ω.","0,00 –≥—Ä–Ω.",,ü•ú –ì–æ—Ä—ñ—Ö–∏ —Ç–∞ –ø—Ä–æ–¥—É–∫—Ç–∏ –∑ –Ω–∏—Ö
7,–°–∏—Ä–Ω–∏–π –º—É—Å –∑ –≥—Ä—É—à–µ—é —Ç–∞ —Å–∏—Ä–æ–º –î–æ—Ä–±–ª—é,100,,"248,00 –≥—Ä–Ω.","0,00 –≥—Ä–Ω.",,üïì –ó–º—ñ–Ω—é—î –∑–æ–≤–Ω—ñ—à–Ω—ñ–π –≤–∏–≥–ª—è–¥
8,–Ø–±–ª—É—á–Ω–∏–π –º—É—Å —ñ–∑ –≤–µ—Ä—à–∫–∞–º–∏,100,,"102,00 –≥—Ä–Ω.","0,00 –≥—Ä–Ω.",,ü•ú –ì–æ—Ä—ñ—Ö–∏ —Ç–∞ –ø—Ä–æ–¥—É–∫—Ç–∏ –∑ –Ω–∏—Ö
9,–°–∏—Ä–Ω–æ-–º–∞–ª–∏–Ω–æ–≤–∏–π –º—É—Å,100,,"104,00 –≥—Ä–Ω.","0,00 –≥—Ä–Ω.",,
10,–®–æ–∫–æ–ª–∞–¥–Ω–∏–π —á—ñ–∑–∫–µ–π–∫,100,,"138,00 –≥—Ä–Ω.","0,00 –≥—Ä–Ω.",,
11,–ö–ª–∞—Å–∏—á–Ω–∏–π —Ç–∏—Ä–∞–º—ñ—Å—É,100,,"142,00 –≥—Ä–Ω.","0,00 –≥—Ä–Ω.",,üïì –ó–º—ñ–Ω—é—î –∑–æ–≤–Ω—ñ—à–Ω—ñ–π –≤–∏–≥–ª—è–¥
12,–î–µ—Å–µ—Ä—Ç —Ç–≤–æ—Ä–æ–∂–Ω–æ-—Ñ—Ä—É–∫—Ç–æ–≤–∏–π,100,,"140,00 –≥—Ä–Ω.","0,00 –≥—Ä–Ω.",,
,–¢–æ—Ä—Ç–∏–∫–∏ —Å—Ç–∞–≤–∏–º–æ –∫—ñ–ª—å–∫—ñ—Å—Ç—é –≤—ñ–¥ 14 –ø–æ—Ä—Ü—ñ–π (–Ω–µ –º–µ–Ω—à–µ),,,,,,
13,–¢–æ—Ä—Ç–∏–∫ –º—ñ–Ω—ñ-–º–µ–¥–æ–≤–∏–∫,50,,"57,00 –≥—Ä–Ω.","0,00 –≥—Ä–Ω.",,
14,–¢–æ—Ä—Ç–∏–∫ –º—ñ–Ω—ñ-–Ω–∞–ø–æ–ª–µ–æ–Ω,50,,"57,00 –≥—Ä–Ω.","0,00 –≥—Ä–Ω.",,
,"–î–µ—Å–µ—Ä—Ç–∏ (–º–∞—Ñ—ñ–Ω–∏) - –∫—ñ–ª—å–∫—ñ—Å—Ç—å –∫—Ä–∞—Ç–Ω–∞ 20; –∑–∞–º–æ–≤–ª–µ–Ω–Ω—è –Ω–µ –ø—ñ–∑–Ω—ñ—à–µ –Ω—ñ–∂ –∑–∞ –¥–≤–∞ –¥–Ω—ñ –¥–æ –¥–∞—Ç–∏ –∑–∞—Ö–æ–¥—É, –¥–æ 15:00!!!!",,,,,,
1,–ú–∞—Ñ—ñ–Ω–∏ –≤ –∞—Å–æ—Ä—Ç–∏–º–µ–Ω—Ç—ñ 1 (–∑ —à–æ–∫–æ–ª–∞–¥–Ω–æ—é –Ω–∞—á–∏–Ω–∫–æ—é;–Ω–∞—á–∏–Ω–∫–æ—é –¢—ñ—Ä–∞–º—ñ—Å—É; –≥–æ—Ä—ñ—Ö–æ–≤–æ—é –Ω–∞—á–∏–Ω–∫–æ—é; –∑–≥—É—â–µ–Ω–∏–º –º–æ–ª–æ–∫–æ–º),80,,"50,00 –≥—Ä–Ω.","0,00 –≥—Ä–Ω.",,
2,"–ú–∞—Ñ—ñ–Ω–∏ –≤ –∞—Å–æ—Ä—Ç–∏–º–µ–Ω—Ç—ñ 2 (–∑ –≤–µ—Ä—à–∫–æ–≤–æ—é –Ω–∞—á–∏–Ω–∫–æ—é; –Ω–∞—á–∏–Ω–∫–æ—é –õ–∞—Ç—Ç–µ —Ç–∞ –º–∞—Ä—à–º–µ–ª–æ—É; –∫–æ–∫–æ—Å–æ–≤–æ—é –Ω–∞—á–∏–Ω–∫–æ—é, —à–æ–∫–æ–ª–∞–¥–Ω–æ-–±–∞–Ω–∞–Ω–æ–≤–æ—é –Ω–∞—á–∏–Ω–∫–æ—é)",80,,"50,00 –≥—Ä–Ω.","0,00 –≥—Ä–Ω.",,
,–î–µ—Å–µ—Ä—Ç–∏ (–µ–∫–ª–µ—Ä–∏ –¥–æ–≤–≥—ñ) - –∫—ñ–ª—å–∫—ñ—Å—Ç—å –∫—Ä–∞—Ç–Ω–∞ 12,,,,,,
1,–ï–∫–ª–µ—Ä–∏ –≤ –∞—Å–æ—Ä—Ç–∏–º–µ–Ω—Ç—ñ (–Ω–∞—á–∏–Ω–∫–∞ –º–∞–Ω–≥–æ; —Ñ—ñ—Å—Ç–∞—à–∫–∞; –∫—Ä–µ–º –±—Ä—é–ª–µ; —Å–æ–ª–æ–Ω–∞ –∫–∞—Ä–∞–º–µ–ª—å; —Ä–∞—Ñ–∞–µ–ª–ª–æ; –∑–∞–≤–∞—Ä–Ω–∏–π –∫—Ä–µ–º;–º–∞—Å–ª—è–Ω–∏–π –∫—Ä–µ–º),40,,"40,00 –≥—Ä–Ω.","0,00 –≥—Ä–Ω.",,
,–î–µ—Å–µ—Ä—Ç–∏ –Ω–∞ –∫–∞–≤–∞-–±—Ä–µ–π–∫,,,,,,
1,–ü—Ä–æ—Ñ—ñ—Ç—Ä–æ–ª—ñ –∑—ñ –∑–≥—É—â–µ–Ω–∏–º –º–æ–ª–æ–∫–æ–º,100,,"53,00 –≥—Ä–Ω.","0,00 –≥—Ä–Ω.",,
2,–ü—Ä–æ—Ñ—ñ—Ç—Ä–æ–ª—ñ —ñ–∑ –∑–∞–≤–∞—Ä–Ω–∏–º –∫—Ä–µ–º–æ–º,100,,"53,00 –≥—Ä–Ω.","0,00 –≥—Ä–Ω.",,
3,–ö—Ä—É–∞—Å–∞–Ω –∑ —à–æ–∫–æ–ª–∞–¥–Ω–æ—é –Ω–∞—á–∏–Ω–∫–æ—é,100,,"66,00 –≥—Ä–Ω.","0,00 –≥—Ä–Ω.",,
4,–ú–∞—Ñ—ñ–Ω —à–æ–∫–æ–ª–∞–¥–Ω–æ-—Å–∏—Ä–Ω–∏–π,60,,"54,00 –≥—Ä–Ω.","0,00 –≥—Ä–Ω.",,
5,–ú–∞—Ñ—ñ–Ω —à–æ–∫–æ–ª–∞–¥–Ω–∏–π,60,,"34,00 –≥—Ä–Ω.","0,00 –≥—Ä–Ω.",,
6,–ú–∞—Ñ—ñ–Ω –≤–∞–Ω—ñ–ª—å–Ω–∏–π,60,,"34,00 –≥—Ä–Ω.","0,00 –≥—Ä–Ω.",,
7,–¢–∞—Ä—Ç–∞–ª–µ—Ç–∫–∞ –∑ —Å–µ–∑–æ–Ω–Ω–∏–º–∏ —Ñ—Ä—É–∫—Ç–∞–º–∏,60,,"66,00 –≥—Ä–Ω.","0,00 –≥—Ä–Ω.",,üïì –ó–º—ñ–Ω—é—î –∑–æ–≤–Ω—ñ—à–Ω—ñ–π –≤–∏–≥–ª—è–¥
8,–ö—Ä—É–∞—Å–∞–Ω –∑ –º–∏–≥–¥–∞–ª—å–Ω–æ—é –Ω–∞—á–∏–Ω–∫–æ—é,100,,"75,00 –≥—Ä–Ω.","0,00 –≥—Ä–Ω.",,
9,–ú–∞–∫–∞—Ä—É–Ω–∏,35,,"59,00 –≥—Ä–Ω.","0,00 –≥—Ä–Ω.",,
10,"–ü–µ—á–∏–≤–æ ""–≥–æ—Ä—ñ—à–∫–∏""",100,,"75,00 –≥—Ä–Ω.","0,00 –≥—Ä–Ω.",,
11,–ó–µ—Ñ—ñ—Ä –≤ –∞—Å–æ—Ä—Ç–∏–º–µ–Ω—Ç—ñ,50,,"54,00 –≥—Ä–Ω.","0,00 –≥—Ä–Ω.",,
12,–ü–µ—á–∏–≤–æ –≤ –∞—Å–æ—Ä—Ç–∏–º–µ–Ω—Ç—ñ,100,,"42,00 –≥—Ä–Ω.","0,00 –≥—Ä–Ω.",,
13,"–í–∞–∑–∞ ""–§—Ä—É–∫—Ç–æ–≤–∞"" —Å–µ–∑–æ–Ω–Ω–∞",1000,,"548,00 –≥—Ä–Ω.","0,00 –≥—Ä–Ω.",,
,–î–µ—Å–µ—Ä—Ç–∏ (–ù–ê –ö–ï–ô–¢–ï–†–Ü–ù–ì –¢–ê –î–û–°–¢–ê–í–ö–£ –ì–û–¢–û–í–ò–• –°–¢–†–ê–í),,,,,,
1,–¢–∞—Ä—Ç –≤–∞–Ω—ñ–ª—å–Ω–∏–π,50,,"77,00 –≥—Ä–Ω.","0,00 –≥—Ä–Ω.",,
2,–¢–∞—Ä—Ç –∑ —à–æ–∫–æ–ª–∞–¥–æ–º,50,,"79,00 –≥—Ä–Ω.","0,00 –≥—Ä–Ω.",,
3,–¢–∞—Ä—Ç –∑ –≤–∏—à–Ω–µ—é,50,,"69,00 –≥—Ä–Ω.","0,00 –≥—Ä–Ω.",,
,–î–µ—Å–µ—Ä—Ç–∏ –õ–ò–®–ï –ë–û–ö–°–ò (–∑ –õ–µ–±–µ–¥–∏–Ω—Å—å–∫–æ—ó),,,,,,
1,–¢–∞—Ä—Ç –∑ –≤–∞–Ω—ñ–ª—å–Ω–∏–º –º—É—Å–æ–º,45,,"71,00 –≥—Ä–Ω.","0,00 –≥—Ä–Ω.",,
2,–¢–∞—Ä—Ç –∑ –≤–∏—à–Ω–µ–≤–∏–º –º—É—Å–æ–º,50,,"78,00 –≥—Ä–Ω.","0,00 –≥—Ä–Ω.",,
3,–¢–∞—Ä—Ç –∑ –∫–∞—Ä–∞–º–µ–ª—å–Ω–∏–º –º—É—Å–æ–º,50,,"71,00 –≥—Ä–Ω.","0,00 –≥—Ä–Ω.",,
,–î–æ–¥–∞—Ç–∫–æ–≤–æ,,,,,,
1,–õ–∏–º–æ–Ω,10,,"9,00 –≥—Ä–Ω.","0,00 –≥—Ä–Ω.",,
2,"–•–ª—ñ–±–Ω–∏–π –∫–æ—à–∏–∫: —Ö–ª—ñ–± –∑–µ—Ä–Ω–æ–≤–∏–π, –±–∞–≥–µ—Ç –≥—Ä–µ—á–∞–Ω–∏–π, —Ö–ª—ñ–± –ø—à–µ–Ω–∏—á–Ω–∏–π –Ω–∞ –∑–∞–∫–≤–∞—Å—Ü—ñ",200,,"120,00 –≥—Ä–Ω.","0,00 –≥—Ä–Ω.",,
3,"–•–ª—ñ–±–Ω–∏–π –∫–æ—à–∏–∫: –ª–∞–≤–∞—à –≥—Ä—É–∑–∏–Ω—Å—å–∫–∏–π, —Ñ—Ä–∞–Ω—Ü—É–∑—å–∫–∏–π –±–∞–≥–µ—Ç, —Ö–ª—ñ–± –±–æ—Ä–æ–¥–∏–Ω—Å—å–∫–∏–π",100,,"45,00 –≥—Ä–Ω.","0,00 –≥—Ä–Ω.",,
4,–•–ª—ñ–± —É–∫—Ä–∞—ó–Ω—Å—å–∫–∏–π —Ç–∞ –±–∞—Ç–æ–Ω –Ω–∞—Ä—ñ–∑–Ω–∏–π,500,,"63,00 –≥—Ä–Ω.","0,00 –≥—Ä–Ω.",,
5,–ß–∞–π –ø–∞–∫–µ—Ç–æ–≤–∞–Ω–∏–π –≤ –∞—Å–æ—Ä—Ç–∏–º–µ–Ω—Ç—ñ –∑ –ª–∏–º–æ–Ω–æ–º,200,,"40,00 –≥—Ä–Ω.","0,00 –≥—Ä–Ω.",,
6,"–ß–∞–π –∫–æ–Ω—Ü–µ–Ω—Ç—Ä–∞—Ç –≤ –∞—Å–æ—Ä—Ç–∏–º–µ–Ω—Ç—ñ (–æ–±–ª—ñ–ø–∏—Ö–∞, –º–∞–ª–∏–Ω–∞ , —ñ–º–±–∏—Ä)",50,,"27,00 –≥—Ä–Ω.","0,00 –≥—Ä–Ω.",,
7,–ß–∞–π –∑–∞–≤–∞—Ä–Ω–∏–π –≤ –∞—Å–æ—Ä—Ç–∏–º–µ–Ω—Ç—ñ –∑ –ª–∏–º–æ–Ω–æ–º,200,,"71,00 –≥—Ä–Ω.","0,00 –≥—Ä–Ω.",,
8,–†–æ–∑—á–∏–Ω–Ω–∞ –∫–∞–≤–∞ –∑ –≤–µ—Ä—à–∫–∞–º–∏ –∞–±–æ –º–æ–ª–æ–∫–æ–º,200,,"29,00 –≥—Ä–Ω.","0,00 –≥—Ä–Ω.",,
9,–ó–∞–≤–∞—Ä–Ω–∞ –∫–∞–≤–∞ –∑ –≤–µ—Ä—à–∫–∞–º–∏ –∞–±–æ –º–æ–ª–æ–∫–æ–º,200,,"31,00 –≥—Ä–Ω.","0,00 –≥—Ä–Ω.",,
10,–ö–∞–≤–∞ –Ω–∞—Ç—É—Ä–∞–ª—å–Ω–∞ –∑ –≤–µ—Ä—à–∫–∞–º–∏ –∞–±–æ –º–æ–ª–æ–∫–æ–º,50 - 150,,"44,00 –≥—Ä–Ω.","0,00 –≥—Ä–Ω.",,
11,–°—ñ–∫ –≤ –∞—Å–æ—Ä—Ç–∏–º–µ–Ω—Ç—ñ,950,,"94,00 –≥—Ä–Ω.","0,00 –≥—Ä–Ω.",,
12,–°—ñ–∫ –≤ –∞—Å–æ—Ä—Ç–∏–º–µ–Ω—Ç—ñ (—ñ–Ω–¥–∏–≤—ñ–¥—É–∞–ª—å–Ω–∞ —É–ø–∞–∫–æ–≤–∫–∞),200,,"49,00 –≥—Ä–Ω.","0,00 –≥—Ä–Ω.",,
13,–í–æ–¥–∞ –ú–æ—Ä—à–∏–Ω—Å—å–∫–∞ –Ω–µ–≥–∞–∑–æ–≤–∞–Ω–∞,500,,"34,00 –≥—Ä–Ω.","0,00 –≥—Ä–Ω.",,
14,VODA ua –Ω–µ–≥–∞–∑–æ–≤–∞–Ω–∞,500,,"34,00 –≥—Ä–Ω.","0,00 –≥—Ä–Ω.",,
15,VODA ua –Ω–µ–≥–∞–∑–æ–≤–∞–Ω–∞ —É —Å–∫–ª—ñ,400,,"55,00 –≥—Ä–Ω.","0,00 –≥—Ä–Ω.",,
16,VODA ua –Ω–µ–≥–∞–∑–æ–≤–∞–Ω–∞ —É –ø–ª–∞—Å—Ç–∏–∫—É 330 –º–ª,330,,"24,00 –≥—Ä–Ω.","0,00 –≥—Ä–Ω.",,
17,–í–æ–¥–∞ –∑ –ª–∏–º–æ–Ω–æ–º —Ç–∞ –º'—è—Ç–æ—é,1000,,"42,00 –≥—Ä–Ω.","0,00 –≥—Ä–Ω.",,
18,–ì–ª—ñ–Ω—Ç–≤–µ–π–Ω,200,,"240,00 –≥—Ä–Ω.","0,00 –≥—Ä–Ω.",,
19,–ö–æ–º–ø–æ—Ç –§—Ä—É–∫—Ç–æ–≤–∏–π,1000,,"193,00 –≥—Ä–Ω.","0,00 –≥—Ä–Ω.",,
20,–£–∑–≤–∞—Ä,1000,,"137,00 –≥—Ä–Ω.","0,00 –≥—Ä–Ω.",,
21,–ú–æ—Ä—Å —è–≥—ñ–¥–Ω–∏–π,1000,,"240,00 –≥—Ä–Ω.","0,00 –≥—Ä–Ω.",,
22,–ñ—É—Ä–∞–≤–ª–∏–Ω–∏–π –º–æ—Ä—Å,1000,,"240,00 –≥—Ä–Ω.","0,00 –≥—Ä–Ω.",,
23,–õ–∏–º–æ–Ω–∞–¥ –ú–æ—Ö—ñ—Ç–æ –≤–ª–∞—Å–Ω–æ–≥–æ –ø—Ä–∏–≥–æ—Ç—É–≤–∞–Ω–Ω—è,1000,,"240,00 –≥—Ä–Ω.","0,00 –≥—Ä–Ω.",,
24,–õ–∏–º–æ–Ω–∞–¥ –¢–∞—Ä—Ö—É–Ω –≤–ª–∞—Å–Ω–æ–≥–æ –ø—Ä–∏–≥–æ—Ç—É–≤–∞–Ω–Ω—è,1000,,"240,00 –≥—Ä–Ω.","0,00 –≥—Ä–Ω.",,
25,–õ–∏–º–æ–Ω–∞–¥ –¶–∏—Ç—Ä—É—Å –≤–ª–∞—Å–Ω–æ–≥–æ –ø—Ä–∏–≥–æ—Ç—É–≤–∞–Ω–Ω—è,1000,,"240,00 –≥—Ä–Ω.","0,00 –≥—Ä–Ω.",,
26,–õ–∏–º–æ–Ω–∞–¥ –Ü–º–±–∏—Ä–Ω–∏–π –≤–ª–∞—Å–Ω–æ–≥–æ –ø—Ä–∏–≥–æ—Ç—É–≤–∞–Ω–Ω—è,1000,,"240,00 –≥—Ä–Ω.","0,00 –≥—Ä–Ω.",,
27,–õ–∏–º–æ–Ω–∞–¥ –û–≥—ñ—Ä–∫–æ–≤–∏–π –≤–ª–∞—Å–Ω–æ–≥–æ –ø—Ä–∏–≥–æ—Ç—É–≤–∞–Ω–Ω—è,1000,,"240,00 –≥—Ä–Ω.","0,00 –≥—Ä–Ω.",,
28,–õ–∏–º–æ–Ω–∞–¥ –õ—ñ—Å–æ–≤—ñ —è–≥–æ–¥–∏ –≤–ª–∞—Å–Ω–æ–≥–æ –ø—Ä–∏–≥–æ—Ç—É–≤–∞–Ω–Ω—è,1000,,"240,00 –≥—Ä–Ω.","0,00 –≥—Ä–Ω.",,
29,–õ–∏–º–æ–Ω–∞–¥ –ú–∞–Ω–≥–æ-–ú–∞—Ä–∞–∫—É–π—è –≤–ª–∞—Å–Ω–æ–≥–æ –ø—Ä–∏–≥–æ—Ç—É–≤–∞–Ω–Ω—è,1000,,"342,00 –≥—Ä–Ω.","0,00 –≥—Ä–Ω.",,
30,VODA ua –≥–∞–∑–æ–≤–∞–Ω–∞,500,,"34,00 –≥—Ä–Ω.","0,00 –≥—Ä–Ω.",,
31,VODA ua –≥–∞–∑–æ–≤–∞–Ω–∞ —É —Å–∫–ª—ñ,400,,"55,00 –≥—Ä–Ω.","0,00 –≥—Ä–Ω.",,
32,VODA ua –≥–∞–∑–æ–≤–∞–Ω–∞ —É –ø–ª–∞—Å—Ç–∏–∫—É 330 –º–ª,330,,"24,00 –≥—Ä–Ω.","0,00 –≥—Ä–Ω.",,
33,"–í–æ–¥–∞ –ú–æ—Ä—à–∏–Ω—Å—å–∫–∞ —Å–ª–∞–±–æ–≥–∞–∑–æ–≤–∞–Ω–∞ 500–º–ª, —à—Ç",500,,"34,00 –≥—Ä–Ω.","0,00 –≥—Ä–Ω.",,
34,"–í–æ–¥–∞ –ú–æ—Ä—à–∏–Ω—Å—å–∫–∞ —Å–∏–ª—å–Ω–æ–≥–∞–∑–æ–≤–∞–Ω–∞ 500–º–ª, —à—Ç",500,,"34,00 –≥—Ä–Ω.","0,00 –≥—Ä–Ω.",,
35,"–í–æ–¥–∞ –ú–æ—Ä—à–∏–Ω—Å—å–∫–∞ —É —Å–∫–ª—ñ –±–µ–∑ –≥–∞–∑—É 330 –º–ª, —à—Ç",330,,"55,00 –≥—Ä–Ω.","0,00 –≥—Ä–Ω.",,
36,"–í–æ–¥–∞ –ú–æ—Ä—à–∏–Ω—Å—å–∫–∞ —É —Å–∫–ª—ñ —Å–ª–∞–±–æ–≥–∞–∑–æ–≤–∞–Ω–∞ 330 –º–ª, —à—Ç",330,,"55,00 –≥—Ä–Ω.","0,00 –≥—Ä–Ω.",,
,–°–æ—É—Å–∏,,,,,,
1,"–°–æ—É—Å ""–ö–æ–Ω—å—è—á–Ω–æ-—Å–∏—Ä–Ω–∏–π"" (–∫–æ–Ω—å—è–∫, –≤–µ—Ä—à–∫–∏, —Å–∏—Ä –ü–∞—Ä–º–µ–∑–∞–Ω)",25,,"79,00 –≥—Ä–Ω.","0,00 –≥—Ä–Ω.",,
2,"–°–æ—É—Å ""–ö–æ–Ω—å—è—á–Ω–∏–π"" (–∫–æ–Ω—å—è–∫, —Ç–æ–º–∞—Ç–Ω–∞ –ø–∞—Å—Ç–∞, –ª–∏–º–æ–Ω, —Å–æ—É—Å —Å–æ—î–≤–∏–π, –æ–ª–∏–≤–∫–æ–≤–∞ –æ–ª—ñ—è)",25,,"37,00 –≥—Ä–Ω.","0,00 –≥—Ä–Ω.",,
3,"–°–æ—É—Å ""–í–æ—Ä—á–µ—Å—Ç–µ—Ä—Å—å–∫–∏–π –º–∞—Ä–∏–Ω–∞–¥"" (—Å–æ—É—Å –í–æ—Ä—á–µ—Å—Ç–µ—Ä, –ª–∏–º–æ–Ω, –æ–ª–∏–≤–∫–æ–≤–∞ –æ–ª—ñ—è)",25,,"48,00 –≥—Ä–Ω.","0,00 –≥—Ä–Ω.",,
4,"–°–æ—É—Å ""–û—Ä–µ–≥–∞–Ω–æ–≤–∏–π"" (–æ—Ü–µ—Ç –±–∞–ª—å–∑–∞–º—ñ—á–Ω–∏–π, –æ—Ä–µ–≥–∞–Ω–æ —Å–≤—ñ–∂–∏–π, –æ–ª–∏–≤–∫–æ–≤–∞ –æ–ª—ñ—è)",25,,"36,00 –≥—Ä–Ω.","0,00 –≥—Ä–Ω.",,
5,–°–æ—É—Å –Ω–∞ –æ—Å–Ω–æ–≤—ñ —Å–∏—Ä—É –ï–º–º–µ–Ω—Ç–∞–ª—å,25,,"70,00 –≥—Ä–Ω.","0,00 –≥—Ä–Ω.",,
6,–°–æ—É—Å —ñ–∑ —Ö—Ä–æ–Ω—É,25,,"30,00 –≥—Ä–Ω.","0,00 –≥—Ä–Ω.",,
7,"–°–æ—É—Å ""–ú–µ–¥–æ–≤–æ-–µ—Å—Ç—Ä–∞–≥–æ–Ω–æ–≤–∏–π"" (–æ—Ü–µ—Ç –ï—Å—Ç—Ä–∞–≥–æ–Ω, –º–µ–¥, —Å–æ—É—Å –í–æ—Ä—á–µ—Å—Ç–µ—Ä, –æ–ª—ñ—è –æ–ª–∏–≤–∫–æ–≤–∞)",25,,"36,00 –≥—Ä–Ω.","0,00 –≥—Ä–Ω.",,üçØ –ú–µ–¥ —Ç–∞ –ø—Ä–æ–¥—É–∫—Ç–∏ –∑ –Ω—å–æ–≥–æ
8,"–°–æ—É—Å ""–ë–∞–ª—å–∑–∞–º—ñ—á–Ω–∏–π"" (–æ—Ü–µ—Ç –ë–∞–ª—å–∑–∞–º—ñ—á–Ω–∏–π, —Å–æ—É—Å —Å–æ—î–≤–∏–π, –æ–ª—ñ—è —Å–æ–Ω—è—à–Ω–∏–∫–æ–≤–∞)",25,,"25,00 –≥—Ä–Ω.","0,00 –≥—Ä–Ω.",,
9,"–°–æ—É—Å ""–ß–∞—Å–Ω–∏–∫–æ–≤–∏–π"" (—á–∞—Å–Ω–∏–∫, –æ–ª—ñ—è —Å–æ–Ω—è—à–Ω–∏–∫–æ–≤–∞, –ª–∏–º–æ–Ω)",25,,"25,00 –≥—Ä–Ω.","0,00 –≥—Ä–Ω.",,üå∞ –ß–∞—Å–Ω–∏–∫ —Ç–∞ –ø—Ä–æ–¥—É–∫—Ç–∏ –∑ –Ω—å–æ–≥–æ
10,"–°–æ—É—Å ""–ö–æ–∫—Ç–µ–π–ª—å"" (–∫–æ–Ω—å—è–∫, —Å–æ—É—Å –∫–µ—Ç—á—É–ø, –º–∞–π–æ–Ω–µ–∑)",50,,"36,00 –≥—Ä–Ω.","0,00 –≥—Ä–Ω.",,
11,"–°–æ—É—Å ""–ü—ñ–∫–∞–Ω—Ç–Ω–∏–π"" (—Ç–æ–º–∞—Ç–Ω–∞ –ø–∞—Å—Ç–∞, —Å–æ—É—Å —Å–æ—î–≤–∏–π, —á–∞—Å–Ω–∏–∫, –ø–µ—Ç—Ä—É—à–∫–∞ —Å–≤—ñ–∂–∞)",50,,"36,00 –≥—Ä–Ω.","0,00 –≥—Ä–Ω.",,üå∞ –ß–∞—Å–Ω–∏–∫ —Ç–∞ –ø—Ä–æ–¥—É–∫—Ç–∏ –∑ –Ω—å–æ–≥–æ
12,–°–æ—É—Å —Ç–∞—Ä—Ç–∞—Ä,50,,"35,00 –≥—Ä–Ω.","0,00 –≥—Ä–Ω.",,
13,–°–æ—É—Å –∫–∞—Ä—Ä—ñ,50,,"35,00 –≥—Ä–Ω.","0,00 –≥—Ä–Ω.",,
14,–°–æ—É—Å BBQ,50,,"35,00 –≥—Ä–Ω.","0,00 –≥—Ä–Ω.",,üå∞ –ß–∞—Å–Ω–∏–∫ —Ç–∞ –ø—Ä–æ–¥—É–∫—Ç–∏ –∑ –Ω—å–æ–≥–æ
15,–°–æ—É—Å —Å–º–µ—Ç–∞–Ω–Ω–æ-—á–∞—Å–Ω–∏–∫–æ–≤–∏–π,50,,"53,00 –≥—Ä–Ω.","0,00 –≥—Ä–Ω.",,üå∞ –ß–∞—Å–Ω–∏–∫ —Ç–∞ –ø—Ä–æ–¥—É–∫—Ç–∏ –∑ –Ω—å–æ–≥–æ
16,–•—Ä—ñ–Ω,50,,"33,00 –≥—Ä–Ω.","0,00 –≥—Ä–Ω.",,
17,–ì—ñ—Ä—á–∏—Ü—è,50,,"33,00 –≥—Ä–Ω.","0,00 –≥—Ä–Ω.",,
18,–ö–µ—Ç—á—É–ø,50,,"33,00 –≥—Ä–Ω.","0,00 –≥—Ä–Ω.",,
19,–ê–¥–∂–∏–∫–∞,50,,"62,00 –≥—Ä–Ω.","0,00 –≥—Ä–Ω.",,
,–°–µ–∑–æ–Ω–Ω—ñ –ø–æ–∑–∏—Ü—ñ—ó,,,,,,
1,–ü–∞–Ω–∞-–∫–æ—Ç–∞ –∑ –ø–æ–ª—É–Ω–∏—Ü–µ—é,120,,"69,00 –≥—Ä–Ω.","0,00 –≥—Ä–Ω.",,
2,–¢–∏—Ä–∞–º—ñ—Å—É –∑ –ø–æ–ª—É–Ω–∏—Ü–µ—é,120,,"97,00 –≥—Ä–Ω.","0,00 –≥—Ä–Ω.",,
3,–ü–æ–ª—É–Ω–∏—á–Ω–∏–π —á—ñ–∑–∫–µ–π–∫ —ñ–∑ –º–∏–≥–¥–∞–ª—å–Ω–∏–º–∏ –ø–ª–∞—Å—Ç—ñ–≤—Ü—è–º–∏,120,,"113,00 –≥—Ä–Ω.","0,00 –≥—Ä–Ω.",,ü•ú –ì–æ—Ä—ñ—Ö–∏ —Ç–∞ –ø—Ä–æ–¥—É–∫—Ç–∏ –∑ –Ω–∏—Ö
4,–ì–∞—Ä–±—É–∑–æ–≤–∞ –ø–∞–Ω–∞–∫–æ—Ç–∞,120,,"97,00 –≥—Ä–Ω.","0,00 –≥—Ä–Ω.",,
5,–ú–ª–∏–Ω—Ü—ñ –∑ –ø–æ–ª—É–Ω–∏—Ü–µ—é,150,,"65,00 –≥—Ä–Ω.","0,00 –≥—Ä–Ω.",,
,–°—Ç—Ä–∞–≤–∏ –Ω–∞ –•–µ–ª–ª–æ–≤—ñ–Ω –¢–Ü–õ–¨–ö–ò –ù–ê –ö–ï–ô–¢–ï–†–Ü–ù–ì (–î–û–°–¢–ê–í–ö–ê –ó –ù–ê–ö–†–ò–¢–¢–Ø–ú/–û–ë–°–õ–£–ì–û–í–£–í–ê–ù–ù–Ø),,,,,,
,–•–æ–ª–æ–¥–Ω—ñ –∑–∞–∫—É—Å–∫–∏,,,,,,
1,–ú—É–º—ñ—è –≤ —Ç—ñ—Å—Ç—ñ –∑ –æ—á–∏–º–∞,75,,"66,00 –≥—Ä–Ω.","0,00 –≥—Ä–Ω.",,
2,–ì–∞—Å–ø–∞—á–æ —É —à–ø—Ä–∏—Ü—ñ –¥–æ –º'—è—Å–∞,70,,"66,00 –≥—Ä–Ω.","0,00 –≥—Ä–Ω.",,
3,–ù–∞—á–æ—Å–∏ –∑ –≥—É–∞–∫–∞–º–æ–ª–µ —É –≥–∞—Ä–±—É–∑—ñ,55/30,,"119,00 –≥—Ä–Ω.","0,00 –≥—Ä–Ω.",,
4,–ü–∞–ª—å—Ü—ñ,15,,"31,00 –≥—Ä–Ω.","0,00 –≥—Ä–Ω.",,ü•ú –ì–æ—Ä—ñ—Ö–∏ —Ç–∞ –ø—Ä–æ–¥—É–∫—Ç–∏ –∑ –Ω–∏—Ö
5,–¢–∞—Ä—Ç–∞–ª–µ—Ç–∫–∞ –∑ –º—É—Å–æ–º –≥–∞—Ä–±—É–∑–∞ —Ç–∞ –ø–∞–≤—É—á–∫–æ–º,40,,"45,00 –≥—Ä–Ω.","0,00 –≥—Ä–Ω.",,
6,–ü—Ä–æ—Ñ—ñ—Ç—Ä–æ–ª—å (–æ–∫–æ –•–µ–ª–ª–æ–≤—ñ–Ω—É),35,,"65,00 –≥—Ä–Ω.","0,00 –≥—Ä–Ω.",,
,–°–∞–ª–∞—Ç–∏,,,,,,
1,"–°–∞–ª–∞—Ç ""–ë—ñ–ª–æ—á–∫–∞"" —É —Ñ–æ—Ä–º—ñ –≥–∞—Ä–±—É–∑–∞",50,,"59,00 –≥—Ä–Ω.","0,00 –≥—Ä–Ω.",,üå∞ –ß–∞—Å–Ω–∏–∫ —Ç–∞ –ø—Ä–æ–¥—É–∫—Ç–∏ –∑ –Ω—å–æ–≥–æ
,–ì–∞—Ä—è—á—ñ —Å—Ç—Ä–∞–≤–∏,,,,,,
1,"–ö–∞—á–∏–Ω—ñ –Ω—ñ–∂–∫–∏ —Å—É-–≤—ñ–¥, —Ç–æ–º–ª–µ–Ω—ñ –∑ –∞–ø–µ–ª—å—Å–∏–Ω–æ–º —Ç–∞ –∑–∞–ø–µ—á–µ–Ω–∏–º –ø–µ—Ä—Ü–µ–º —É –≥–∞—Ä–±—É–∑—ñ.",250/1000,,"613,00 –≥—Ä–Ω.","0,00 –≥—Ä–Ω.",,
2,–ö—É—Ä—è—á—ñ –≥–æ–º—ñ–ª–∫–∏ —Ñ—Ä—ñ –∑ –∫—É–∫—É—Ä—É–¥–∑–æ—é —Å—É-–≤—ñ–¥ —Ç–∞ —Å–∏—Ä–Ω–∏–º —Å–æ—É—Å–æ–º,200,,"402,00 –≥—Ä–Ω.","0,00 –≥—Ä–Ω.",,
3,"–†–µ–±—Ä–æ —Å–≤–∏–Ω–∏–Ω–∏ —Å—É-–≤—ñ–¥ –∑ –∫–∞—Ä—Ç–æ–ø–ª–µ—é —Ñ—Ä—ñ, –ø–∞—Ä–º–µ–∑–∞–Ω–æ–º —Ç–∞ —Ç—Ä—é—Ñ–µ–ª—å–Ω–æ—é –º–∞—Å–ª–æ–º",250,,"527,00 –≥—Ä–Ω.","0,00 –≥—Ä–Ω.",,
4,–ó–∞–ø–µ—á–µ–Ω–∏–π –≥–∞—Ä–±—É–∑ –∑ —è–±–ª—É–Ω–µ–≤–∏–º –∫–æ–Ω—Ñ—ñ —ñ —á–æ—Ä–Ω–∏–º –ø–∞–≤—É—Ç–∏–Ω–Ω—è–º,40,,"77,00 –≥—Ä–Ω.","0,00 –≥—Ä–Ω.",,
