,–•–æ–ª–æ–¥–Ω—ñ –∑–∞–∫—É—Å–∫–∏,,,,,,
‚Ññ –ø/–ø,–ù–∞–∑–≤–∞,"–í–∏—Ö—ñ–¥ –Ω–∞ —Å—Ç—ñ–ª, –ø–æ—Ä—Ü—ñ—è/–≤–∞–≥–∞, –≥—Ä.",–ö—ñ–ª-—Å—Ç—å –ø–æ—Ä—Ü—ñ–π,"–¶—ñ–Ω–∞, –≥—Ä–Ω","–°—É–º–∞, –≥—Ä–Ω",,
,–•–æ–ª–æ–¥–Ω—ñ —Ä–∏–±–Ω—ñ –∑–∞–∫—É—Å–∫–∏,,,,,,
1,–ù—ñ–∂–Ω–µ —Ñ—ñ–ª–µ —Å–ª–∞–±–æ—Å–æ–ª–µ–Ω–æ–≥–æ –ª–æ—Å–æ—Å—è –∑ –æ–ª—ñ—é —Ç–∞ –∫—Ä—ñ–ø–æ–º,150,,"865,00 –≥—Ä–Ω.","0,00 –≥—Ä–Ω.",,
2,"–ê—Å–æ—Ä—Ç—ñ ""–†–∏–±–Ω–∞ —Å–∏–º—Ñ–æ–Ω—ñ—è"": —Ñ—ñ–ª–µ –ª–æ—Å–æ—Å—è —Å/—Å, –º–∞—Å–ª—è–Ω–∞ —Å/—Å, –º–ª–∏–Ω—Ü—ñ –∑ –ª–æ—Å–æ—Å–µ–≤–æ—é —ñ–∫—Ä–æ—é",210,,"991,00 –≥—Ä–Ω.","0,00 –≥—Ä–Ω.",,
3,–û—Å–µ–ª–µ–¥–µ—Ü—å –∑ –∫–∞—Ä—Ç–æ–ø–ª–µ—é —ñ —á–µ—Ä–≤–æ–Ω–æ—é —Ü–∏–±—É–ª–µ—é,150,,"261,00 –≥—Ä–Ω.","0,00 –≥—Ä–Ω.",,
4,–°—å–æ–º–≥–∞ —Å/—Å,100,,"624,00 –≥—Ä–Ω.","0,00 –≥—Ä–Ω.",,
5,–ú–∞—Å–ª—è–Ω–∞ —Ö/–∫,100,,"580,00 –≥—Ä–Ω.","0,00 –≥—Ä–Ω.",,
6,–û—Å–µ–ª–µ–¥–µ—Ü—å —ñ—Å–ø–∞–Ω—Å—å–∫–∏–π —É –≤–∏–Ω–Ω–æ–º—É —Å–æ—É—Å—ñ,100,,"114,00 –≥—Ä–Ω.","0,00 –≥—Ä–Ω.",,
7,–û—Å–µ–ª–µ–¥–µ—Ü—å –Ω–æ—Ä–≤–µ–∑—å–∫–∏–π –∑ —Ü–∏–±—É–ª–µ—é,100,,"186,00 –≥—Ä–Ω.","0,00 –≥—Ä–Ω.",,
8,"–ó–∞–∫—É—Å–∫–∞ –∑ –∞–≤–æ–∫–∞–¥–æ, –ø–æ–º—ñ–¥–æ—Ä—ñ–≤ —Ç–∞ —Ç–∏–≥—Ä–æ–≤–∏—Ö –∫—Ä–µ–≤–µ—Ç–æ–∫",150/80,,"1¬†101,00 –≥—Ä–Ω.","0,00 –≥—Ä–Ω.",,üçØ –ú–µ–¥ —Ç–∞ –ø—Ä–æ–¥—É–∫—Ç–∏ –∑ –Ω—å–æ–≥–æ
,–•–æ–ª–æ–¥–Ω—ñ –º'—è—Å–Ω—ñ –∑–∞–∫—É—Å–∫–∏,,,,,,
1,"–¢–∞—Ä—ñ–ª–∫–∞ —Å–∞–ª–∞ (–≥–µ–Ω–µ—Ä–∞–ª—å—Å—å–∫–µ —Å–∞–ª–æ, –º–∞—Ä–∏–Ω–æ–≤–∞–Ω–µ —Å–∞–ª–æ, –∫–æ–ø—á–µ–Ω–µ —Å–∞–ª–æ)",200,,"268,00 –≥—Ä–Ω.","0,00 –≥—Ä–Ω.",,
2,"""–ú'—è—Å–Ω–∞ —Å–∏–º—Ñ–æ–Ω—ñ—è"" (–∫–æ–≤–±–∞—Å–∞ –¥–æ–º–∞—à–Ω—è, –∫—Ä–æ–≤'—è–Ω–∫–∞, –±—É–∂–µ–Ω–∏–Ω–∞, –æ–∫—ñ—Å—Ç –∫—É—Ä—è—á–∏–π, —Ç–µ–ª—è—Ç–∏–Ω–∞)",100,,"275,00 –≥—Ä–Ω.","0,00 –≥—Ä–Ω.",,üå∞ –ß–∞—Å–Ω–∏–∫ —Ç–∞ –ø—Ä–æ–¥—É–∫—Ç–∏ –∑ –Ω—å–æ–≥–æ
3,"–î–æ–º–∞—à–Ω—î –º'—è—Å–Ω–µ –∞—Å–æ—Ä—Ç—ñ (–±—É–∂–µ–Ω–∏–Ω–∞, —Ä—É–ª–µ—Ç –∫—É—Ä—è—á–∏–π, –¥–æ–º–∞—à–Ω—è –∫–æ–≤–±–∞—Å–∞, —Ö—Ä—ñ–Ω, –≥—ñ—Ä—á–∏—Ü—è)",150/65,,"302,00 –≥—Ä–Ω.","0,00 –≥—Ä–Ω.",,
4,"–ê—Å–æ—Ä—Ç—ñ –º'—è—Å–Ω–µ (–∫–æ–≤–±–∞—Å–∞ —Å/–∫, –±–∞–ª–∏–∫ —Å/–∫, –±–µ–∫–æ–Ω, –ø–æ–º—ñ–¥–æ—Ä –ß–µ—Ä—Ä—ñ, –∑–µ–ª–µ–Ω—å)",150/25,,"384,00 –≥—Ä–Ω.","0,00 –≥—Ä–Ω.",,
5,"–ú'—è—Å–Ω–µ –∞—Å–æ—Ä—Ç—ñ 2 (–ü–∞—Ä–º—Å—å–∫–∏–π –æ–∫—ñ—Å—Ç, –ú'—è—Å–æ –ß–æ—Ä—ñ–∑–æ, –•–∞–º–æ–Ω, –°–∞–ª—è–º—ñ)",150/20,,"854,00 –≥—Ä–Ω.","0,00 –≥—Ä–Ω.",,
6,"–ú'—è—Å–Ω–µ –∞—Å–æ—Ä—Ç—ñ 3 (–ë—Ä–µ–∑–∞–æ–ª–ª–∞, –ë–∞—Å—Ç—É—Ä–º–∞, –ú–∞—Ö–∞–Ω–∞, —Ñ—ñ–ª–µ –∫–æ–ø—á–µ–Ω–µ –∫—É—Ä—è—á–µ, –ø–æ–º—ñ–¥–æ—Ä –ß–µ—Ä—ñ, –∑–µ–ª–µ–Ω—å)",250,,"823,00 –≥—Ä–Ω.","0,00 –≥—Ä–Ω.",,
7,–†–æ–ª–∏ –∑ —à–∏–Ω–∫–∏ –∑ –º—É—Å–æ–º —ñ–∑ —Å–∏—Ä—É –§—ñ–ª–∞–¥–µ–ª—å—Ñ—ñ—è,100,,"226,00 –≥—Ä–Ω.","0,00 –≥—Ä–Ω.",,
8,–†—É–ª–µ—Ç –∑—ñ —Å–≤–∏–Ω–∏–Ω–∏ –∑ —á–æ—Ä–Ω–æ—Å–ª–∏–≤–æ–º,100,,"385,00 –≥—Ä–Ω.","0,00 –≥—Ä–Ω.",,
9,–†–æ—Å—Ç–±—ñ—Ñ,100,,"435,00 –≥—Ä–Ω.","0,00 –≥—Ä–Ω.",,
10,–ë—É–∂–µ–Ω–∏–Ω–∞,100,,"194,00 –≥—Ä–Ω.","0,00 –≥—Ä–Ω.",,
11,"–°—Ç—É–¥–µ–Ω—å –∞—Å–æ—Ä—Ç—ñ: —Ç–µ–ª—è—Ç–∏–Ω–∞, –∫—É—Ä–∫–∞, –∫—Ä–æ–ª–∏–∫, —Å–≤–∏–Ω—è—á–∞ –≥–æ–º—ñ–ª–∫–∞, —Ö—Ä—ñ–Ω, –≥—ñ—Ä—á–∏—Ü—è",250,,"478,00 –≥—Ä–Ω.","0,00 –≥—Ä–Ω.",,
12,"–¢–æ—Ä—Ç –ø–µ—á—ñ–Ω–∫–æ–≤–∏–π, –º–ª–∏–Ω—Ü–µ–≤–∏–π",100,,"155,00 –≥—Ä–Ω.","0,00 –≥—Ä–Ω.",,
13,–ö—É—Ä—è—á–∏–π –ø–∞—à—Ç–µ—Ç —ñ–∑ –∫—é–ª—ñ –∑ –º–∞–Ω–≥–æ,80,,"119,00 –≥—Ä–Ω.","0,00 –≥—Ä–Ω.",,üå∂Ô∏è –ü–µ—Ä–µ—Ü—å –≥–æ—Å—Ç—Ä–∏–π  —Ç–∞ –ø—Ä–æ–¥—É–∫—Ç–∏ –∑ –Ω—å–æ–≥–æ
14,–ú—ñ–Ω—ñ –∑–∞–ª–∏–≤–Ω–µ –∑ –≤–µ—Ä—à–∫–æ–≤–∏–º —Ö—Ä—ñ–Ω–æ–º,110,,"146,00 –≥—Ä–Ω.","0,00 –≥—Ä–Ω.",,
,"–û–≤–æ—á–µ–≤—ñ –∑–∞–∫—É—Å–∫–∏, —Å–∏—Ä–∏ —Ç–∞ –º–∞—Ä–∏–Ω–∞–¥–∏",,,,,,
1,"–ê—Å–æ—Ä—Ç—ñ –µ–ª—ñ—Ç–Ω–∏—Ö —Å–∏—Ä—ñ–≤: —Å–∏—Ä –†–æ–∫—Ñ–æ—Ä, —Å–∏—Ä –ü–∞—Ä–º–µ–∑–∞–Ω, —Å–∏—Ä –ö–∞–º–∞–º–±–µ—Ä, –º–µ–¥, –≥—Ä–∏—Å—ñ–Ω—ñ, –≤–∏–Ω–æ–≥—Ä–∞–¥",150/75,,"819,00 –≥—Ä–Ω.","0,00 –≥—Ä–Ω.",,üçØ –ú–µ–¥ —Ç–∞ –ø—Ä–æ–¥—É–∫—Ç–∏ –∑ –Ω—å–æ–≥–æ
2,"–°–∏—Ä–Ω–∞ –∫–æ–Ω–∫–µ—Å–∞ (—Å–∏—Ä–∏: –ë—Ä—ñ, –†–æ–∫—Ñ–æ—Ä, –î–∞–Ω–∞–±–ª—é, –ü–∞—Ä–º–µ–∑–∞–Ω, –ú–∞–∞—Å–¥–∞–º, –≤–∏–Ω–æ–≥—Ä–∞–¥, –º–∏–≥–¥–∞–ª—å–Ω–∏–π –≥–æ—Ä—ñ—Ö, –º–µ–¥, –º'—è—Ç–∞)",200/50,,"897,00 –≥—Ä–Ω.","0,00 –≥—Ä–Ω.",,"üçØ –ú–µ–¥, ü•ú –ì–æ—Ä—ñ—Ö–∏ —Ç–∞ –ø—Ä–æ–¥—É–∫—Ç–∏ –∑ –Ω–∏—Ö"
3,"–°–∏—Ä–Ω–∞ –∫–æ–Ω–∫–µ—Å–∞: —Å–∏—Ä –ì–æ–ª–ª–∞–Ω–¥—Å—å–∫–∏–π, —Å–∏—Ä –ï–¥–∞–º, —Å–∏—Ä –ú–∞–∞—Å–¥–∞–º, —Å–∏—Ä –ê–¥–∏–≥–µ–π—Å—å–∫–∏–π, —Å–∏—Ä –ß–µ—á—ñ–ª, –ø–æ–º—ñ–¥–æ—Ä—á–∏–∫ —á–µ—Ä—ñ, –º'—è—Ç–∞, –º–µ–¥",200/50,,"454,00 –≥—Ä–Ω.","0,00 –≥—Ä–Ω.",,üçØ –ú–µ–¥ —Ç–∞ –ø—Ä–æ–¥—É–∫—Ç–∏ –∑ –Ω—å–æ–≥–æ
4,"–°–∏—Ä–Ω–∞ –∫–æ–Ω–∫–µ—Å–∞ (—Å–∏—Ä–∏: Basilico, –ú–∞—Ä–º—É—Ä–æ–≤–∏–π, –ï–¥–∞–º, –†–∞–¥–æ–º–µ—Ä, –ì–æ–ª–ª–∞–Ω–¥—Å—å–∫–∏–π, –º–∏–≥–¥–∞–ª—å–Ω–∏–π –≥–æ—Ä—ñ—Ö, –≤–∏–Ω–æ–≥—Ä–∞–¥, –º–µ–¥, –º'—è—Ç–∞)",200/50,,"612,00 –≥—Ä–Ω.","0,00 –≥—Ä–Ω.",,"üçØ –ú–µ–¥, ü•ú –ì–æ—Ä—ñ—Ö–∏ —Ç–∞ –ø—Ä–æ–¥—É–∫—Ç–∏ –∑ –Ω–∏—Ö"
5,"–ê—Å–æ—Ä—Ç—ñ –±—ñ–ª–∏—Ö (—Ä–æ–∑—Å–æ–ª—å–Ω–∏—Ö) —Å–∏—Ä—ñ–≤ (–°—É–ª—É–≥—É–Ω—ñ, –ë—Ä–∏–Ω–∑–∞, –ú–æ—Ü–∞—Ä–µ–ª–ª–∞, –º–µ–¥, —Å—É—Ö–æ—Ñ—Ä—É–∫—Ç–∏)",150/70,,"425,00 –≥—Ä–Ω.","0,00 –≥—Ä–Ω.",,üçØ –ú–µ–¥ —Ç–∞ –ø—Ä–æ–¥—É–∫—Ç–∏ –∑ –Ω—å–æ–≥–æ
6,"–ë—É–∫–µ—Ç ""–ê—Ä–æ–º–∞—Ç–∏ –∑–µ–ª–µ–Ω—ñ"": –ø–µ—Ç—Ä—É—à–∫–∞, –∫—Ä—ñ–ø, –±–∞–∑–∏–ª—ñ–∫, –∫–∏–Ω–∑–∞, —Ü–∏–±—É–ª—è –∑–µ–ª–µ–Ω–∞, –º'—è—Ç–∞, –ª–æ–ª–ª–æ —Ä–æ—Å—Å–∞",100,,"154,00 –≥—Ä–Ω.","0,00 –≥—Ä–Ω.",,
7,"–û–≤–æ—á–µ–≤–∞ –Ω–∞—Ä—ñ–∑–∫–∞: –ø–æ–º—ñ–¥–æ—Ä–∏, –æ–≥—ñ—Ä–∫–∏, –ø–µ—Ä–µ—Ü—å –±–æ–ª–≥–∞—Ä—Å—å–∫–∏–π, —Ü–∏–±—É–ª—è –∑–µ–ª–µ–Ω–∞, –ª–∏—Å—Ç —Å–∞–ª–∞—Ç—É",200,,"217,00 –≥—Ä–Ω.","0,00 –≥—Ä–Ω.",,
8,"–ö–∞–≤–∫–∞–∑—å–∫–∞ –≥–æ—Å—Ç–∏–Ω–Ω—ñ—Å—Ç—å (–æ–≤–æ—á—ñ, —Å–∏—Ä –ë—Ä–∏–Ω–∑–∞, –∑–µ–ª–µ–Ω—å, —Å–æ—É—Å–∏ –±—ñ–ª—ñ —Ç–∞ —á–µ—Ä–≤–æ–Ω—ñ, —Ö–ª—ñ–±)",2000,,"2¬†001,00 –≥—Ä–Ω.","0,00 –≥—Ä–Ω.",,
9,–ü–∞—à—Ç–µ—Ç –∑ —ñ–Ω–¥–∏—á–∫–∏ –≤ –≥–æ—Ä—ñ—Ö–æ–≤—ñ–π –ø–∞–Ω—ñ—Ä–æ–≤—Ü—ñ (5 –∫—É–ª—å–æ–∫),140,,"508,00 –≥—Ä–Ω.","0,00 –≥—Ä–Ω.",,"üå∞ –ß–∞—Å–Ω–∏–∫, ü•ú –ì–æ—Ä—ñ—Ö–∏ —Ç–∞ –ø—Ä–æ–¥—É–∫—Ç–∏ –∑ –Ω–∏—Ö"
10,–ö—ñ—à –ª–æ—Ä–µ–Ω –∑ –ª–æ—Å–æ—Å–µ–º,1350,,"1¬†253,00 –≥—Ä–Ω.","0,00 –≥—Ä–Ω.",,
11,–ö—ñ—à –ª–æ—Ä–µ–Ω –∑—ñ —à–ø–∏–Ω–∞—Ç–æ–º —Ç–∞ —Å–∏—Ä–æ–º ,1350,,"1¬†079,00 –≥—Ä–Ω.","0,00 –≥—Ä–Ω.",,
12,–ö—ñ—à –ª–æ—Ä–µ–Ω –∑ –∫—É—Ä–∫–æ—é —Ç–∞ –≥—Ä–∏–±–∞–º–∏,1350,,"1¬†171,00 –≥—Ä–Ω.","0,00 –≥—Ä–Ω.",,
13,"–†—É–ª–µ—Ç–∏–∫–∏ –∑ –±–∞–∫–ª–∞–∂–∞–Ω—É –∑ –ø–∞—Å—Ç–æ—é –∑ –≤–æ–ª–æ—Å—å–∫–æ–≥–æ –≥–æ—Ä—ñ—Ö–∞, —Å–∏—Ä—É —Ç–∞ —á–∞—Å–Ω–∏–∫—É.",80/50/5,,"201,00 –≥—Ä–Ω.","0,00 –≥—Ä–Ω.",,"üå∞ –ß–∞—Å–Ω–∏–∫, ü•ú –ì–æ—Ä—ñ—Ö–∏ —Ç–∞ –ø—Ä–æ–¥—É–∫—Ç–∏ –∑ –Ω–∏—Ö"
14,–†—É–ª–µ—Ç–∏–∫–∏ –∑ –±–∞–∫–ª–∞–∂–∞–Ω—É –∑ –∫–æ—Ä–µ–π—Å—å–∫–æ—é –º–æ—Ä–∫–≤–æ—é,15/15/5,,"55,00 –≥—Ä–Ω.","0,00 –≥—Ä–Ω.",,
15,–†—É–ª–µ—Ç–∏–∫–∏ –∑ –º–ª–∏–Ω—Ü—ñ–≤ –∑ –Ω–∞—á–∏–Ω–∫–æ—é –∑ —à–∏–Ω–∫–∏ —Ç–∞ —Å–∏—Ä—É –ï–¥–∞–º,50/45,,"103,00 –≥—Ä–Ω.","0,00 –≥—Ä–Ω.",,
16,"–†—É–ª–µ—Ç–∏–∫–∏ –∑ –ª–∞–≤–∞—à–∞ –∑ –Ω–∞—á–∏–Ω–∫–æ—é –∑ –ª–æ—Å–æ—Å—è —Ç–∞ –≤–µ—Ä—à–∫–æ–≤–æ–≥–æ —Å–∏—Ä—É, –∑–µ–ª–µ–Ω—ñ.",20/35,,"119,00 –≥—Ä–Ω.","0,00 –≥—Ä–Ω.",,
17,–Ü—Å–ø–∞–Ω—Å—å–∫—ñ –æ–ª–∏–≤–∫–∏ —Ç–∞ –º–∞—Å–ª–∏–Ω–∏ –Ω–∞ –ª–∏—Å—Ç—ñ —Å–∞–ª–∞—Ç—É,100,,"348,00 –≥—Ä–Ω.","0,00 –≥—Ä–Ω.",,
18,"–õ—ñ—Å–æ–≤—ñ –≥—Ä–∏–±–æ—á–∫–∏ –º–∞—Ä–∏–Ω–æ–≤–∞–Ω—ñ –∑ —á–µ—Ä–≤–æ–Ω–æ—é —Ü–∏–±—É–ª–µ—é —Ç–∞ –∂—É—Ä–∞–≤–ª–∏–Ω–æ—é (–º–∞—Ä–∏–Ω–æ–≤–∞–Ω—ñ –º–∞—Å–ª—é–∫–∏, –±—ñ–ª—ñ –≥—Ä–∏–±–∏, –æ–ø–µ–Ω—å–∫–∏)",100/20,,"234,00 –≥—Ä–Ω.","0,00 –≥—Ä–Ω.",,
19,"–°–æ–ª—ñ–Ω–Ω—è –ø–æ-—Å—Ç–∞—Ä–æ—É–∫—Ä–∞—ó–Ω—Å—å–∫–∏: –∫–∞–ø—É—Å—Ç–∞ —Å–æ–ª–æ–Ω–∞, –æ–≥—ñ—Ä–æ—á–∫–∏ —Ç–∞ –ø–æ–º—ñ–¥–æ—Ä–∏ –º–∞—Ä–∏–Ω–æ–≤–∞–Ω—ñ, –æ–ª—ñ—è —Ä–æ—Å–ª–∏–Ω–Ω–∞, –∑–µ–ª–µ–Ω—å",200/20,,"177,00 –≥—Ä–Ω.","0,00 –≥—Ä–Ω.",,
20,"–ê—Å–æ—Ä—Ç—ñ ""–ö–æ—Ä–µ–π—Å—å–∫–∏–π –º–∞—Ä–∏–Ω–∞–¥"" 2: –º–æ—Ä–∫–≤–∞ –ø–æ-–∫–æ—Ä–µ–π—Å—å–∫–∏, –∫–∞–ø—É—Å—Ç–∞ –ø–æ-–∫–æ—Ä–µ–π—Å—å–∫–∏, –≥—Ä–∏–±–∏ –ø–æ-–∫–æ—Ä–µ–π—Å—å–∫–∏, –±–∞–∫–ª–∞–∂–∞–Ω –ø–æ-–∫–æ—Ä–µ–π—Å—å–∫–∏, —ñ–º–±–∏—Ä –º–∞—Ä–∏–Ω–æ–≤–∞–Ω–∏–π, —Ä–æ–∑–º–∞—Ä–∏–Ω",100,,"226,00 –≥—Ä–Ω.","0,00 –≥—Ä–Ω.",,
21,"–ë–∞–±—É—Å–∏–Ω—ñ –∑–∞–ø–∞—Å–∏: –º–∞—Ä–∏–Ω–æ–≤–∞–Ω–∏–π –ø–æ–º—ñ–¥–æ—Ä, –º–∞—Ä–∏–Ω–æ–≤–∞–Ω–∏–π –æ–≥—ñ—Ä–æ–∫, –º–∞—Ä–∏–Ω–æ–≤–∞–Ω–∞ –∫–∞–ø—É—Å—Ç–∞, –º–∞—Ä–∏–Ω–æ–≤–∞–Ω–∏–π –ø–µ—Ä–µ—Ü—å, –º–∞—Ä–∏–Ω–æ–≤–∞–Ω–∏–π —á–∞—Å–Ω–∏–∫, –∫—Ä—ñ–ø",150,,"372,00 –≥—Ä–Ω.","0,00 –≥—Ä–Ω.",,üå∞ –ß–∞—Å–Ω–∏–∫ —Ç–∞ –ø—Ä–æ–¥—É–∫—Ç–∏ –∑ –Ω—å–æ–≥–æ
,–¢–µ–º–∞—Ç–∏—á–Ω—ñ –∑–∞–∫—É—Å–∫–∏ : –ì–∞–≤–∞–π—Å—å–∫–∏–π —Å—Ç–∏–ª—å,,,,,,
1,"–°—É—à–∏—Ä—ñ—Ç—Ç–æ –∑ —Ç–æ—Ñ—É. –ù—ñ–∂–Ω–∏–π —Å–æ—î–≤–∏–π —Å–∏—Ä —Ç–æ—Ñ—É –∑–∞–∫—Ä—É—á–µ–Ω–∏–π –∑ —Å–∞–ª–∞—Ç–Ω–∏–º –º—ñ–∫—Å–æ–º —ñ —Å–æ–∫–æ–≤–∏—Ç–æ—é —á–µ—Ä–≤–æ–Ω–æ—é –∫–∞–ø—É—Å—Ç–æ—é, —Å—Ç–∏–≥–ª–∏–º –∞–≤–æ–∫–∞–¥–æ —ñ —Ü–∏–±—É–ª–µ—é –∫—Ä–∞–Ω—á. –í—Å–µ —Ü–µ –ø—Ä–∏–ø—Ä–∞–≤–ª–µ–Ω–æ —Å–æ—É—Å–æ–º –∞–π–æ–ª–∏ —ñ —Ç–µ–ø–ª–æ –æ–≥–æ—Ä–Ω—É—Ç–µ –∫–æ–≤–¥—Ä–æ—é –∑ —è–ø–æ–Ω—Å—å–∫–æ–≥–æ —Ä–∏—Å—É —Ç–∞ –Ω–æ—Ä—ñ.",330,,"289,00 –≥—Ä–Ω.","0,00 –≥—Ä–Ω.",,üå∞ –ß–∞—Å–Ω–∏–∫ —Ç–∞ –ø—Ä–æ–¥—É–∫—Ç–∏ –∑ –Ω—å–æ–≥–æ
